{
    "url": "https://www.gov.br/saude/pt-br/assuntos/noticias/2024/novembro/ministerio-da-saude-investe-em-acoes-de-qualificacao-para-cuidado-as-mulheres-negras",
    "titulo": "Ministério da Saúde investe em ações de qualificação para cuidado às mulheres negras",
    "descricao": "No Brasil, as três principais causas diretas de morte materna são hipertensão, hemorragia e infecções",
    "subtitulo": "SAÚDE DA POPULAÇÃO NEGRA",
    "categoria": "Saúde e Vigilância Sanitária",
    "autora": "Isabel AlvesMinistério da Saúde",
    "tags": [
        "atenção primária",
        "mortalidade materna",
        "saúde da população negra",
        "fiocruz"
    ],
    "data_publi": "25/11/2024",
    "texto": "Em evento virtual, a Fundação Oswaldo Cruz (Fiocruz), vinculada ao Ministério da Saúde, promoveu o “Diálogos para a Equidade: Saúde da Mulher Negra e 10 Passos”, para debater ações de prevenção à morte materna de mulheres negras.No Brasil, as três principais causas de morte materna são hipertensão, hemorragia e infecção. Cabe ressaltar que as altas taxas de cesariana contribuem de forma significativa para aumentar o risco de complicações ou a morbidade materna nesse contexto.\n\nContribuir para a redução da mortalidade materna no Brasil é focar em ações que abordem essas causas, apoiando as equipes locais na qualificação do cuidado às mulheres e na superação das barreiras encontradas para implementação do melhor cuidado, incluindo o racismo como questão transversal em todos os passos da organização do cuidado em rede.\n\nDados apresentados na pesquisa “Razão de Mortalidade Materna por Principais Grupos de Causas segundo Raça/Cor, Brasil - 2019 a 2022” indicam que as mulheres negras lideram índices. Risco de morte por aborto, 2 vezes maior entre as mulheres pretas e 3,7 nas indígenas, em relação às mulheres brancas. Por hemorragia, 1,7 maior nas mulheres pretas e 3,4 nas indígenas, em relação às mulheres brancas. Por síndromes hipertensivas, 2,8 vezes maior entre as mulheres pretas e 1,9 nas indígenas, em relação às mulheres brancas. As pardas apresentaram risco de 1,3.\n\nAlém dos dados, dez passos de cuidados obstétricos foram apresentados. Esses passos servem para nortear os cuidados e a redução da mortalidade. Entre eles, a garantia de encontros de qualidade, centrados nas necessidades de cada mulher, durante todos os contatos com os serviços de saúde; realização de triagem oportuna de infecções do trato geniturinário; identificação precoce de sinais de gravidade clínica materna e garantia de tratamento oportuno, além de oferecer treinamento às equipes de assistência regularmente, para o pronto reconhecimento e condução dos casos de urgências e emergências obstétricas.\n\nSegundo a Fiocruz, para reduzir a morte materna é necessário considerar as intersecções de raça/cor que resultam em mais casos entre as mulheres negras. O racismo institucional - demora na procura de atendimento e na instalação do cuidado adequado, as negligências e violências - produz dados que convocam a produzir novos olhares e fazeres sobre a mortalidade materna."
}