{
    "url": "https://www.gov.br/saude/pt-br/assuntos/noticias/2024/julho/conjuntivite-neonatal-diretriz-e-atualizada-com-novas-recomendacoes",
    "titulo": "Conjuntivite neonatal: diretriz é atualizada com novas recomendações",
    "descricao": "Ministério da Saúde emite Nota Técnica que orienta a substituição do nitrato de prata como profilaxia ocular",
    "subtitulo": "PREVENÇÃO",
    "categoria": "Saúde e Vigilância Sanitária",
    "autora": "Anna IungMinistério da Saúde",
    "tags": [
        "atenção primária",
        "conjuntivite",
        "neonatal",
        "nota técnica"
    ],
    "data_publi": "15/07/2024",
    "texto": "A conjuntivite neonatal (CN) é uma infecção ocular que acomete a conjuntiva de bebês no prazo de 24 horas até um mês após o nascimento. É uma causa significativa de cegueira infantil, especialmente em países de baixa e média renda, e é frequentemente provocada pela bactériaNeisseria gonorrhoeae, que pode ser transmitida durante o parto. Se não for tratada, a CN pode levar à perfuração da córnea e perda de visão em 24 horas após o nascimento.\n\nCom o objetivo de melhorar as formas de prevenção da doença, o Ministério da Saúde publicou aNota Técnica nº 11/2024que orienta a substituição do nitrato de prata 1% (NP) para prevenção da CN por iodopovidona a 2,5%, eritromicina 0,5% ou tetraciclina 1%, por serem mais eficazes na prevenção da oftalmia neonatal e causam menos irritação à conjuntiva do recém-nascido.\n\nQuando uma criança nasce, seja por parto normal (vaginal) ou cesárea, passa por uma série de cuidados imediatos que visam garantir sua saúde integral. Se saudável, a criança é colocada diretamente sobre o peito da mãe para o contato pele a pele, o que ajuda na estabilização da temperatura, da respiração e cria vínculo emocional entre mãe e recém-nascido. Recém-nascidos prematuros ou que necessitam de cuidados especiais são encaminhados para unidades de cuidados intensivos na UTI neonatal.\n\nA fim de prevenir a oftalmia neonatal, procede-se à profilaxia ocular, que consiste na aplicação de uma gota de nitrato de prata em cada olho da criança recém-nascida. No entanto, estudos recentes demonstraram que o nitrato de prata pode causar irritação nos olhos dos bebês, levando a desconforto e a possíveis complicações oculares. A nova diretriz é incentivada para que hospitais adotem protocolos que minimizem riscos e promovam o bem-estar dos bebês."
}