{
    "url": "https://www.gov.br/saude/pt-br/assuntos/noticias/2024/agosto/ministerio-da-saude-participa-do-forum-permanente-de-mulheres-quilombolas",
    "titulo": "Ministério da Saúde participa do Fórum Permanente de Mulheres Quilombolas",
    "descricao": "Em evento promovido pelo Ministério das Mulheres, pasta apresentou entregas previstas, entre elas a criação de uma política, um programa e um grupo de trabalho com foco em saúde quilombola",
    "subtitulo": "SAÚDE NOS QUILOMBOS",
    "categoria": "Saúde e Vigilância Sanitária",
    "autora": "Nadja Alves dos ReisMinistério da Saúde",
    "tags": [
        "secretaria executiva",
        "saúde digital",
        "quilombola",
        "telessaúde"
    ],
    "data_publi": "30/08/2024",
    "texto": "O Ministério da Saúde participou, esta semana, da2ª Reunião do Fórum Permanente de Mulheres Quilombolasdo Ministério das Mulheres. Com a participação de lideranças de diversas regiões do país, durante o evento, foram debatidas as demandas desse grupo populacional, com apresentação das propostas do governo federal para atender às suas demandas noSistema Único de Saúde (SUS).\n\nEntre as entregas previstas, estão a criação da Política Nacional de Saúde Integral da População Quilombola, do programa Mais Saúde nos Quilombos e a instalação do Grupo de Trabalho de Saúde Quilombola Graça Epifânio – o nome é uma homenagem póstuma à ativista e Coordenadora do Coletivo de Saúde da CONAQ, Maria das Graças Epifânio da Silva, que faleceu em julho deste ano.\n\nPara ampliar o acesso e diminuir vazios assistenciais nas comunidades remanescentes de quilombos, a saúde digital tem sido fortalecida. Em 2024, foi implementado o primeiro ponto de telessaúde em uma comunidade quilombola – instalado no quilombo Boa Vista, no Pará. A tecnologia também foi aliada na elaboração de uma cartografia dos territórios, com indicadores de saúde que permitem o monitoramento e implementação de novas ações.\n\nEssas ações reforçam o compromisso do governo federal no enfrentamento às desigualdades na saúde. Por isso, no ano passado, oministério criou a Estratégia Antirracista da Saúde, que está em processo de implementação, e elegeu as populações quilombolas como um dos seus públicos prioritários, cujos indicadores devem estar presentes em todos os programas e políticas de saúde.\n\nSobre o fórum\n\nEssa é a primeira vez que as mulheres quilombolas contam com um fórum permanente para o diálogo com o estado. Com acolhimento e escuta ativas das necessidades dos territórios, o Executivo pode planejar políticas públicas que vão ao encontro das reais necessidades dos territórios. O encontro contou com momentos de diálogo entre as pastas da Educação; Igualdade Racial; Desenvolvimento Agrário e Agricultura Familiar; Cultura; e de Direitos Humanos e Cidadania."
}