{
    "url": "https://www.gov.br/saude/pt-br/assuntos/noticias/2024/marco/ministerio-da-saude-lamenta-falecimento-da-idealizadora-do-programa-nacional-de-combate-a-aids-lair-guerra",
    "titulo": "Ministério da Saúde lamenta falecimento da idealizadora do Programa Nacional de Combate à Aids, Lair Guerra",
    "descricao": "",
    "subtitulo": "NOTA DE PESAR",
    "categoria": "Saúde e Vigilância Sanitária",
    "autora": "A Pasta se solidariza com os amigos e familiares de Lair Guerra.",
    "tags": [
        "nota de pesar",
        "programa nacional de combate à aids",
        "aids"
    ],
    "data_publi": "13/03/2024",
    "texto": "O Ministério da Saúde lamenta profundamente a morte da doutora Lair Guerra de Macedo Rodrigues, 81 anos, que ocorreu nesta quarta-feira (13). Lair é irmã do médico brasileiro Carlyle Guerra de Macedo, que presidiu a Organização Pan-Americana da Saúde (Opas) de 1983 até 1995.\n\nLair Guerra foi pioneira na construção de políticas públicas no Brasil para o enfrentamento da Aids, tendo sido nomeada para coordenar o programa do país para controle da doença na década de 80.\n\nSob a coordenação de Guerra, surgiram as campanhas nacionais de rádio, televisão e mídia impressa para informar a população e qualificar profissionais para o combate às DST/Aids. O trabalho da biomédica lhe rendeu a indicação ao Prêmio Nobel da Paz por tornar o programa brasileiro exemplo para o mundo.\n\nNascida no Piauí, a biomédica lecionou Microbiologia na Universidade Federal do Piauí (UFPI). Também foi professora da Universidade de Brasília (UnB). Ela fez pós-graduação no Centro de Controle de Doenças (CDC) em Atlanta, nos Estados Unidos."
}