{
    "url": "https://www.gov.br/saude/pt-br/assuntos/noticias/2024/novembro/em-forum-de-governadores-ministra-apresenta-avancos-do-programa-mais-acesso-a-especialistas",
    "titulo": "Em Fórum de Governadores, ministra apresenta avanços do Programa Mais Acesso a Especialistas",
    "descricao": "Durante encontro com gestores estaduais, Nísia Trindade também falou de medidas para controle da dengue",
    "subtitulo": "SAÚDE NOS ESTADOS",
    "categoria": "Saúde e Vigilância Sanitária",
    "autora": "Nathan VictorMinistério da Saúde",
    "tags": [
        "vigilância em saúde e ambiente",
        "arboviroses",
        "dengue",
        "fórum de governadores"
    ],
    "data_publi": "28/11/2024",
    "texto": "A ministra da Saúde, Nísia Trindade, reuniu-se, nesta quinta-feira (28), com chefes de governos estaduais no15º Fórum Nacional de Governadores, realizado em Brasília. Na oportunidade, ela detalhou o investimento feito noPrograma Mais Acesso a Especialistas. Todos os estados brasileiros além do Distrito Federal aderiram ao programa, lançado com o objetivo de ofertar tratamento integrado e fila única.\n\n“O programa é uma prioridade do nosso governo. O Brasil avançou muito naatenção primária, ainda que tenha tido problemas no governo anterior, mas a gente deseja chegar a 80% das nossas Equipes de Saúde da Família atendendo à nossa população. Isso é muito necessário. Fizemos todo um trabalho conjunto que resultou em planos de ação regional para atender a nossa população”, disse.\n\nA meta é realizar mais de 1 milhão de cirurgias eletivas por meio do programa até o ano de 2026. A proposta é que o paciente seja encaminhado a um serviço de saúde que realiza todas, ou a maioria, das consultas e exames de que precisa. A secretaria de saúde deverá supervisionar esse serviço para garantir que tudo seja realizado em, no máximo 30 ou 60 dias, a depender da situação. Assim, o paciente irá para uma única fila, com agendamento específico e garantia de retorno para a eAP que acompanha o caso.\n\nPlano para controle da dengue\n\nNo encontro com os governadores, a ministra Nísia Trindade também conversou sobre a execução doPlano de Ação para Enfrentamento da Dengue e outras Arboviroses. Ela convidou as gestoras e os gestores locais para uma mobilização conjunta contra a doença.\n\n“Sofremos muito este ano com aumento de casos dedengue. Este e um problema que vem muito em consequência do aquecimento global, das mudanças climáticas. É uma questão que atinge mais de 200 países do mundo”, destacou Nísia.\n\nA ministra destacou que há ações de reforço de agentes de endemias, destinação de larvicidas, oficinas em andamento em cada estado com grupos de vigilância e manuais sobre como tratar pacientes. Trindade também conclamou os governadores para que orientem a população a prevenir a disseminação do mosquito causador da dengue por meio de cuidados em casa, como na limpeza de calhas e fechamento de sacos de lixo. No biênio 2024-2025 está previsto um aporte de R$ 1,5 bilhão para apoiar estados e municípios no controle doAedes aegypti."
}