{
    "url": "https://www.gov.br/saude/pt-br/assuntos/noticias/2024/maio/rio-grande-do-sul-recebe-kits-de-emergencia-com-medicamentos-para-atender-ate-300-mil-pacientes",
    "titulo": "Rio Grande do Sul recebe kits de emergência com medicamentos para atender até 300 mil pacientes",
    "descricao": "Ministério da Saúde abastece unidades de saúde dos municípios atingidos pelas enchentes",
    "subtitulo": "ASSISTÊNCIA",
    "categoria": "Saúde e Vigilância Sanitária",
    "autora": "Ministério da Saúde",
    "tags": [
        "vigilância em saúde e ambiente",
        "chuvas",
        "kits de emergência",
        "rio grande do sul"
    ],
    "data_publi": "09/05/2024",
    "texto": "Até domingo (12), o Rio Grande do Sul totalizará 100 kits de emergência recebidos do Ministério da Saúde para abastecer as unidades de saúde que perderam seus estoques de medicamentos. Na última semana, foram enviados 20 conjuntos e a previsão é que cheguem mais 30, nesta sexta-feira; 10, no sábado; e 40, no domingo (12).\n\nCada um dos kits pode atender cerca de 3 mil pessoas por 15 dias e é composto por 32 tipos de medicamentos e 16 tipos de insumos, como luvas, seringas, ataduras e outros. “Além disso, estamos recebendo listas de outros medicamentos que não compõem esse kit”, destaca o diretor do Departamento de Emergências em Saúde Pública do ministério, Márcio Garcia.\n\nAntecipação\n\nComo parte das ações emergenciais de socorro ao Rio Grande do Sul, o Ministério da Saúde decidiu antecipar o pagamento de R$ 40 milhões da Assistência Farmacêutica para os municípios gaúchos. Os valores são equivalentes aos repasses mensais de todo o ano de 2024. A medida visa apoiar os gestores municipais na aquisição de medicamentos essenciais para a população neste momento.\n\nMedicamentos e outros insumos de saúde estão sendo enviados ao estado desde a última sexta-feira (3). Até o momento, foram enviados itens como insulinas, imunobiológicos, imunoglobulina, soros antiveneno, entre outros que o estado elegeu como prioridade."
}