{
    "url": "https://www.gov.br/saude/pt-br/assuntos/noticias/2024/outubro/comunidade-ribeirinha-em-itupiranga-pa-recebe-visita-tecnica-de-equipe-do-ministerio-da-saude",
    "titulo": "Comunidade ribeirinha em Itupiranga (PA) recebe visita técnica de equipe do Ministério da Saúde",
    "descricao": "A 544 quilômetros da capital Belém, no Pará, o município acumula 91 focos de incêndio em 2024",
    "subtitulo": "QUEIMADAS",
    "categoria": "Saúde e Vigilância Sanitária",
    "autora": "Gabriel BandeiraMinistério da Saúde",
    "tags": [
        "vigilância em saúde e ambiente",
        "força nacional do sus",
        "mudanças climáticas",
        "queimadas"
    ],
    "data_publi": "17/10/2024",
    "texto": "Seca, peixes mortos, água contaminada por veneno e incêndios nas áreas de produção de coco babaçu ameaçam a vida de 178 famílias da comunidade Ribeirinha de Diamante, no município de Itupiranga (PA).\n\nEsse foi o cenário encontrado pela visita técnica daSala de Situação Nacional de Emergências Climáticas do Ministério da Saúde, que está produzindo um diagnóstico situacional do impacto da estiagem e dasqueimadasno Pará.\n\nA 544 quilômetros da capital Belém, Itupiranga acumula 91 focos de incêndio em 2024, de acordo com o Instituto Nacional de Pesquisas Espaciais (Inpe).\n\n“O nosso objetivo é avaliar as condições de acesso à água potável da população, incluindo aldeias indígenas e populações ribeirinhas, além de verificar o aumento de casos de agravos respiratórios e gastrointestinais devido às queimadas e à estiagem, assim como as condições de acesso a possíveis populações isoladas no município”, explica o líder da equipe e técnico daForça Nacional do Sistema Único de Saúde (FN-SUS), Cláudio Azevedo.\n\nOs técnicos também estiveram no Hospital Municipal da cidade e na Unidade Básica de Saúde Fluvial (UBSF), ancorada em Tauari (PA). Com mais de 39 mil focos, o Pará é o segundo estado com maior número de focos de incêndio, segundo números do Inpe.\n\nMissão de Emergências Climáticas\n\nA sala de situação, comandada pelo Departamento de Emergências em Saúde Pública do Ministério da Saúde (DEMSP), segue em missão pelo Pará e também visitou municípios como Altamira e Marabá.\n\nA missão é composta por técnicos das secretarias deVigilância em Saúde e Ambiente (SVSA),Saúde Indígena (SESAI),Atenção Primária à Saúde (SAPS)eAtenção Especializada à Saúde (SAES), além de representantes da Secretaria de Saúde Pública do Pará."
}