{
    "url": "https://www.gov.br/saude/pt-br/assuntos/noticias/2024/maio/por-dentro-do-kit-emergencial-conheca-os-itens-enviados-para-assistencia-ao-estado",
    "titulo": "Por dentro do kit emergencial: conheça os itens enviados para assistência ao estado",
    "descricao": "Ao todo, 100 kits foram destinados pelo Ministério da Saúde à região desde o início das fortes enchentes",
    "subtitulo": "RIO GRANDE DO SUL",
    "categoria": "Saúde e Vigilância Sanitária",
    "autora": "Gabriel GalliMinistério da Saúde",
    "tags": [
        "vigilância em saúde e ambiente",
        "kit emergencial",
        "vigidesastres",
        "rio grande do sul"
    ],
    "data_publi": "16/05/2024",
    "texto": "Desde o início da tragédia climática no Rio Grande do Sul, o Ministério da Saúde já enviou 100 kits ao estado. O envio assistencial é o maior já realizado até então peloPrograma Nacional de Vigilância em Saúde dos Riscos Associados aos Desastres (Vigidesastres). No ano inteiro de 2023 foram enviados 109 kits a diversos estados do Brasil além de ajuda humanitária ao exterior.\n\n\"Os kits serão distribuídos às cidades gaúchas pela logística do governo estadual. Esses envios são extremamente importantes neste momento porque uma quantidade grande de medicamentos foi perdida pelas unidades de saúde durante as enchentes\", afirma o diretor do Departamento de Emergências em Saúde Pública, Márcio Garcia, que é responsável pela liberação do material.\n\nA configuração padrão de cada kit de emergência conta com 7 caixas, que pesam juntas 250 quilos, 32 tipos de medicamentos e 16 tipos de insumos, para atendimento de 1,5 mil pessoas pelo período de 15 dias.\n\nMedicamentos\n\nAo todo, foram enviados ao Rio Grande do Sul cerca de 1,9 milhão de doses de medicamentos, sendo:\n\nForam encaminhadas também cerca de 510 mil unidades de insumos, sendo: 180 mil pares de luvas, 120 mil seringas descartáveis, 100 mil compressas, 30 mil equipos, 30 mil catéteres, 25 mil frascos de hipoclorito de sódio (para tratamento da água que será bebida), 20 mil máscaras descartáveis, 4 mil pacotes de ataduras e 1200 rolos de esparadrapo."
}