{
    "url": "https://www.gov.br/saude/pt-br/assuntos/noticias/2024/abril/ministerio-da-saude-amplia-uso-de-teste-para-htlv-em-gestantes-no-pre-natal",
    "titulo": "Ministério da Saúde amplia uso de teste para HTLV em gestantes no pré-natal",
    "descricao": "Conitec considerou que o procedimento é eficaz e seguro e que sua implementação no SUS utilizaria recursos já disponíveis. Vírus ataca as células do sistema imunológico",
    "subtitulo": "PREVENÇÃO",
    "categoria": "Saúde e Vigilância Sanitária",
    "autora": "Ministério da Saúde",
    "tags": [
        "ciência e tecnologia em saúde",
        "vigilância em saúde e ambiente",
        "testes de triagem",
        "htlv"
    ],
    "data_publi": "17/04/2024",
    "texto": "O Ministério da Saúde ampliou o uso do teste de triagem e teste complementar/confirmatório para uso em diagnóstico deHTLV(vírus Linfotrópico de Células T Humanas) em gestantes no pré-natal. O vírus ataca principalmente as células do sistema imunológico, que são responsáveis pela defesa do organismo. O diagnóstico da infecção pelo HTLV é feito por meio de exames de sangue, classificados pelo tipo de resultado que oferecem. A incorporação para as gestantes foi recomendada pelaComissão Nacional de Incorporação de Tecnologias no SUS(Conitec).\n\nOs testes incorporados ELISA, que servem para triagem, assim como o PCR e Western Blot (WB), para confirmação e definição do tipo do vírus, já estavam disponíveis noSistema Único de Saúde, porém para outras indicações. As áreas técnicas da pasta terão o prazo máximo de 180 dias para efetivar a oferta no SUS para o novo público.\n\nAnálise da Conitec\n\nA Conitec recomendou inicialmente a incorporação da detecção pré-natal para HTLV 1/2 em gestantes. Esse tema foi discutido durante a 16ª Reunião Extraordinária da Comissão. Na ocasião, o Comitê de Produtos e Procedimentos considerou que o procedimento é eficaz e seguro e que sua implementação no SUS utilizaria recursos já disponíveis, uma vez que testes para detecção do HTLV já são realizados fora do programa de triagem pré-natal.\n\nCiedds\n\nA incorporação do teste de HTLV está alinhada aos objetivos e metas propostos peloComitê Interministerial para a Eliminação de Doenças Socialmente Determinadas (Ciedds). O comitê tem o objetivo de promover ações intersetoriais para acelerar a eliminação de doenças determinadas socialmente como problemas de saúde pública no Brasil até 2030. O HTLV também é um dos cinco agravos para a eliminação de transmissão vertical junto com sífilis, hepatite B, HIV e doença de Chagas.\n\nAcesse o Relatório para a Sociedade sobre o tema\n\nConfira a portaria com a inclusão do procedimento"
}