{
    "url": "https://www.gov.br/saude/pt-br/assuntos/noticias/2024/agosto/bancos-de-leite-humano-atendimentos-em-alta-para-estimular-e-apoiar-o-aleitamento-materno",
    "titulo": "Bancos de leite humano: atendimentos em alta para estimular e apoiar o aleitamento materno",
    "descricao": "Em 2023, 1,6 milhão de nutrizes foram atendidas em 233 bancos de leite e 241 postos de coleta em todo o país",
    "subtitulo": "AGOSTO DOURADO",
    "categoria": "Saúde e Vigilância Sanitária",
    "autora": "Ana FreireMinistério da Saúde",
    "tags": [
        "atenção primária",
        "amamentação",
        "bancos de leite",
        "agosto dourado"
    ],
    "data_publi": "05/08/2024",
    "texto": "Iniciar a amamentação o mais cedo possível fortalece a saúde, imunidade e protege o bebê de doenças comuns no primeiro ano de vida e na fase adulta, segundo o Ministério da Saúde. Em alusão ao Agosto Dourado, a primeira semana do mês celebra a Semana Mundial da Amamentação (SMAM), queneste ano apoia o aleitamento materno para reduzir as desigualdades em populações vulneráveis, minorias, pessoas com deficiência e situações de emergência.\n\nEm 2023, 1,6 milhão de nutrizes foram atendidas em 233 bancos de leite e 241 postos de coleta em todo o país, segundo dados da Rede de Bancos de Leite Humano Brasileira (rBLH-BR). Em complemento, o relatório de produção apontou 285,7 mil atendimentos em grupo e 258,1 mil visitas domiciliares. Disponíveis para toda a população, os atendimentos são gratuitos e previnem o desmame precoce. Essa é apenas uma das iniciativas doSistema Único de Saúde (SUS)em apoio à amamentação.\n\nOs profissionais de saúde que atuam nas unidades são qualificados em manejo clínico da lactação e aconselhamento em aleitamento materno. As orientações, que incluem, massagens e extração de leite materno, são ofertadas continuamente para ajustar possíveis dificuldades e situações que podem afetar o ato.\n\nJosélia Braga, 50 anos, atende pelo SUS há 23 anos. Moradora da Ceilândia (DF), a técnica de enfermagem trabalha no banco de leite do hospital regional da cidade e acredita que foi escolhida para atuar na área. “Fiquei 18 anos em pronto socorro, onde aprendi a lidar com o fim da vida. Agora, estou vivendo o início dela e toda sua delicadeza”, revela.\n\n“O maior desafio é a expectativa que as mães têm da amamentação romântica. O que a gente vê, na realidade, é uma amamentação difícil, algumas sem evolução e a introdução de fórmula por baixa produção. Elas se sentem mal, mas precisamos mostrar a realidade de forma humanizada”, completa a profissional.\n\nO Ministério da Saúde orienta que as crianças sejam amamentadas desde a primeira hora de vida até dois anos ou mais, sendo de forma exclusiva até os seis meses de vida. Com a prática das recomendações, o Brasil é o país que mais coleta e distribui leite materno no mundo, além de contar com uma tecnologia nos processos de qualidade e segurança que é modelo para a cooperação internacional em mais de 20 países.\n\nNovo programa\n\nA pasta está trabalhando para lançar o novo Programa Nacional de Promoção, Proteção e Apoio à Amamentação, como parte de um dos eixos estratégicos daPolítica Nacional de Atenção Integral à Saúde da Criança (PNAISC)no âmbito do SUS. Assim,  reforça os princípios da amamentação como direito humano, do acesso universal à saúde, da equidade em saúde, da integralidade do cuidado e da humanização da atenção à saúde em todo o país.\n\nO objetivo do programa, que está em fase final de pactuação com os conselhos nacionais de Secretários de Saúde (Conass) e de Secretarias Municipais de Saúde (Conasems), é fortalecer e integrar ações voltadas à temática em todo o país, além de estimular ações integradas, transversais e intersetoriais de amamentação nos estados e municípios.\n\nRecursos\n\nPara ampliar o acesso à saúde, o Ministério da Saúde está investindo, ainda, R$ 4,8 bilhões na construção de 36 novas maternidades e 30 novos Centros de Parto Normal. Todas as unidades terão salas de amamentação. As obras acontecem com recursos doNovo PAC Saúdee vão beneficiar cerca de 30 milhões de mulheres.\n\nAlém disso , entre os anos de 2020 e 2025, a Coordenação-Geral de Atenção à Saúde das Crianças, Adolescentes e Jovens do Ministério da Saúde conta com um Termo de Execução Descentralizada (TED) no valor de R$ 9 milhões para o fortalecimento de ações de apoio, proteção e promoção da amamentação.\n\nA pasta destinou também, entre 2023 e 2024, R$ 2,4 milhões para a ampliação, reforma e compra de equipamentos dos bancos de leite do país. Outro financiamento é feito por meio da Iniciativa Hospital Amigo da Criança (IHAC), com valor anual estimado de R$ 16 milhões.\n\nConheça a campanha \"Amamentação, apoie em todas as situações\""
}