{
    "url": "https://www.gov.br/saude/pt-br/assuntos/noticias/2024/outubro/direitos-dos-servidores-de-hospital-federal-de-bonsucesso-ficam-mantidos",
    "titulo": "Direitos dos servidores do Hospital Federal de Bonsucesso ficam mantidos",
    "descricao": "Reabertura da emergência, dos leitos e ampliação do quadro de funcionários deve acontecer de forma célere. Grupo Hospitalar Conceição assumiu gestão da unidade nesta terça-feira (15)",
    "subtitulo": "HOSPITAIS FEDERAIS",
    "categoria": "Saúde e Vigilância Sanitária",
    "autora": "Ministério da Saúde",
    "tags": [
        "atenção especializada à saúde",
        "hospitais federais rj",
        "hospital federal de bonsucesso",
        "gestão"
    ],
    "data_publi": "16/10/2024",
    "texto": "O Ministério da Saúde iniciou, nesta terça-feira (15), a transição da gestão doHospital Federal de Bonsucesso, no Rio de Janeiro (RJ). A unidade será gerida pelo Grupo Hospitalar Conceição (GHC), uma empresa pública vinculada ao Governo Federal, de atuação nacional e que atende integralmente aoSistema Único de Saúde (SUS). Com a transição, a pasta reforça que os direitos dos servidores ficam mantidos. Os profissionais poderão optar por continuar atuando no hospital ou serem transferidos para outras unidades da rede federal de saúde.\n\nOs direitos dos servidores, conforme os termos do concurso público ou contrato, serão preservados, não haverá mudança de regime. Os funcionários terão direito de escolha garantido e acertado. Além do diálogo aberto com os servidores, nesse primeiro momento, mais de 2 mil novos trabalhadores, entre médicos, enfermeiros, técnicos e funcionários administrativos, serão contratados por meio de processo seletivo, priorizando profissionais do Rio de Janeiro, com o objetivo de dar capacidade plena ao Hospital Federal de Bonsucesso. Com a mudança, a prioridade da nova gestão é abrir a emergência, salas para cirurgias e mais de 200 leitos, para retomada gradativa de todos os serviços.\n\nA ministra Nísia Trindade assegura que o processo de contratação será célere. “Nós temos aí um tempo de 45 dias, porque é um contingente grande de profissionais. Isso será feito com todo critério, para garantir qualidade”, detalha, reiterando que a mudança de gestão não despreza a experiência do Rio de Janeiro e que a equipe do GHC vai trabalhar junto com os profissionais altamente qualificados do estado.\n\n“O GHC já mostrou referência no atendimento à população. O grupo nos ajudou em missões no Haiti, no territórioYanomamie no enfrentamento à grave crise climática do Rio Grande do Sul. Por ser vinculado ao Ministério da Saúde, o GHC é um ponto central para o nosso trabalho de qualidade. Essa é a razão do GHC: um hospital de excelência e que vai contribuir de forma fundamental no Rio de Janeiro. Estamos trazendo o que temos de melhor na gestão hospitalar do Brasil”, reforça a ministra Nísia.\n\nSegundo ela, o Hospital Federal de Bonsucesso atende região para além da área metropolitana do Rio de Janeiro. “Nós estamos trabalhando para entregar os serviços de qualidade e referência que a população precisa. Vamos fazer as reformas estruturais necessárias e uma gestão eficiente, fortalecendo a rede. Esse é o objetivo dessa mudança de gestão”, concluiu Nísia Trindade.\n\nO Ministério da Saúde e o GHC estimam que a unidade de Bonsucesso tenha a transição de gestão completa em 90 dias, assim como a abertura da emergência e a entrega progressiva de leitos de UTI e leitos comuns.\n\nO secretário adjunto deAtenção Especializada à Saúde, Nilton Pereira, afirma que, até dezembro, todos os leitos estarão abertos, assim como a emergência, que está fechada há anos. “Nós vamos reforçar o investimento. Nossa expectativa é, até o final de novembro, início de dezembro, ter a reabertura da totalidade dos 207 leitos desse hospital que será uma referência para o SUS e para o Brasil”, acrescenta."
}