{
    "url": "https://www.gov.br/saude/pt-br/assuntos/noticias/2024/agosto/ministerio-da-saude-e-cnpq-selecionam-pesquisas-com-foco-em-doencas-e-agravos-nao-transmissiveis-dant",
    "titulo": "Ministério da Saúde e CNPq selecionam pesquisas com foco em Doenças e Agravos Não Transmissíveis (DANT)",
    "descricao": "Pesquisadores doutores podem submeter as propostas até 2 de setembro. As linhas de pesquisa foram estruturadas em três eixos temáticos",
    "subtitulo": "CHAMADA PÚBLICA",
    "categoria": "Saúde e Vigilância Sanitária",
    "autora": "Vicente RamosMinistério da Saúde",
    "tags": [
        "ciência e tecnologia em saúde",
        "pesquisa",
        "estudo",
        "doenças e agravos não transmissíveis"
    ],
    "data_publi": "19/08/2024",
    "texto": "O Ministério da Saúde vai destinar R$ 40 milhões em estudos para o enfrentamento de Doenças e Agravos Não Transmissíveis (DANT). A iniciativa é daSecretaria de Ciência, Tecnologia e Inovação e do Complexo Econômico-Industrial da Saúde (Sectics). O objetivo é investir em estudos que contribuam para o desenvolvimento científico e tecnológico e a inovação no país, considerando a aplicabilidade dos resultados aoSistema Único de Saúde (SUS). As propostas podem ser submetidas até o dia 2 de setembro.\n\nOs projetos de pesquisa devem produzir evidências sensíveis às necessidades da saúde da população brasileira, além de aproximar o conhecimento científico e a gestão pública, por meio de estratégias inovadoras e efetivas de comunicação, com foco em abordagens para a prevenção, o diagnóstico, o tratamento, o cuidado e a avaliação das estratégias de controle de doenças e seus fatores de risco.\n\nDesenvolvida em parceria com o Conselho Nacional de Desenvolvimento Científico e Tecnológico (CNPq), a chamada pública será acompanhada pela Sectics e CNPq, visando ao monitoramento e à avaliação dos projetos, para que os resultados tenham a maior potencialidade de implementação no SUS.\n\nAs linhas de pesquisa foram estruturadas em três eixos temáticos, com oito linhas de pesquisa. Confira:\n\nEixo I - Novas tecnologias em saúde coletiva\n\nEixo II - Pesquisa sobre promoção da saúde, prevenção, produção do cuidado e assistência para enfrentamento dos fatores de risco para as doenças e agravos não transmissíveis\n\nEixo III - Tabagismo, álcool e outras drogas\n\nAcesse o edital da chamada pública"
}