{
    "url": "https://www.gov.br/saude/pt-br/assuntos/noticias/2024/novembro/saude-investe-na-disseminacao-do-conhecimento-em-chamada-publica-para-realizacao-de-eventos-tecnico-cientificos",
    "titulo": "Saúde investe na disseminação do conhecimento em chamada pública para realização de eventos técnico-científicos",
    "descricao": "Projetos selecionados receberam investimento adicional de R$ 2 milhões para serem aplicados em eventos de fomento à ciência, tecnologia e inovação",
    "subtitulo": "INVESTIMENTO EM PESQUISA",
    "categoria": "Saúde e Vigilância Sanitária",
    "autora": "Ministério da Saúde",
    "tags": [
        "ciência e tecnologia em saúde",
        "chamada pública",
        "desenvolvimento do sus"
    ],
    "data_publi": "11/11/2024",
    "texto": "O Ministério da Saúde lançou a Chamada Pública de Apoio a Eventos Técnico-Científicos em Saúde, em maio de 2024, inicialmente contemplando 22 projetos, com o aporte de R$ 2 milhões. Agora, com o fomento adicional de R$ 2 milhões, foram aprovados 50 projetos, totalizando um investimento de R$ 4 milhões.\n\nEsse adicional faz parte do compromisso da pasta em difundir o uso do conhecimento científico nos diversos níveis de gestão doSistema Único de Saúde (SUS). O montante contribuirá para aprimorar a aplicação de resultados científicos para a tomada de decisões, ampliar a formulação de políticas públicas de saúde e subsidiar os gestores na tomada de decisão, visando ao aperfeiçoamento e a inovação do SUS. As ações de fomento, divulgação e os debates buscam reduzir a distância entre o conhecimento científico e a sua prática, bem como expandir a divulgação de estudos que envolvam diretamente o interesse da população brasileira.\n\nA chamada contemplou eventos de grande, médio e pequeno portes, nas modalidades presencial ou híbrido (com transmissão virtual). Os eventos técnicos-científicos promovem a disseminação do conhecimento científico e inovação para a comunidade científica, gestores e toda a população, por meio de ações de educação, popularização e divulgação para diferentes tipos de público.\n\nDe acordo com a diretora do Departamento de Ciência e Tecnologia (Decit) daSecretaria de Ciência, Tecnologia e Inovação e do Complexo Econômico-Industrial da Saúde (Sectics), Monica Felts, o aporte adicional representa mais oportunidades de inovação e desenvolvimento do SUS. “Nosso compromisso é com a população, para levar pesquisas, conhecimento científico e novas tecnologias a serem aplicadas no SUS. Os eventos técnico-científicos contribuem para que isso se realize, proporcionando uma maior aproximação entre pesquisadores, gestores e toda a sociedade, para que, dessa forma, possamos entender as necessidades e urgências na área da Saúde”, reforça.\n\nResultado da chamada pública\n\nO resultado da Chamada Pública nº 12/2024 – Apoio a Eventos Técnico-Científicos em Saúde estádisponível no site do Conselho Nacional de Desenvolvimento Científico e Tecnológico (CNPq), na opção “Resultado Final – Aprovação Adicional”"
}