{
    "url": "https://www.gov.br/saude/pt-br/assuntos/noticias/2024/maio/estoques-de-vacinas-estao-garantidos-no-rio-grande-do-sul",
    "titulo": "Estoques de vacinas estão garantidos no Rio Grande do Sul",
    "descricao": "Não há registros de falta de imunizantes e medicamentos na região atingida pelas enchentes",
    "subtitulo": "RIO GRANDE DO SUL",
    "categoria": "Saúde e Vigilância Sanitária",
    "autora": "Otávio AugustoMinistério da Saúde",
    "tags": [
        "atenção primária",
        "vacinação",
        "imunizantes",
        "rio grande do sul"
    ],
    "data_publi": "17/05/2024",
    "texto": "O Ministério da Saúde reforça a necessidade da vacinação contra a gripe para evitar o contágio da doença em abrigos no Rio Grande do Sul. O estado, que enfrenta uma calamidade pública após severasenchentes, possui cerca de 830 abrigos. A pasta já garantiu 1,2 milhão de doses das vacinas contra tétano, difteria, hepatites A e B, coqueluche, meningite, rotavírus, sarampo, caxumba, rubéola, raiva e picadas de animais. Os imunizantes estão disponíveis nos abrigos, além das unidades de saúde em funcionamento.\n\nNesta quarta-feira (15), a ministra Nísia Trindade esteve no Rio Grande do Sul com o presidente Lula e reforçou que não faltará vacina e medicamentos para a população. “Além disso, começamos a analisar propostas para a reconstrução das cerca de 300 Unidades Básicas de Saúde que foram praticamente destruídas”, disse. O Ministério da Saúde vai enviar, ainda, 200 caixas térmicas de alta qualidade e 4,8 mil bobinas de resfriamento para a estrutura de imunização no estado.\n\nO secretário deAtenção Primária à Saúde, Felipe Proenço, ressalta que a vacinação é fundamental para que a população esteja protegida. A atenção ficou maior sobre a doença após a queda das temperaturas no estado. “As vacinas chegaram e estamos mantendo o abastecimento”, afirma.\n\nAs doenças de transmissão respiratória são agravadas em ambientes fechados e com maior número de pessoas. Mesmo aquelas que estão em casa podem adoecer, mas o alerta maior é para a população que está em abrigos.\n\nEstrutura\n\nO Ministério da Saúde iniciou os atendimentos no hospital de campanha de Porto Alegre nesta terça-feira (14). A estrutura funciona 100% com recursos daForça Nacional do SUSe do Grupo Hospitalar Conceição (GHC), com seis médicos, três enfermeiros e oito técnicos. A unidade recebe pacientes 24h e tem capacidade para 150 atendimentos diários.\n\nCom a abertura do hospital, o Ministério da Saúde passa a operar dois hospitais de campanha, levando em consideração o que já está instalado em Canoas. Além destes, um está em fase de montagem em São Leopoldo, distante 40 quilômetros da capital. Outra estrutura será instalada em cidade a ser definida.\n\n“Temos dois hospitais funcionando. Nos próximos dias, já temos a instalação da unidade de São Leopoldo e vamos definir a localização de um quarto hospital. Temos um comitê que acompanha o que acontece aqui no Rio Grande do Sul”, pondera Felipe Proenço.\n\nAtendimentos\n\nEntre 5 de maio, início da operação, e esta quarta-feira (15) foram realizados 1.779 atendimentos pelas equipes da Força Nacional do SUS. Somente o hospital de campanha de Canoas realizou 1.176 atendimentos. As equipes volantes receberam 575 pessoas. Houve, ainda, 68 atendimentos psicossociais e 28 remoções aéreas."
}