{
    "url": "https://www.gov.br/saude/pt-br/assuntos/noticias/2024/maio/ministerio-da-saude-vai-contratar-890-profissionais-temporarios-para-atuarem-na-emergencia-do-rs",
    "titulo": "Ministério da Saúde vai contratar 890 profissionais temporários para atuarem na emergência do RS",
    "descricao": "Com o reforço, será possível abrir 109 leitos no estado. Prazo para a atuação dos profissionais é até 31 de dezembro de 2024",
    "subtitulo": "RIO GRANDE DO SUL",
    "categoria": "Saúde e Vigilância Sanitária",
    "autora": "Otávio AugustoMinistério da Saúde",
    "tags": [
        "atenção especializada à saúde",
        "centro de operações de emergência",
        "grupo hospitalar conceição",
        "rio grande do sul"
    ],
    "data_publi": "17/05/2024",
    "texto": "O Ministério da Saúde foi autorizado pelo Ministério da Gestão e da Inovação em Serviços Públicos (MGI) a realizar processo seletivo para oferta de 890 vagas para o quadro do Grupo Hospitalar Conceição (GHC), que atua em Porto Alegre. A portaria foi publicada no Diário Oficial da União desta sexta-feira (17). O edital de inscrições e a descrição das vagas serão divulgados nos próximos dias.\n\nA contratação é emergencial e o prazo para a atuação dos profissionais é até 31 de dezembro de 2024. O processo será possível graças a um investimento de R$ 52 milhões, oriundos da Medida Provisória 1.218 do governo federal.\n\nCom o reforço no quadro, será possível abrir 109 leitos, sendo nove de unidade de tratamento intensivo (UTI) e 100 leitos clínicos.\n\nDevido ao impacto das chuvas no estado, 1,2 mil funcionários estão afastados. A maior parte deles não tem como se deslocar, ou seja, chegar ao trabalho. Com a contratação, o GHC passará ao quadro de 11,1 mil profissionais em atividade.\n\nO secretário deAtenção Especializada do Ministério da Saúde, Adriano Massuda, que está no comando doCentro de Operações de Emergência em Saúde (COE) do Rio Grande do Sulressalta que a contratação e a abertura de leitos fazem parte da reação do governo federal para reestruturar a rede de assistência após o desastre. “Isso é muito representativo. É o Ministério da Saúde, o governo federal, agindo rapidamente para dar apoio ao estado”, comentou.\n\nO diretor-presidente do GHC, Gilberto Barichello, comemorou o reforço e afirmou que esse investimento é fundamental para os cuidados da população gaúcha neste momento. “A contratação e a abertura de leitos serão importantes para o inverno. Estamos nos preparando para enfrentar doenças respiratórias com a queda das temperaturas”, frisou.\n\nO investimento no Rio Grande do Sul ocorre após o estado ser devastado por severasenchentesdesde 3 de maio. Ao todo, as cheias impactaram a vida de 2 milhões de pessoas e 90% dos municípios gaúchos."
}