{
    "url": "https://www.gov.br/saude/pt-br/assuntos/noticias/2024/maio/ministerio-da-saude-lanca-politica-inedita-no-sus-para-cuidados-paliativos",
    "titulo": "Ministério da Saúde lança política inédita no SUS para cuidados paliativos",
    "descricao": "Nova estratégia vai oferecer serviços de saúde a pacientes, familiares e cuidadores de forma mais humanizada. Expectativa é habilitar 1,3 mil equipes com investimento de R$ 887 milhões por ano",
    "subtitulo": "VALORIZAÇÃO DA VIDA",
    "categoria": "Saúde e Vigilância Sanitária",
    "autora": "Ana FreireMinistério da Saúde",
    "tags": [
        "atenção especializada à saúde",
        "política nacional de cuidados paliativos",
        "programa mais acesso a especialistas"
    ],
    "data_publi": "23/05/2024",
    "texto": "No Brasil, cerca de 625 mil pessoas precisam de cuidados paliativos, ou seja, atenção em saúde que permita a melhora da qualidade de vida daqueles que enfrentam doenças graves, crônicas ou em finitude. Os cuidados paliativos têm foco no alívio da dor, no controle de sintomas e no apoio emocional. Nesse contexto, pensando em uma experiência mais digna e confortável para pacientes, familiares e cuidadores, o Ministério da Saúde lançou a Política Nacional de Cuidados Paliativos no âmbito doSistema Único de Saúde (SUS). A expectativa é que 1,3 mil equipes sejam implantadas em todo o território nacional.\n\nA política, inédita no país, vai permitir uma assistência mais humanizada. Antes, com atendimento limitado, escassez de profissionais com formação paliativa e barreiras culturais, os serviços estavam concentrados nas regiões Sudeste, Sul e Centro-Oeste, com consequente ausência nas regiões Norte e Nordeste. Agora, três eixos vão guiar os cuidados paliativos no serviço público de saúde:\n\nDo total de equipes, a estimativa é que a estratégia seja composta por 485 equipes matriciais (fazendo a gestão dos casos) e 836 equipes assistenciais (prestando a assistência propriamente dita), ambas formadas por médicos, enfermeiros, assistentes sociais e psicólogos. Também serão criadas equipes com pediatria. Os gestores locais terão autonomia para incorporar outros profissionais de saúde, como fisioterapeutas, terapeutas ocupacionais, dentistas, farmacêuticos, fonoaudiólogos e nutricionistas. Com isso, após habilitação de todas as equipes, o investimento previsto é de R$ 887 milhões por ano.\n\nSerá composta uma equipe matricial para cada fração de território com 500 mil habitantes de uma mesma macrorregião de saúde e uma equipe assistencial para cada 400 leitos do SUS habilitados. Caberá aos estados solicitarem equipes matriciais e aos municípios equipes assistenciais, que poderão estar sediadas em hospitais, ambulatórios, junto a serviços de atenção domiciliar ou de atenção primária.\n\nAs equipes vão atuar em diferentes locais da rede de saúde, incluindo o atendimento domiciliar. Seu papel será auxiliar e ensinar outras equipes que tenham sob seus cuidados pessoas com necessidades de cuidados paliativos a prestarem esse tipo de cuidado de forma eficaz e humanizada. A Política Nacional de Cuidados Paliativos é fruto da mobilização popular e de especialistas e chega para aprimorar serviços já ofertados no SUS em hospitais gerais e especializados, centros de atenção oncológica e outros.\n\nEm coletiva de lançamento da nova estratégia, nesta quinta-feira (23), em Brasília, a ministra da Saúde, Nísia Trindade, falou como funcionará a política. “Será uma política em que vai trabalhar governo federal, estados e municípios e o grande desafio será estruturá-la em benefício de todas as pessoas e valorizando também as equipes dedicadas a essa função”, disse. “O sofrimento, a dor, os momentos terminais de uma doença desafiam muito a todos nós que estamos no campo da saúde. Por isso, essa política é tão importante”, assegurou Nísia.\n\nMais Acesso a Especialistas\n\nA Política Nacional de Cuidados Paliativos (PNCP) se articula as ações doPrograma Mais Acesso a Especialistas (PMAE), com objetivo de ampliar e qualificar o cuidado e o acesso à Atenção Especializada em Saúde – AES de pacientes e famílias que enfrentam problemas associados a doenças que ameaçam a vida, prevenindo e aliviando o sofrimento por meio da identificação precoce, avaliação correta e tratamento da dor e de outros problemas de saúde. O ponto de partida é a necessidade de tornar o acesso do paciente aos exames especializados e às consultas o mais rápido possível e com menos burocracia, a partir do encaminhamento realizado pelaEquipe de Saúde da Família - ESF.\n\nConfira a apresentação da Política Nacional de Cuidados Paliativos (PNCP)\n\nAssista à transmissão ao vivo\n\n"
}