{
    "url": "https://www.gov.br/saude/pt-br/assuntos/noticias/2023/outubro/ministerio-da-saude-inicia-multivacinacao-em-minas-gerais",
    "titulo": "Ministério da Saúde inicia multivacinação em Minas Gerais",
    "descricao": "No estado mineiro, Pasta completa ciclo da campanha, após percorrer o Brasil utilizando estratégias inéditas para retomar as altas coberturas vacinais",
    "subtitulo": "PROTEÇÃO",
    "categoria": "",
    "autora": "Ministério da Saúde",
    "tags": [
        "vigilância em saúde e ambiente",
        "multivacinação",
        "movimento nacional pela vacinação",
        "Minas Gerais"
    ],
    "data_publi": "21/10/2023",
    "texto": "O Ministério da Saúde deu início, neste sábado (21), àcampanha de multivacinaçãode crianças e adolescentes em Minas Gerais. A mobilização busca atualizar o calendário deste público para retomar as altas coberturas vacinais no país. O Dia D está previsto para o próximo sábado (28). No estado mineiro, a pasta completa o ciclo da campanha em 2023, em todas as Unidades da Federação, etapa doMovimento Nacional pela vacinação, lançado em fevereiro pelo governo federal.\n\nDurante o período damultivacinação, todos os imunizantes previstos nocalendário para criançaseadolescentes até os 15 anosde idade estarão disponíveis nos locais e horários informados por cada município. Em 2022, a cobertura vacinal contra a poliomielite em Minas Gerais ficou em 82,9%. A meta é atingir 95% de cobertura para este público. Já a cobertura da vacina pentavalente, que garante proteção contra a difteria, tétano, coqueluche, hepatite B e contra a bactéria haemophilus influenza tipo B, ficou em 82,8%. Para febre amarela, o índice não ultrapassou 75%.\n\nPara apoiar as ações de imunização, o Ministério da Saúde destinou mais de R$ 12 milhões para Minas Gerais, sendo R$ 1,1 milhão ao estado e R$ 11,2 milhões para os municípios mineiros. Esse recurso faz parte das medidas de microplanejamento, iniciativa voltada ao diagnóstico local para ampliar avacinação. A ação é inédita e considerada um diferencial para a retomada das altas coberturas vacinais, assim como o planejamento na ponta e a concentração de esforços nos locais onde as taxas de imunização estão mais baixas. A nível nacional, a pasta destinou mais de R$ 151 milhões a estados e municípios.\n\nMétodo recomendado pela Organização Mundial da Saúde (OMS), o microplanejamento consiste em diversas atividades com foco na realidade local, desde a definição da população-alvo, escolha das vacinas, definição de datas e locais devacinação, até a logística. A proposta é alinhar essas estratégias com gestores e lideranças locais para alcançar melhores resultados e aumentar as coberturas vacinais.\n\n“O nosso país era o mais respeitado do mundo quando se falava emvacinação, mas com a queda das coberturas vacinais nos últimos anos, nós temos, infelizmente, o risco de reintrodução de doenças que estavam eliminadas no Brasil. Por isso, precisamos proteger as nossas crianças e os nossos adolescentes. Temos uma responsabilidade fundamental, algo definido no estatuto da criança e do adolescente como um direito. O direito à vacina é o direito à proteção, é o direito à vida que não pode ser negado”, destaca a ministra da Saúde, Nísia Trindade.\n\nA fase nacional demultivacinaçãocomeçou por Belém (PA), no dia 10 de agosto. No entanto, antes dessa etapa, o Ministério da Saúde antecipou a campanha no Amazonas, no Acre e no Amapá. A escolha desses estados buscou conter doenças como a poliomielite, que foi notificada em março deste ano no Peru, em região de fronteira. Desde 2016, o Brasil consta na lista da OMS como local de risco muito alto para a reintrodução da doença.\n\nBahia e Sergipe seguem com amultivacinaçãoaté este sábado (21). Rio Grande do Sul, Santa Catarina e Paraná encerram a estratégia no próximo dia 28. Pernambuco e São Paulo, no dia 29.\n\nMovimento Nacional pela Vacinação\n\nO Movimento Nacional pelavacinação, lançado em fevereiro deste ano pelo Ministério da Saúde, tem o objetivo de retomar a confiança da população brasileira nas vacinas e da cultura devacinaçãodo país. A iniciativa é considerada um grande movimento, com participação de diversas lideranças da sociedade. A ação inclui vacinação contra a Covid-19 e outros imunizantes doCalendário Nacional de Vacinaçãoem várias etapas ao longo de 2023, incluindo amultivacinaçãode crianças e adolescentes."
}