{
    "url": "https://www.gov.br/saude/pt-br/assuntos/noticias/2024/outubro/uso-do-prontuario-eletronico-pelas-equipes-multiprofissionais-e-abordado-em-webinario",
    "titulo": "Uso do prontuário eletrônico pelas equipes multiprofissionais é abordado em webinário",
    "descricao": "Sétimo webinário de uma série promovida pela Secretaria de Atenção Primária promoveu a capacitação de gestores e profissionais de saúde dos territórios",
    "subtitulo": "ATUALIZAÇÃO PROFISSIONAL",
    "categoria": "Saúde e Vigilância Sanitária",
    "autora": "Ministério da Saúde",
    "tags": [
        "atenção primária",
        "equipes multiprofissionais",
        "prontuário eletrônico",
        "assistência em saúde"
    ],
    "data_publi": "18/10/2024",
    "texto": "ASecretaria de Atenção Primária à Saúde (Saps)realizou, nesta quinta-feira (17), o 7º webinário da sérieAtualiza e-SUS APS:equipes multiprofissionais (eMulti) na Atenção Primária à Saúde e o Prontuário Eletrônico do Cidadão (PEC). O encontroonlineteve o objetivo de proporcionar atualização técnica dos profissionais de saúde e de gestão nas atividades voltadas à implementação e divulgação da estratégia e-SUS APS, especialmente àqueles que integram aseMulti.\n\nTodas as eMulti têm a missão de implementar um conjunto prioritário de ações, que são registradas utilizando o prontuário para documentar os atendimentos prestados à população. Esse contexto destaca a relevância das funcionalidades do prontuário e o processo de trabalho das equipes, que tem sido focado no compartilhamento do cuidado. Durante o encontro online, houve a apresentação de relatos de experiências de sucesso com equipes eMulti que utilizam o prontuário eletrônico nos municípios de Itapema (SC) e Niterói (RJ).\n\n\"Esta série de webinários tem sido desenvolvida com a convicção de que as informações precisam chegar rapidamente aos profissionais que atuam na assistência”, comentou a assessora técnica Vania Priamo, da Coordenação-Geral de Inovação e Aceleração Digital da Atenção Primária (Cgiad).\n\nPara o analista Webster Pereira, também da Cgiad, \"os encontros têm sido uma grande oportunidade para as equipes que estão no desenvolvimento das funcionalidades do PEC e no apoio aos projetos estratégicos, pois contribuem com a disseminação de inovações e novidades da estratégia e-SUS APS. Em breve teremos o lançamento de mais uma versão do prontuário nacionalmente, que será detalhado por meio também de um webinário”.\n\nAlém disso, os trabalhadores contam com cursos atualizados e produzidos em parceria pela Saps e a Universidade Federal de Minas Gerais (UFMG). Saiba mais sobre oEduca e-SUS APS aqui.\n\nMais sobre a sérieAtualiza e-SUS APS\n\nOs encontros ocorrem quinzenalmente e os temas são organizados com base na escuta dos participantes dos webinários e nas informações levantadas por meio dos canais de suporte, além das demandas institucionais. O próximo será realizado no dia 31 de outubro.\n\nAssista ao 7º webinário da série Atualiza e-SUS APS\n\n\n\nConfira os webinários já realizados:"
}