{
    "url": "https://www.gov.br/saude/pt-br/assuntos/noticias/2024/setembro/seminario-nesta-terca-1o-vai-discutir-licoes-aprendidas-com-a-pandemia-da-covid-19",
    "titulo": "Seminário nesta terça (1º) vai discutir lições aprendidas com a pandemia da covid-19",
    "descricao": "Secretária de Vigilância em Saúde e Ambiente do Ministério da Saúde (SVSA), Ethel Maciel, destacará aprendizados e preparativos para futuras crises de saúde",
    "subtitulo": "INFECÇÕES RESPIRATÓRIAS",
    "categoria": "Saúde e Vigilância Sanitária",
    "autora": "João MoraesMinistério da Saúde",
    "tags": [
        "vigilância em saúde e ambiente",
        "covid-19",
        "vírus respiratórios",
        "epidemiologia"
    ],
    "data_publi": "30/09/2024",
    "texto": "O Ministério da Saúde participa, nesta terça (1º), do seminário “Covid-19: O que aconteceu e o que vai acontecer?”, promovido pela Inspirali Educação e Universidade Anhembi, campus Mooca. O evento realizado em São Paulo tem como objetivo fomentar um grande debate em torno dacovid-19e demais infecções respiratórias com potencial pandêmico. Ele será transmitido ao vivo por estelink.\n\nA mesa de abertura terá a participação da secretária deVigilância em Saúde e Ambiente do Ministério da Saúde (SVSA), Ethel Maciel, que apresentará a resposta brasileira à pandemia e destacará os preparativos para futuras crises de saúde, enfatizando a importância dos aprendizados adquiridos e a necessidade de um sistema de saúde ágil e preparado para novos desafios.\n\nEm seguida, haverá um painel conduzido pelo coordenador da Coordenação-Geral de Vigilância da Covid-19, Influenza e Outros Vírus Respiratórios (SVSA), Marcelo Gomes, que abordará o cenário epidemiológico da Covid-19 no Brasil. Ele apresentará dados atualizados sobre a situação da doença e as ações que estão sendo implementadas para mitigar os impactos na saúde pública. Isaac Schrarstzhaupt, consultor técnico da SVSA, complementará a discussão com um panorama mundial da Covid-19, oferecendo uma visão mais ampla das dinâmicas globais da pandemia.\n\nA reflexão sobre o futuro da saúde pública será conduzida por Luana Araújo, epidemiologista do Hospital Israelita Albert Einstein, que discutirá as expectativas para novas variantes e surtos, seguida pela jornalista Thays Freitas, que compartilhará suas experiências e aprendizados ao cobrir a pandemia. O debate, moderado por Evaldo Stanislau Affonso de Araújo, infectologista e consultor-técnico da SVSA, possibilitará uma troca de experiências entre os especialistas e o público presente.\n\nNo segundo painel, os participantes se concentrarão nas soluções para os desafios impostos pela pandemia. Sandra Coccuzzo Sampaio Vessoni, do Instituto Butantan, irá abordar o papel do diagnóstico laboratorial na vigilância das doenças respiratórias. Evaldo Affonso também abordará o manejo clínico dos pacientes na fase aguda, ressaltando a importância de um atendimento eficaz e humanizado.\n\nRafaella Fortini, da Fiocruz, trará à tona as condições pós-covid, enfatizando as inquietações que persistem na sociedade, enquanto Ana Karolina Barreto Berselli Marinho, consultora técnica da SVSA, discutirá o papel da vacinação, tanto no presente quanto no futuro. O seminário culminará em outro debate, mediado por Marcelo Gomes, onde serão discutidas estratégias para enfrentar os desafios que ainda se apresentam.\n\nVigilância de vírus respiratórios\n\nO Ministério da Saúde monitora, junto as Vigilâncias Estaduais de Saúde, a situação epidemiológica, a circulação dos vírus respiratórios e a demanda assistencial de cada estado brasileiro. Semanalmente, a pasta divulga uminforme com dados atualizados."
}