{
    "url": "https://www.gov.br/saude/pt-br/assuntos/noticias/2024/outubro/com-7-5-mil-pessoas-afetadas-pela-seca-e-estiagem-chaves-pa-recebe-tecnicos-do-ministerio-da-saude",
    "titulo": "Com 7,5 mil pessoas afetadas pela seca e estiagem, Chaves (PA) recebe técnicos do Ministério da Saúde",
    "descricao": "Sob decreto de emergência em saúde, município de 20 mil habitantes solicitou uma análise técnica da Sala de Situação Nacional de Emergências Climáticas em Saúde da pasta",
    "subtitulo": "SECA EXTREMA",
    "categoria": "Saúde e Vigilância Sanitária",
    "autora": "Gabriel BandeiraMinistério da Saúde",
    "tags": [
        "vigilância em saúde e ambiente",
        "atenção primária",
        "mudanças climáticas",
        "queimadas"
    ],
    "data_publi": "31/10/2024",
    "texto": "Sem chuva, não há rio. Sem rio, não há peixe, cultivo e água para consumo humano para as mais de 7,5 mil pessoas afetadas pelasecae estiagem em Chaves (PA), na Ilha do Marajó. A 218 quilômetros da capital Belém, o município, com 20 mil habitantes, decretou emergência em saúde no dia 21 de outubro e, nesta semana, recebeu os técnicos daSala de Situação Nacional de Emergências Climáticas em Saúde do Ministério da Saúde.\n\nA equipe, composta por profissionais das secretarias deVigilância em Saúde e Ambiente (SVSA)e daAtenção Primária à Saúde (Saps), tem como objetivo escutar a população e os gestores locais, construindo um diagnóstico sobre os impactos da emergência climática na região. Essa missão é realizada em parceria com a Secretaria de Saúde Pública do Pará (SESPA) e a Secretaria Municipal de Saúde de Chaves.\n\nApós a coleta de informações, o relatório final será enviado à Secretaria Executiva (SE) do Ministério da Saúde, servindo de base para ações estratégicas no enfrentamento da emergência.\n\nNa segunda-feira (28), a equipe visitou a comunidade ribeirinha da Vila Nascimento, onde 76 famílias enfrentam as consequências daseca extremae da salinização da água. Essa realidade se repete em outras áreas do município, que é predominantemente habitado por ribeirinhos.\n\nCom a redução das chuvas, a água do mar tem avançado sobre os pequenos rios, aumentando o nível de sal na água doce e tornando-a imprópria para consumo, irrigação e pesca, essenciais para a subsistência local. O uso de água não tratada tem gerado um aumento deDoenças Diarreicas Agudas (DDAs), infecções gastrointestinais e dermatites. Os técnicos seguiram ainda para a comunidade ribeirinha de Mapatá para avaliar a situação local.\n\nSala de Situação Nacional de Emergências Climáticas em Saúde\n\nInstituída em julho pela ministra Nísia Trindade, a Sala de Situação é liderada pelo Departamento de Emergências em Saúde Pública (DEMSP) do Ministério da Saúde. O primeiro compromisso da comitiva foi uma reunião de alinhamento na sede da secretaria, e a visita às comunidades ribeirinhas reflete a prioridade dada ao atendimento das necessidades locais.\n\nEm outubro, a Sala de Situação já realizou visitas técnicas em várias cidades do Pará, como Altamira, Bom Jesus do Tocantins, Itupiranga, Marabá e Santarém. O estado é o segundo no índice dequeimadas, conforme dados do Instituto Nacional de Pesquisas Espaciais (Inpe), com mais de 430 mil focos de incêndio registrados.\n\nAlém do Pará, a missão também avaliou a situação de estados como Acre, Amazonas, Rondônia, Tocantins e Amapá. Após as visitas, Acre e Amazonas enviaram um ofício ao governo federal solicitando a declaração de emergência em saúde. Diante da grave condição de saúde local, foiliberado um montante superior a R$ 1,2 milhãopara apoiar as iniciativas de enfrentamento, por meio daPortaria Nº 5.506/2024, assinada pela ministra da Saúde."
}