{
    "url": "https://www.gov.br/saude/pt-br/assuntos/noticias/2024/agosto/lancado-inquerito-para-diagnostico-das-acoes-para-a-populacao-negra-nos-municipios",
    "titulo": "Lançado inquérito para diagnóstico das ações para a população negra nos municípios",
    "descricao": "Questionário pode ser preenchido pelos gestores dos estados e municípios até o dia 15 de setembro",
    "subtitulo": "BOAS PRÁTICAS",
    "categoria": "Saúde e Vigilância Sanitária",
    "autora": "Ministério da Saúde",
    "tags": [
        "secretaria executiva",
        "equidade racial",
        "população negra"
    ],
    "data_publi": "19/08/2024",
    "texto": "Para avançar na implementação de ações voltadas para equidade racial em todas as regiões do país, o Ministério da Saúde lançou oinquérito para diagnóstico da Política Nacional de Saúde Integral da População Negra (PNSIPN). Até o dia 15 de setembro, o documento pode ser preenchido pelos gestores municipais e estaduais de saúde, referências técnicas para o tema e qualquer outro representante indicado dos 5.570 municípios.\n\nOs municípios que concluírem o inquérito terão acesso a informações sobre o nível de implementação nos seus territórios que vão auxiliar no planejamento de medidas eficazes. Para promover o intercâmbio de experiências exitosas, boas práticas serão compartilhadas.\n\nCom apoio da Fundação Oswaldo Cruz (Fiocruz), foi desenvolvido um questionário virtual, que aborda cinco eixos principais:\n\nEsse diagnóstico é essencial para conhecer os desafios para implementação da política. Criada há 15 anos, ela foi pioneira ao definir as diretrizes, estratégias e responsabilidades das gestões federal, estadual e municipal para atender às especificidades em saúde da população negra noSistema Único de Saúde (SUS). Cuidado integral, prevenção de doenças, assistência, promoção e vigilância são alguns dos focos de ação, assim como a participação e controle social.\n\nPara mais informações sobre o assunto, está disponível o webinário de Lançamento do Inquérito para o Diagnóstico da Política Nacional de saúde Integral da População Negra (PNSIPN) nos municípios brasileiros.\n\n"
}