{
    "url": "https://www.gov.br/saude/pt-br/assuntos/noticias/2024/outubro/nisia-trindade-e-fernando-haddad-reforcam-compromisso-com-fundo-de-pandemias-para-impulsionar-saude-global",
    "titulo": "Nísia Trindade e Fernando Haddad reforçam compromisso com fundo de pandemias para impulsionar saúde global",
    "descricao": "No G20, ministros destacaram ações para o desenvolvimento sustentável e mecanismos de financiamento para saúde resiliente em países vulneráveis",
    "subtitulo": "AGENDA INTERNACIONAL",
    "categoria": "Saúde e Vigilância Sanitária",
    "autora": "Edjalma BorgesMinistério da Saúde",
    "tags": [
        "assuntos internacionais",
        "g20brasil",
        "pandemias",
        "saúde global"
    ],
    "data_publi": "31/10/2024",
    "texto": "Em reunião conjunta de finanças e saúde, realizada nesta quinta-feira (31), terceiro dia doG20no Rio de Janeiro, os ministros da Saúde, Nísia Trindade, e da Fazenda, Fernando Haddad, enfatizaram o compromisso do Brasil com a saúde global e a inclusão social ao debater o financiamento para a prevenção de pandemias. O evento, que reuniu líderes internacionais, incluiu discussões sobre o fundo de pandemias, criado para assegurar que sistemas de saúde em todo o mundo estejam preparados para futuras crises globais.\n\nA ministra Nísia destacou o compromisso de enfrentar as desigualdades e proteger as populações, principalmente aquelas em maior situação de vulnerabilidade social. “A equidade em saúde é uma das prioridades do Grupo de Trabalho da Saúde e um princípio transversal em todas as discussões que estamos promovendo. Acreditamos na capacidade da colaboração entre finanças e saúde para tornar nossa sociedade mais resiliente. A saúde é um investimento que ajudará a proteger nossas sociedades e impulsionar nossas economias”, defendeu.\n\nO ministro Haddad destacou que o Brasil apoia firmemente a cooperação internacional como resposta às vulnerabilidades globais, especialmente em regiões que enfrentam desafios sociais e econômicos significativos. \"Em um contexto internacional cada vez mais desafiador, é crucial lembrar que a desigualdade econômica e social agrava os impactos de crises econômicas, pandemias e eventos climáticos extremos\", afirmou.\n\nSegundo ele, a pandemia decovid-19evidenciou a importância de um envolvimento global e coordenado para enfrentar problemas coletivos. “O G20 é um espaço essencial para trabalharmos juntos pela saúde como um bem público global”, completou Haddad.\n\nTrindade defendeu, ainda, a necessidade de desenvolver políticas inter e multissetoriais que abordem os determinantes sociais da saúde. “Precisamos do apoio de vários órgãos para avançar no bem-estar holístico de nossas populações, com foco naqueles mais vulneráveis. Além de ser uma questão de justiça social, vemos resultados positivos na economia e na sociedade em geral quando nosso povo é saudável”, disse a ministra.\n\nAlém da necessidade de financiamentos contínuos para sistemas de saúde resilientes, o ministro da Fazenda pontuou a importância de tratar os determinantes sociais da saúde. Segundo Haddad, as condições em que as pessoas nascem, crescem, vivem e trabalham têm impacto direto na saúde pública e na economia dos países. \"Esse tema se tornou ainda mais relevante durante a pandemia, que revelou como insegurança alimentar, falta de saneamento e precariedade na moradia aprofundam desigualdades e problemas econômicos já existentes\", reforçou.\n\nOutro ponto de destaque na fala de Haddad foi a proposta de mecanismos de troca de dívida por saúde, uma alternativa que busca destinar recursos do pagamento de dívidas para investimentos no setor de saúde. “Mais de 3 bilhões de pessoas vivem em países onde os gastos com serviços da dívida superam o investimento combinado em saúde, educação e infraestrutura. Precisamos de soluções que equilibrem o desenvolvimento e o compromisso financeiro\", disse o ministro.\n\nDurante o evento, o Brasil também reafirmou seu apoio a um sistema de saúde global coordenado pela Organização Mundial da Saúde (OMS) e liderado por esforços coletivos. \"Estamos determinados a contribuir para um sistema de saúde global que responda ao presente e se modernize para os desafios futuros\", pontuou Haddad.\n\nA jornada de debates e trocas técnicas contou ainda com a colaboração de organizações como o Banco Mundial, a Conferência das Nações Unidas sobre Comércio e Desenvolvimento (UNCTAD) e a Fundação Rockefeller. Haddad agradeceu os ministérios da Saúde e Relações Exteriores do Brasil pelo trabalho técnico nas discussões do G20. “Espero que esta reunião nos permita avançar com entregas concretas que contribuam para o desenvolvimento social, ambiental e econômico de todos”, concluiu.\n\nAcesse a página do 'G20 Brasil 2024 Saúde' e saiba mais"
}