{
    "url": "https://www.gov.br/saude/pt-br/assuntos/noticias/2024/maio/ministerio-da-saude-realiza-neste-domingo-12-missoes-de-atendimento-e-levantamento-da-rede-de-assistencia",
    "titulo": "Ministério da Saúde realiza, neste domingo (12), missões de atendimento e levantamento da rede de assistência",
    "descricao": "Canoas, Novo Hamburgo, São Leopoldo, Santa Maria, São Sebastião do Caí, Guaíba, Charqueadas e São Jerônimo receberam equipes de saúde",
    "subtitulo": "RIO GRANDE DO SUL",
    "categoria": "Saúde e Vigilância Sanitária",
    "autora": "Otávio AugustoMinistério da Saúde",
    "tags": [
        "atenção primária",
        "vigilância em saúde e ambiente",
        "redes de assistência",
        "rio grande do sul"
    ],
    "data_publi": "12/05/2024",
    "texto": "O Ministério da Saúde realiza, neste domingo (12), missões de atendimento com três equipes volantes em municípios do Rio Grande do Sul. As cidades foram escolhidas de acordo com a gravidade da emergência provocada pelasenchentesdos últimos dias. Cada equipe possui quatro profissionais: aeromédicos, médicos e enfermeiros volantes.\n\nO trabalho foi concentrado em abrigos que estão acolhendo as pessoas que perderam a moradia. Os profissionais se deslocaram por terra e ar. Canoas, Novo Hamburgo, São Leopoldo, Santa Maria, São Sebastião do Caí, Guaíba, Charqueadas e São Jerônimo receberam as equipes para atendimentos médicos, psicossociais, entre outros.\n\nAlém disso, os profissionais estão fazendo o diagnóstico das unidades de saúde que estão ativadas ou pouco ativadas para aumentar os atendimentos.\n\nO diretor do Departamento de Emergências em Saúde Pública do Ministério da Saúde, Márcio Garcia, explica que a pasta tem intensificado as ações de resposta ao desastre e aumentado o levantamento de necessidades dos municípios para executar mais medidas.\n\n“Seguimos ampliando as nossas forças e ações assistenciais. Isso avaliando a viabilidade de deslocamento e a segurança das equipes. Na ação deste domingo, paramos com equipes intersetoriais. Estamos com aVigilância em SaúdeeAtenção Primárianas missões”, detalha.\n\nMárcio Garcia explica que as condições de clima e tempo não são favoráveis para grandes deslocamentos, o que coloca em risco as equipes. Em Porto Alegre, por exemplo, as chuvas estão contínuas há 48 horas. “Temos perspectivas do frio agravar a condição das pessoas abrigadas e desabrigadas”, completa."
}