{
    "url": "https://www.gov.br/saude/pt-br/assuntos/noticias/2024/setembro/saude-e-opas-lancam-primeira-versao-em-portugues-de-guia-de-prevencao-ao-suicidio",
    "titulo": "Saúde e Opas lançam primeira versão em português de guia de prevenção ao suicídio",
    "descricao": "Segundo informações da OMS, a cada ano, mais de 700 mil pessoas perdem sua vida para o suicídio em todo o mundo. Publicação apresenta diretrizes práticas baseadas em evidências e estudos de caso",
    "subtitulo": "SETEMBRO AMARELO",
    "categoria": "Saúde e Vigilância Sanitária",
    "autora": "Ministério da Saúde",
    "tags": [
        "vigilância em saúde e ambiente",
        "prevenção ao suicídio",
        "publicações",
        "setembro amarelo"
    ],
    "data_publi": "19/09/2024",
    "texto": "Nesta quinta-feira (19), o Ministério da Saúde lançou a primeira versão em português doViver a Vida - Guia de Implementação para a Prevenção do Suicídio nos Países, em parceria com a Organização Pan-Americana de Saúde (Opas). A publicação, que apresenta a abordagem criada pela Organização Mundial da Saúde (OMS) para orientar países na implementação de medidas coletivas deprevenção ao suicídio, foi apresentada em umwebináriovoltado a gestores e profissionais da saúde.\n\nNo Brasil, cerca de 16,4 mil óbitos por suicídio foram notificados noSistema de Informações sobre Mortalidade (SIM)em 2022. Segundo informações da OMS, a cada ano, mais de 700 mil pessoas perdem sua vida para o suicídio em todo o mundo. Um dos compromissos assumidos pelo Brasil, em acordo com os Objetivos de Desenvolvimento Sustentável (ODS) da Organização das Nações Unidas (ONU), é a redução desse número em um terço até 2030.\n\nPara alcançar o objetivo, reduzindo a taxa global de mortalidade, o guiaViver a Vidaoferece uma abordagem prática para que os países desenvolvam estratégias nacionais, considerando que, segundo a OMS, governos e comunidades têm papéis cruciais na prevenção desse problema de saúde pública.\n\nAmplamente conhecido em todo o mundo, o guia já contava com versões em inglês, chinês, coreano e espanhol, e agora, com o lançamento dessa tradução, será difundido em países de língua portuguesa pela primeira vez. A publicação detalha 4 intervenções essenciais, baseadas em evidências, para prevenir o suicídio; além de 6 pilares fundamentais para a sua implementação.\n\nPara estimular o compartilhamento de boas práticas, são apresentadas iniciativas do poder público que foram implementadas por diversos países em diferentes contextos, cujas medidas apresentaram eficácia na redução das taxas de suicídio. Esses estudos de caso podem servir como inspiração para criação de novas políticas públicas e soluções coletivas.\n\nNo evento de lançamento, nesta quinta (19), foram realizadas palestras sobre cuidado em rede, estratégias interculturais de promoção à vida, a importância da vigilância e notificação de casos, entre outros temas. Além de lançar o guia, o objetivo do webinário foi destacar a importância de ações coordenadas e do esforço coletivo para implementar medidas de prevenção eficazes.\n\nAssista à apresentação de lançamento da publicação\n\n"
}