{
    "url": "https://www.gov.br/saude/pt-br/assuntos/noticias/2024/fevereiro/em-pronunciamento-nacional-ministra-nisia-trindade-convoca-populacao-para-enfrentamento-a-dengue",
    "titulo": "Em pronunciamento nacional, Ministra Nísia Trindade convoca população para enfrentamento à dengue",
    "descricao": "Ministra da Saúde reforçou união entre governos, cuidados fundamentais no dia a dia, processo de aquisição de vacinas, e defendeu que foco é eliminar criadouros do Aedes aegypti",
    "subtitulo": "COMBATE AO MOSQUITO",
    "categoria": "",
    "autora": "Ministério da Saúde",
    "tags": [
        "vigilância em saúde e ambiente",
        "arboviroses",
        "dengue"
    ],
    "data_publi": "06/02/2024",
    "texto": "Em pronunciamento exibido na rede nacional de rádio e TV, nesta terça-feira (6), a ministra da Saúde, Nísia Trindade, convocou a população brasileira, governos, estados e municípios para uma mobilização de enfrentamento àdengue, em decorrência do aumento de casos no país. “Este é o momento de intensificar os cuidados e a prevenção. Agora é hora de todo o Brasil se unir contra a dengue”, declarou.\n\nEm seu discurso, Nísia enfatizou que o combate aoAedesaegypti, transmissor dadengue, exige cuidados fundamentais no dia a dia, como tampar as caixas d’água, descartar o lixo corretamente, manter as vasilhas de água dos animais sempre limpas, guardar garrafas e pneus em locais cobertos e retirar água acumulada dos vasos e plantas. “Nessa missão, conte com o trabalho fundamental dos agentes de combate às endemias. Receba-os, ajude-os na localização e na erradicação de possíveis focos do mosquito em sua casa e na sua vizinhança”, acrescentou.\n\nA prioridade do Ministério da Saúde para o combate ao mosquito foi reiterada pela titular da pasta. “Um Centro de Operações de Emergências foi montado para analisar diariamente a evolução dos casos e mobilizar as ações de todos os órgãos envolvidos no enfrentamento à dengue”, relembrou. O COE é uma estrutura organizacional para gestão de emergências em saúde pública e opera como uma unidade coordenadora que facilita e agiliza a tomada de decisões para ação e comunicação.\n\n“É fundamental que os prefeitos e prefeitas intensifiquem os cuidados com a limpeza urbana, evitando o acúmulo de lixo e de água onde os mosquitos se proliferam. Da mesma forma, é essencial a ação dos governadores, apoiando seus sistemas de saúde”, destacou a ministra da Saúde.\n\nConheça todas as ações do Ministério para o enfrentamento da dengue\n\nAprenda a combater o mosquito\n\nAcesse a página da campanha Combate ao Mosquito\n\nConfira o pronunciamento da Ministra Nísia Trindade na íntegra:\n\n“Várias cidades brasileiras estão enfrentando situação de emergência devido ao grande aumento dos casos de dengue.\n\nO calor recorde e as chuvas acima da média desde o ano passado aumentaram os focos do mosquito transmissor. Essa situação exige ações adicionais do Governo Federal, dos governadores, dos prefeitos e de toda a população.\n\nEste é o momento de intensificar os cuidados e a prevenção. Agora é hora de todo o Brasil se unir contra a dengue.\n\nO Ministério da Saúde está dando total prioridade para essa ação. Ampliamos em R$ 1,5 bilhão o repasse de recursos para estados e municípios.\n\nUm Centro de Operações de Emergências foi montado para analisar diariamente a evolução dos casos e mobilizar as ações de todos os órgãos envolvidos no enfrentamento à dengue.\n\nÉ fundamental que os prefeitos e prefeitas intensifiquem os cuidados com a limpeza urbana, evitando o acúmulo de lixo e de água onde os mosquitos se proliferam. Da mesma forma, é essencial a ação dos governadores, apoiando seus sistemas de saúde.\n\nE você, cidadão, cidadã, também tem um papel decisivo nessa prevenção.\n\nPrecisamos redobrar os cuidados com as nossas casas e em volta delas. Cerca de 75% dos focos estão dentro de casa. Vamos tampar as caixas d’água, descartar o lixo corretamente, manter as vasilhas de água dos animais sempre limpas, guardar garrafas e pneus em locais cobertos, retirar água acumulada dos vasos e plantas.\n\nNessa missão, conte com o trabalho fundamental dos agentes de combate às endemias. Receba-os, ajude-os na localização e na erradicação de possíveis focos do mosquito em sua casa e na sua vizinhança.\n\nSe você tiver algum sintoma, como febre alta, manchas vermelhas pelo corpo, dores musculares intensas e atrás dos olhos, procure um serviço de saúde. Comece você mesmo a se proteger, bebendo bastante líquido.\n\nApós 40 anos de enfrentamento a epidemias de dengue, temos agora uma importante conquista da ciência e da saúde: a vacina. O Brasil é o primeiro país a incorporar ao sistema público de saúde, o SUS, uma vacina para dengue.\n\nA vacinação se dará de forma progressiva, dado o número limitado de doses produzidas pelo laboratório fabricante. Os critérios para distribuição inicial para um grupo de municípios foram baseados na incidência da doença e definidos pelo Ministério da Saúde e pelos conselhos nacionais de secretários de saúde de estados e municípios. Dentre o grupo para o qual a vacina foi autorizada, serão imunizadas as crianças entre 10 e 14 anos.\n\nAo mesmo tempo, o Ministério da Saúde coordenará um esforço nacional para ampliar a produção e o acesso a vacinas para dengue.\n\nConvoco todos e todas para uma mobilização nacional, dos governos e de toda a sociedade, para que juntos enfrentemos os atuais surtos e, em breve, possamos fazer com que a dengue seja uma doença do passado.\n\nObrigada e boa noite.”"
}