{
    "url": "https://www.gov.br/saude/pt-br/assuntos/noticias/2024/abril/ao-lado-de-nisia-lula-se-vacina-contra-a-gripe-e-reforca-que-imunizantes-salvam-vidas",
    "titulo": "Ao lado de Nísia, Lula se vacina contra a gripe e reforça que imunizantes salvam vidas",
    "descricao": "Presidente foi vacinado hoje (8), em Brasília, durante evento para apresentação de investimentos na saúde e lançamento do programa Mais Acesso a Especialistas",
    "subtitulo": "PROTEÇÃO",
    "categoria": "Saúde e Vigilância Sanitária",
    "autora": "Ministério da Saúde",
    "tags": [
        "vigilância em saúde e ambiente",
        "vacinação",
        "gripe",
        "mais acesso a especialistas"
    ],
    "data_publi": "08/04/2024",
    "texto": "O presidente da República, Luiz Inácio Lula da Silva, recebeu, nesta segunda-feira (8), a vacina contra a gripe. Lula se vacinou durante evento no Palácio do Planalto sobre balanço de investimentos na área de saúde e lançamento do programa Mais Acesso a Especialistas.\n\nNa oportunidade, o chefe do Executivo condenou falas e notícias falsas contra os imunizantes, e convidou a população elegível no público prioritário a receber a proteção. “Por meio da vacina, a gente evita pegar doenças que podem matar as pessoas”, disse. Aos 78 anos, o presidente faz parte de um dos públicos prioritários para a imunização (idosos com 60 anos ou mais).\n\nEm 2024, a campanha contra a influenza foi antecipada em razão do aumento da circulação de vírus respiratórios no país. A estimativa é que 75 milhões de pessoas sejam protegidas. Para este ano, o governo federal mudou a estratégia da campanha para a Região Norte e já imunizou a população entre novembro e dezembro, atendendo às particularidades climáticas da região.\n\nPodem se vacinar:\n\nCrianças que vão receber o imunizante pela primeira vez deverão tomar duas doses, com um intervalo de 30 dias."
}