{
    "url": "https://www.gov.br/saude/pt-br/assuntos/noticias/2024/junho/evento-discutira-desafios-e-avancos-na-etica-em-pesquisa-com-seres-humanos-no-brasil",
    "titulo": "Evento discutirá desafios e avanços na ética em pesquisa com seres humanos no Brasil",
    "descricao": "Atualmente, sistema conta com aproximadamente 900 CEPs e mais de 16 mil integrantes, responsáveis pela análise ética das pesquisas em todo país",
    "subtitulo": "ÉTICA EM PESQUISA",
    "categoria": "Saúde e Vigilância Sanitária",
    "autora": "Ministério da Saúde",
    "tags": [
        "ciência e tecnologia em saúde",
        "ética em pesquisa",
        "inovação"
    ],
    "data_publi": "21/06/2024",
    "texto": "Nos dias 22 e 23 de julho acontece o VII Encontro Nacional de Ética em Pesquisa (Encep), em Brasília, que vai discutir a pesquisa com seres humanos no Brasil. O objetivo é promover debates que contribuam para o avanço e a superação dos desafios enfrentados diariamente pelos Comitês de Ética em Pesquisa. As inscrições estão abertas e podem ser realizadasna página do evento.\n\nAlém disso, o encontro será um espaço amplo de trocas de experiências para enriquecer e qualificar a análise ética das pesquisas que envolvam seres humanos e garantir a proteção de participantes de pesquisa no Brasil.\n\nO evento é realizado pela Comissão Nacional de Ética em Pesquisa (Conep) em parceria com o Ministério da Saúde e o Conselho Nacional de Saúde que reunirá membros de Comitês de Ética em Pesquisa (CEPs), representantes de Participantes de Pesquisa (RPPs), pesquisadores e defensores do desenvolvimento da ciência com ética.\n\nAtualmente, o Sistema CEP/Conep conta com aproximadamente 900 CEPs e mais de 16 mil integrantes em todo território brasileiro, responsáveis pela análise ética das pesquisas no país.\n\nProgramação\n\nO encontro terá parte da programação transmitida pelocanal da Conep no YouTubee vai abordar os seguintes temas:\n\nSobre a Conep\n\nDe responsabilidade compartilhada pelo Conselho Nacional de Saúde e Secretaria de Ciência e Tecnologia e Inovação e do Complexo Econômico-Industrial da Saúde, a Comissão Nacional de Ética em Pesquisa (Conep) tem como objetivo a proteção dos participantes de pesquisa, por meio da análise ética de todos os estudos que envolvem direta ou indiretamente seres humanos no Brasil.\n\nReconhecido como um dos maiores sistemas de análise ética de pesquisas com seres humanos do mundo, o Sistema CEP/Conep reúne representantes de diversas instituições de saúde, educação e outros setores da sociedade.\n\nAcesse o site da Conep e saiba mais"
}