{
    "url": "https://www.gov.br/saude/pt-br/assuntos/noticias/2024/agosto/alimentacao-saudavel-a-chave-para-a-prevencao-de-doencas-cronicas-nao-transmissiveis",
    "titulo": "Alimentação saudável: a chave para a prevenção de doenças crônicas não transmissíveis",
    "descricao": "Guia Alimentar para a População Brasileira completa 10 anos e destaca estratégias nutricionais para reduzir riscos de doenças causadas pela alimentação inadequada",
    "subtitulo": "SÉRIE GUIA ALIMENTAR",
    "categoria": "Saúde e Vigilância Sanitária",
    "autora": "Simone SampaioMinistério da Saúde",
    "tags": [
        "atenção primária",
        "alimentação saudável",
        "nutrição",
        "guia alimentar"
    ],
    "data_publi": "20/08/2024",
    "texto": "Em 2024, a segunda edição doGuia Alimentar para a População Brasileiracompleta 10 anos. Para marcar a data, o Ministério da Saúde lança, nesta terça-feira (20), uma série especial de notícias que abordará diversos aspectos do documento. Desde sua primeira edição, o objetivo do guia é apoiar e incentivar práticas alimentares saudáveis que promovam o bem-estar da sociedade e ajudem na formulação de políticas públicas que permitam às pessoas colocar em prática as orientações alimentares recomendadas.\n\nA 2ª edição do guia destaca a alimentação saudável como uma ferramenta essencial na prevenção de doenças crônicas, comodiabetes,hipertensãoe doenças cardíacas. Essas condições estão diretamente associadas ao consumo de alimentos ultraprocessados e à oferta desequilibrada de nutrientes. Com base em evidências e recomendações práticas, o guia oferece um caminho claro para melhorar a saúde e reduzir o risco dessas doenças por meio de escolhas alimentares adequadas.\n\nPara a coordenadora geral de Alimentação e Nutrição do Ministério da Saúde, Kelly Poliany Alves, adotar uma alimentação saudável é uma das formas mais eficazes de prevenir doenças crônicas. “O guia alimentar oferece orientações baseadas em evidências que podem ajudar a população a fazer escolhas alimentares que promovem a saúde e reduzem o risco dessas condições”. E acrescenta: “É fundamental reduzir o consumo de alimentos ricos em gordura e adotar os alimentosin naturae minimamente processados, como cereais integrais, frutas, legumes e verduras”.\n\nPara proteger a saúde dos brasileiros, o guia apresenta quatro recomendações principais e uma regra de ouro:\n\nRegra de ouro: prefira sempre alimentosin naturaou minimamente processados e preparações culinárias a alimentos ultraprocessados.\n\nO consumo excessivo de sódio e gorduras saturadas está associado a um aumento no risco de doenças cardíacas, enquanto o excesso de açúcar pode elevar a probabilidade de cáries dentárias, obesidade e outras doenças crônicas. Alimentos processados, embora preservem parte dos nutrientes do produto original, muitas vezes comprometem a qualidade nutricional devido aos ingredientes e métodos de processamento, frequentemente contendo quantidades de sal ou açúcar muito superiores às usadas na preparação caseira.\n\nO guia também recomenda evitar alimentos ultraprocessados, como biscoitos recheados, salgadinhos de pacote e refrigerantes. De acordo com o documento, esses alimentos possuem uma composição nutricional desbalanceada e o consumo excessivo de calorias que contribuem para a obesidade e favorecem o desenvolvimento de doenças cardíacas, diabetes e vários tipos de câncer.\n\nReferência desde 2006\n\nPublicado em 2006, o Guia Alimentar para a População Brasileira, desenvolvido pelo Ministério da Saúde em parceria com Núcleo de Pesquisas Epidemiológicas em Nutrição e Saúde da Universidade de São Paulo (USP), apresentou as primeiras diretrizes alimentares oficiais para a população. Com as transformações sociais que impactaram as condições de saúde e nutrição da sociedade,foi necessário atualizar as recomendações.\n\nA segunda edição, disponível desde 2014, foi elaborada após um processo de consulta pública que envolveu um extenso debate com diversos setores da sociedade. Essa versão, de acordo com a coordenadora, permanece atual após 10 anos. \"As evidências científicas mostram que os problemas de saúde que estavam presentes na época da revisão, como as doenças crônicas não transmissíveis, continuam avançando e estão diretamente relacionados à alimentação inadequada\", conclui Kelly.\n\nAcesse o Guia Alimentar na íntegra"
}