{
    "url": "https://www.gov.br/saude/pt-br/assuntos/noticias/2024/fevereiro/conheca-as-recomendacoes-do-codigo-latino-americano-e-do-caribe-contra-o-cancer",
    "titulo": "Conheça as recomendações do Código Latino-Americano e do Caribe contra o câncer",
    "descricao": "Evidências científicas demonstram que medidas individuais podem diminuir riscos. Dia mundial de combate à doença é lembrado no dia 4 de fevereiro",
    "subtitulo": "PREVENÇÃO DO CÂNCER",
    "categoria": "Saúde e Vigilância Sanitária",
    "autora": "Janaína MichalskiMinistério da Saúde",
    "tags": [
        "atenção especializada à saúde",
        "câncer",
        "4 de fevereiro",
        "dia mundial do câncer"
    ],
    "data_publi": "02/02/2024",
    "texto": "O Código Latino-Americano e Caribenho contra o Câncer estabelece uma série de ações que podem ser adotadas por todas as pessoas, a fim de contribuir para a prevenção da doença. Ele consiste em 17 recomendações baseadas em sólidas evidências científicas identificadas, selecionadas e avaliadas por mais de 60 especialistas da Agência Internacional de Pesquisa em Câncer da Organização Mundial da Saúde (OMS) e outras organizações situadas na América Latina e no Caribe, incluindo o Instituto Nacional de Câncer (Inca), no Brasil.Segundo dados da OMS, com a adoção de medidas adequadas de prevenção, cerca de 1,5 milhão de mortes por câncer poderiam ser evitadas anualmente. O número está incluído na “meta 25 para 25” da OMS, que visa reduzir as mortes prematuras por doenças não transmissíveis em 25% até 2025.\n\nPara elaborar as recomendações, os especialistas consideraram as particularidades regionais quanto à carga de câncer, seus fatores de risco, os sistemas de saúde e as desigualdades sociais nos países. Um exemplo são os desafios da detecção e do diagnóstico precoce da doença em áreas rurais, populações ribeirinhas e comunidades indígenas.\n\nO documento sugere ações e políticas públicas para gestores da saúde e recomendações individuais voltadas às populações dos países, com medidas a serem adotadas para reduzir o risco de se desenvolver a doença.\n\nAs 17 recomendações do Código Latino-Americano e do Caribe contra o Câncer são:\n\n14. Não faça reposição hormonal na menopausa, a menos que seja indicada pelo seu médico;\n\n15. Se você tem entre 50 e 74 anos, procure o serviço de saúde e solicite o exame de detecção precoce do câncer de cólon e reto (sangue oculto nas fezes ou colonoscopia);\n\n16. Se você tem 40 anos ou mais, vá ao serviço de saúde a cada dois anos para fazer um exame clínico das mamas. A partir dos 50 até os 74 anos, faça uma mamografia a cada dois anos;\n\n17. Se você tem entre 30 e 64 anos, procure o serviço de saúde e solicite o teste molecular do HPV, pelo menos a cada 5 a 10 anos, para detecção precoce do câncer do colo do útero.\n\nDia Mundial do Câncer\n\nO reconhecimento da data 4 de fevereiro como Dia Mundial do Câncer surgiu no ano 2000, com a assinatura da Carta de Paris pelo então presidente da França, Jacques Chirac, e pelo então diretor-geral da UNESCO, Kōichirō Matsuura.\n\nNo ano anterior, seis especialistas em câncer se reuniram para redigir o documento sobre uma visão para abordar o impacto do câncer “na vida humana, no sofrimento humano e na produtividade das nações”. A Carta destacou a necessidade de acesso a cuidados de qualidade, financiamento para a pesquisa do câncer, maior entendimento e, acima de tudo, respeito e dignidade para todos os indivíduos que vivem com a doença. Ao final, um artigo sugeriu um dia internacional de conscientização.\n\nDesde então, a data ficou marcada por campanhas globais de utilidade pública que visam evitar milhões de mortes anuais a partir do aumento da consciência e da educação sobre a doença."
}