{
    "url": "https://www.gov.br/saude/pt-br/assuntos/noticias/2024/setembro/alem-da-alta-disponibilidade-alimentos-ultraprocessados-trazem-impactos-sociais-e-ambientais",
    "titulo": "Além da alta disponibilidade, alimentos ultraprocessados trazem impactos sociais e ambientais",
    "descricao": "Guia Alimentar para População Brasileira, editado pelo Ministério da Saúde, destaca a integração entre saúde, cultura e meio ambiente como fator preponderante para uma alimentação saudável",
    "subtitulo": "SÉRIE GUIA ALIMENTAR",
    "categoria": "Saúde e Vigilância Sanitária",
    "autora": "Simone SampaioMinistério da Saúde",
    "tags": [
        "atenção primária",
        "alimentação saudável",
        "nutrição",
        "guia alimentar"
    ],
    "data_publi": "04/09/2024",
    "texto": "“A alimentação adequada e saudável está profundamente ligada a um sistema alimentar que é socialmente e ambientalmente sustentável”. A afirmação é doGuia Alimentar para a População Brasileiraque, em 2024, completa 10 anos. As recomendações atualizadas nesta edição consideram dois aspectos fundamentais: o contexto sociocultural e a sustentabilidade. O guia visa promover uma alimentação que favoreça a saúde individual, respeite e valorize as tradições locais e o meio ambiente.\n\nA coordenadora geral de Alimentação e Nutrição do Ministério da Saúde, Kelly Poliany Alves, destaca que a pasta tem uma longa trajetória na construção do conceito de que uma alimentação adequada e saudável vai além da ingestão de nutrientes. Ela também está relacionada aos aspectos socioculturais, econômicos e ambientais, tanto no âmbito individual quanto coletivo. “Os guias alimentares são ferramentas essenciais não apenas para orientar as ações de educação alimentar e nutricional, mas também para influenciar outras políticas públicas relacionadas à produção, distribuição, abastecimento, comércio e oferta de alimentos para a população”, destaca.\n\nNesse sentido, o Guia alerta para os alimentos ultraprocessados que embora sejam por sua própria natureza não saudáveis, têm ganhado espaço devido ao baixo preço, à alta disponibilidade, conveniência e sabor. Esses alimentos apresentam impactos negativos na cultura, na vida social e no meio ambiente, afetando, assim, a saúde e o bem-estar das pessoas.\n\nCultura\n\nEsses alimentos afetam a cultura ao promover marcas padronizadas mundialmente e campanhas publicitárias agressivas. Essas estratégias criam uma falsa sensação de diversidade e fazem com que as tradições alimentares locais pareçam desinteressantes, especialmente para os jovens. Como resultado, há um crescente desejo de consumir esses produtos para se alinhar a uma cultura supostamente moderna e superior, diminuindo a importância das práticas alimentares tradicionais.\n\nVida social\n\nProjetados para consumo imediato, podendo ser ingeridos a qualquer hora e em qualquer lugar, os alimentos ultraprocessados eliminam a necessidade de preparar e compartilhar refeições. Seu consumo frequente ocorre em momentos de isolamento, como ao assistir televisão ou trabalhar no computador, o que reduz as oportunidades de interação social.  Segundo o guia, a \"interação social\" mostrada nas campanhas publicitárias desses produtos não reflete a realidade.\n\nMeio ambiente\n\nA produção e comercialização de alimentos ultraprocessados causam danos ao meio ambiente. As embalagens não biodegradáveis poluem o ambiente e exigem novas tecnologias para gestão de resíduos. A demanda por ingredientes como açúcar e óleos vegetais estimula monoculturas que utilizam agrotóxicos e fertilizantes, prejudicando a biodiversidade. Além disso, o transporte desse alimento consome muita energia e emite poluentes, enquanto o uso excessivo de água compromete recursos naturais essenciais.\n\nKelly Alves explica que uma das vertentes abordadas pelo Ministério da Saúde é o incentivo à alimentação adequada e saudável. Isso é feito por meio da divulgação clara de informações sobre essas práticas, os grupos de alimentos e suas características positivas e negativas. “A nossa orientação não se baseia em uma abordagem de permitido e proibido, mas sim em incentivar escolhas alimentares saudáveis e evitar aquilo que pode representar riscos à saúde”, observa.\n\nHistórico do Guia\n\nA primeira edição do Guia Alimentar para a População Brasileira, publicada em 2006 pelo ministério, apresentou as primeiras diretrizes alimentares oficiais para a população. Com as transformações sociais que impactaram as condições de saúde e nutrição da sociedade, foi necessário atualizar as recomendações.\n\nA segunda edição, desenvolvida em parceria com Núcleo de Pesquisas Epidemiológicas em Nutrição e Saúde da Universidade de São Paulo (USP) com apoio da Organização Panamericana de Saúde (Opas), disponível desde 2014, foi elaborada após um amplo processo de consulta pública que envolveu um extenso debate com diversos setores da sociedade. Essa versão permanece atual mesmo após uma década. \"As evidências científicas mostram que os problemas de saúde que estavam presentes na época da revisão, como as doenças crônicas não transmissíveis, continuam avançando e estão diretamente relacionados à alimentação inadequada\", conclui a coordenadora.\n\nAcesse o Guia Alimentar na íntegra"
}