{
    "url": "https://www.gov.br/saude/pt-br/assuntos/noticias/2024/marco/saude-lanca-cursos-sobre-vigilancia-epidemiologica-de-hiv-aids-sifilis-hepatites-virais-e-tuberculose",
    "titulo": "Saúde lança cursos sobre vigilância epidemiológica de HIV, aids, sífilis, hepatites virais e tuberculose",
    "descricao": "Interessados podem acessar os cursos pela plataforma AvaSUS.  Todas as qualificações são autoinstrucionais",
    "subtitulo": "QUALIFICAÇÃO",
    "categoria": "Saúde e Vigilância Sanitária",
    "autora": "Ministério da Saúde",
    "tags": [
        "vigilância em saúde e ambiente",
        "capacitação",
        "ist",
        "vigilância epidemiológica"
    ],
    "data_publi": "26/03/2024",
    "texto": "O Ministério da Saúde lançou esta semana um conjunto de cursos on-line gratuitos na plataformaAvaSUS. Voltados para profissionais da saúde com foco na vigilância epidemiológica de HIV, aids, sífilis, hepatites virais e tuberculose, os cursos foram concebidos pelo Departamento de HIV, Aids, Tuberculose, Hepatites Virais e Infecções Sexualmente Transmissíveis (Dathi), daSecretaria de Vigilância em Saúde e Ambiente (SVSA), e pela Sociedade Beneficente Israelita Brasileira – Hospital Albert Einstein, por meio doPrograma de Apoio ao Desenvolvimento Institucional do Sistema Único de Saúde (Proadi-SUS).\n\nO objetivo da iniciativa é qualificar, atualizar e contribuir para o desenvolvimento de habilidades de vigilância em saúde, já que o conhecimento e as habilidades em vigilância são essenciais para o planejamento, a implementação e a avaliação em saúde pública. O curso principal tem carga horária de 40h e aborda os princípios da vigilância epidemiológica. Os demais cursos têm carga horária de 10h e focam especificamente na tuberculose, nas hepatites virais, na sífilis, em HIV e aids. Todas as qualificações são autoinstrucionais e incluem técnicas de aprendizagem com a utilização de recursos visuais, auditivos e atividades práticas.\n\nOs cursos contam com conteúdos atualizados em relação à epidemiologia e vigilância em saúde, Política Nacional de Vigilância em Saúde, procedimentos de notificação e investigação de casos, fluxos de trabalho, prazos, instrumentos utilizados, critérios para definição de casos, além dos sistemas de informação em saúde e medidas de controle.\n\nAcesso aos cursos"
}