{
    "url": "https://www.gov.br/saude/pt-br/assuntos/noticias/2024/setembro/governo-federal-homenageia-personalidades-por-contribuicoes-a-saude-publica-no-brasil",
    "titulo": "Governo federal homenageia personalidades por contribuições à saúde pública no Brasil",
    "descricao": "Iniciativa reconheceu 23 pessoas e 10 instituições que atuaram para enfrentar a queda histórica das coberturas vacinais registrada nos últimos anos",
    "subtitulo": "RECONHECIMENTO",
    "categoria": "Saúde e Vigilância Sanitária",
    "autora": "Edjalma BorgesMinistério da Saúde",
    "tags": [
        "vigilância em saúde e ambiente",
        "homenagem",
        "medalha de mérito",
        "oswaldo cruz"
    ],
    "data_publi": "11/09/2024",
    "texto": "O governo federal lançou, em 2023, oMovimento Nacional pela Vacinação, com o objetivo de unir o Brasil em um amplo pacto pela valorização da ciência e o incentivo à imunização. Nesta quarta-feira (11), como reconhecimento àqueles que atuaram para enfrentar a queda histórica das coberturas vacinais registrada nos últimos anos, o presidente da República, Luiz Inácio Lula da Silva, e a ministra da Saúde, Nísia Trindade, entregaram a Medalha de Mérito Oswaldo Cruz para 23 pessoas e 10 instituições. O trabalho dos homenageados contribuiu para tirar o Brasil do ranking dos 20 países com mais crianças não imunizadas, segundo dados do Unicef.\n\nDentre as pessoas homenageadas, estava a primeira-dama do Brasil, Rosângela Lula da Silva, a Janja, que abriu espaço publicamente para reforçar o Movimento Nacional pela Vacinação; e o ativista anticapacitista Ivan Baron, que participou da entrega da faixa presidencial a Lula na posse. Nomes como o do presidente da Fiocruz, Mário Moreira, e do diretor do Instituto Butantan, Esper Kallás, também foram lembrados. Os institutos contribuíram para a produção de imunizantes no auge da pandemia dacovid-19. No caso da Fiocruz, há ampla contribuição de doses contrapoliomielite,febre amarelaesarampo, por exemplo.\n\nNa cerimônia, realizada no Palácio do Planalto, a ministra da Saúde e o presidente Lula entregaram individualmente cada uma das medalhas. Nísia exaltou o trabalho de todos os homenageados nos esforços pela retomada da vacinação no país. “É uma honra poder homenageá-los com a Medalha de Mérito Oswaldo Cruz. Vocês defendem a vida, oSUSe a democracia”, disse. “A recuperação das coberturas vacinais, que estavam em queda desde 2016, só foi possível graças ao empenho de toda a sociedade e ao trabalho de cada um de vocês. Muito obrigado em nome do governo, de toda a equipe do Ministério da Saúde, e principalmente em nome de todos os brasileiros”, agradeceu.\"Quero agradecer a cada um de vocês por manter viva a esperança de que há mais pessoas comprometidas em salvar vidas do que em tirá-las”, disse Lula. “A existência de uma instituição como o SUS, além do trabalho incansável das pessoas que o sustentam, é algo que precisamos sempre valorizar”, complementou o presidente.\n\nAcesse os decretos que concedem a medalha:\n\nSobre a homenagem\n\nInstituída em 1970, a Medalha de Mérito Oswaldo Cruz é concedida a brasileiras, brasileiros ou pessoas estrangeiras que, no campo das atividades científicas, educacionais, culturais e administrativas relacionadas com a higiene e a saúde pública em geral, tenham distinguido de forma notável ou relevante e tenham contribuído, direta ou indiretamente, para o bem-estar físico e mental da coletividade brasileira.\n\nA honraria é dividida em três níveis: ouro, prata e bronze. Todos os homenageados nesta edição vão receber a categoria ouro.\n\nOutros agraciadosEntre os homenageados, a técnica do Ministério da Saúde Sirlene Pereira recebeu a comenda pelo seu trabalho ativo no Departamento do Programa Nacional de Imunizações (DPNI) daSecretaria de Vigilância em Saúde e Ambiente (SVSA). Formada em Enfermagem e Obstetrícia pela Universidade Católica de Goiás, e com especializações em Saúde Coletiva, Educação em Saúde, Epidemiologia e Imunizações, Sirlene tem dedicado sua carreira à imunização desde sua entrada no ministério, em 1999.\n\nA enfermeira expressou gratidão e orgulho ao receber a medalha. \"Ser agraciada com esta honra tem um significado imenso para mim. Desde os tempos de estudante, sempre fui apaixonada pelo trabalho do Ministério da Saúde. Cresci em uma realidade de baixa renda, e o SUS foi essencial para minha vida e saúde. Esta medalha não representa apenas a minha dedicação, mas também o esforço coletivo de todos que se empenham para garantir a saúde da nossa população\", destacou.\n\nJá o fundador da Agência de Notícias das Favelas (ANF), jornalista André Fernandes Gomes de Souza, recebeu a medalha em nome da instituição, criada em 2001, e reconhecida pela Reuters como a primeira agência de notícias de favelas do mundo. Em 2005, a ANF tornou-se uma ONG, consolidando sua missão de democratizar a informação, levando a voz dos moradores das favelas para o cenário global.\n\n\"Estou extremamente feliz e emocionado, especialmente porque a ministra Nísia Trindade nos convidou para uma parceria para aumentar os índices vacinais no Brasil. Conseguimos cumprir nossa parte dentro das favelas para alcançar essa missão”, salientou Fernandes. “Esta honraria representa a luta de centenas de colaboradores da ANF por um Brasil melhor”.\n\nConfira a lista dos homenageados com a Medalha de Mérito Oswaldo Cruz\n\nAssista à transmissão\n\n"
}