{
    "url": "https://www.gov.br/saude/pt-br/assuntos/noticias/2024/agosto/dia-da-infancia-coberturas-vacinais-de-criancas-em-2024-ja-superam-indices-do-ano-passado",
    "titulo": "Dia da Infância: coberturas vacinais de crianças em 2024 já superam índices do ano passado",
    "descricao": "Dos 16 tipos de imunizantes disponíveis no SUS para aplicação até o segundo ano de vida, 9 já ultrapassaram as porcentagens de 2023",
    "subtitulo": "IMUNIZAÇÃO",
    "categoria": "Saúde e Vigilância Sanitária",
    "autora": "Ana FreireMinistério da Saúde",
    "tags": [
        "vigilância em saúde e ambiente",
        "infância",
        "vacinação",
        "prevenção"
    ],
    "data_publi": "24/08/2024",
    "texto": "Neste sábado (24), o Dia da Infância é celebrado em todo o mundo. A data, instituída pelo Fundo das Nações Unidas para a Infância (Unicef), promove a reflexão sobre as condições de vida e os direitos das crianças e a vacinação é uma dessas garantias. Em 2024, de acordo com aRede Nacional de Dados em Saúde (RNDS)do Ministério da Saúde, nove vacinas aplicadas até o segundo ano de vida das crianças já superaram os números do ano passado.\n\nPara o diretor do Departamento do Programa Nacional de Imunizações (DPNI), Eder Gatti, o aumento da adesão às vacinas possibilita um maior controle das doenças imunopreveníveis no Brasil. “Graças ao Movimento Nacional pela Vacinação, lançado no início de 2023, e da introdução de novas estratégias, como o microplanejamento, que consiste em diversas atividades com foco na realidade de cada local, estamos conseguindo recuperar a confiança nas vacinas e resgatar essa cultura no país”, observa.\n\nEm 2023, a vacinação contra aHepatite B, recomendada ao nascer, podendo ser administrada até os primeiros 30 dias após o nascimento dos bebês, registrou 77,23% de imunização. Neste ano, até o dia 20 de agosto, 80,6% das crianças já receberam a dose. O aumento também é notado na vacina de reforço da pneumocócica, que saiu de 82,9% para 85,6%; da poliomielite oral, de 77,9% para 82,3%; da primeira dose da tríplice viral, de 88,2% para 90,8%; da segunda dose da tríplice viral, de 65,3% para 74,5%; e o reforço da DTP, de 78% para 80,3%.\n\nNa imunização contra ameningite, com a meningocócica C, 95,4% das primeiras doses e 97,9% da dose de reforço foram administradas. Em 2023, os registros foram de 87,9% e 86,2%, respectivamente.\n\nAmanda Santos, 24 anos, é mãe de Maria Júlia, de 1 ano e 4 meses. Moradora do Rio de Janeiro, a analista jurídica sempre enxergou a vacinação como prioridade e um ato de amor à filha. “Vacinar a Maria é um ensinamento sobre a importância de cuidar de si e do próximo. A vacinação não se restringe à saúde individual de minha filha, mas contribui para o bem-estar coletivo”, declarou.\n\nEm abril, o Ministério da Saúde identificou um aumento nas coberturas vacinais de 13 dos 16 principais imunizantes do calendário infantil do Programa Nacional de Imunizações (PNI) em comparação a 2022. O resultado, observado em todo o país, muda o cenário de queda dos índices vacinais enfrentado pelo Brasil desde 2016.\n\nO atual balanço também corrobora com as estimativas da Organização Mundial da Saúde (OMS) e da Unicef, que tiraram o Brasil da lista dos 20 países com mais crianças não imunizadas.\n\nInvestimento\n\nEm 2023, o investimento para apoiar estados e municípios na compra de imunizantes foi de mais de R$ 6,5 bilhões. Para este ano, a previsão é que esses recursos cheguem a R$ 10,9 bilhões. Além disso, R$ 150 milhões são destinados anualmente para apoiar ações de imunização com foco no microplanejamento e na comunicação regionalizada.\n\nAtualmente, o DPNI do Ministério da Saúde oferece mais de 40 tipos de imunobiológicos no SUS. OCalendário Nacional de Vacinaçãocontempla, na rotina dos serviços de vacinação, 20 vacinas que beneficiam não só crianças, mas também adolescentes, adultos, idosos, gestantes e povos indígenas.\n\nCalendário Nacional de Vacinação\n\nUma forma de saber quais vacinas são recomendadas para cada etapa da vida é por meio doCalendário Nacional de Vacinação. Vale ressaltar que os imunizantes disponíveis no SUS são seguros, eficazes e de vital importância para proteção contra doenças imunopreveníveis.  Confira abaixo as doses recomendadas até os 10 anos de idade:\n\nRecém-nascidos\n\n2 meses\n\n3 meses\n\n4 meses\n\n5 meses\n\n6 meses\n\nProtege contra as graves e óbitos por covid-19, causada pelo SARS-CoV-2\n\nObs.: A vacina covid-19 está recomendada com esquema de duas doses (aos 6 e 7 meses de idade), respeitando os intervalos mínimos recomendados (4 semanas entre a 1ª e 2ª dose). Caso não tenha iniciado ou completado o esquema primário até os 7 meses de idade, a vacina poderá ser administrada até 4 anos, 11 meses e 29 dias, conforme histórico vacinal. Para indivíduos imunocomprometidos, o esquema vacinal é de três doses (aos 6, 7 e 9 meses).\n\n7 meses\n\n9 meses\n\n12 meses\n\n15 meses\n\n4 anos\n\n5 anos\n\nVacina pneumocócica 23-valente - (Pneumo 23): protege contra infecções invasivas pelo pneumococo - Uma dose para a população indígena.\n\n9 e 10 anos\n\nDoenças evitadas: Papilomavírus Humano 6, 11, 16 e 18.\n\nInformações detalhadas podem ser encontradas noCalendário Nacional de Vacinação; e tambémnaInstrução Normativa do Calendário Nacional de Vacinação - 2024.\n\nPara os indivíduos que apresentam condições clínicas especiais, as vacinas e as recomendações de uso preconizadas pelo PNI estão dispostas noManual dos Centros de Referência para Imunobiológicos Especiais - CRIE."
}