{
    "url": "https://www.gov.br/saude/pt-br/assuntos/noticias/2024/novembro/saude-reune-estados-do-norte-para-reforcar-medidas-de-controle-da-dengue",
    "titulo": "Saúde reúne estados do Norte para reforçar medidas de controle da dengue",
    "descricao": "Encontro online, que já aconteceu com outros estados, serviu para orientar e debater estratégias de enfrentamento às arboviroses",
    "subtitulo": "AÇÃO CONJUNTA",
    "categoria": "Saúde e Vigilância Sanitária",
    "autora": "João Vitor MouraMinistério da Saúde",
    "tags": [
        "vigilância em saúde e ambiente",
        "arboviroses",
        "dengue",
        "prevenção"
    ],
    "data_publi": "04/11/2024",
    "texto": "ASala Nacional de Arbovirosesse reuniu na sexta-feira, 1º, com os estados do Acre, Amazonas, Amapá, Rondônia e Roraima para apresentar oPlano de Ação para redução da Dengue e outras Arbovirosese discutir como as ações podem ser feitas na região. A reunião foi online e contou com a participação das secretarias deVigilância em Saúde e Ambiente (SVSA), deAtenção Primária à Saúde (Saps), deAtenção Especializada (Saes), além de gestores e técnicos de saúde e de vigilância dos estados e seus respectivos municípios com mais de 100 mil habitantes.\n\nA ideia dessas reuniões, que também já aconteceu com estados de outras regiões, é “fazer uma grande mobilização para que as pessoas participem ativamente na redução da proliferação doAedese procurarem as unidades de saúde quando os primeiros sintomas apresentarem, para que a quadro clínico não se agrave”, destacou o secretário adjunto de Vigilância em Saúde e Ambiente, Rivaldo Cunha.\n\nPara o controle do vetor transmissor das arboviroses, o ministério incorporou como política pública tecnologias como as Estações Disseminadoras de Larvicidas (EDL), a ampliação do métodoWolbachia, o uso de insetos estéreis em aldeias indígenas e a ampliação da Borrifação Residual Intradomiciliar (BRI).\n\nO plano apresentado para os estados - foi lançado em setembro pelo Governo Federal e construído por mais de 200 pesquisadores, gestores e técnicos dos estados e municípios, além de profissionais que atuam na ponta – conta com seis eixos de atuação: prevenção; vigilância; controle vetorial; organização da rede assistencial e manejo clínico, preparação e resposta às emergências; comunicação e participação comunitária."
}