{
    "url": "https://www.gov.br/saude/pt-br/assuntos/noticias/2024/outubro/ministerio-da-saude-repassa-r-45-milhoes-para-obras-do-novo-pac",
    "titulo": "Ministério da Saúde repassa R$ 45 milhões para obras do Novo PAC",
    "descricao": "Mais de 20 municípios serão beneficiados com os recursos destinados à construção de 20 Unidades Básicas de Saúde e 3 Centros de Atenção Psicossocial em 10 estados",
    "subtitulo": "NOVO PAC",
    "categoria": "Saúde e Vigilância Sanitária",
    "autora": "Vanessa RodriguesMinistério da Saúde",
    "tags": [
        "secretaria executiva",
        "novo pac saúde",
        "atenção psicossocial",
        "unidade básica de saúde"
    ],
    "data_publi": "15/10/2024",
    "texto": "Vinte e dois municípios receberam R$ 45 milhões para a execução de 23 novas obras, entre Unidades Básicas de Saúde (UBSs) e Centros de Atenção Psicossocial (Caps). O pagamento é uma das etapas da execução de investimentos do eixoSaúde do Novo Plano de Aceleração do Crescimento (Novo PAC). O programa, do governo federal, vai investir um total de R$ 31,5 bilhões até 2026 para a ampliação de serviços no SUS.\n\n“Os valores já foram transferidos. Todo município com obra na modalidade fundo a fundo que tiver licitação feita, contrato assinado e ordem de início de serviço emitida tem direito a receber o valor integral do apoio federal”, explica o diretor executivo do Fundo Nacional de Saúde (FNS), Dárcio Guedes.\n\nO pagamento de obras fundo a fundo ocorre em parcela única, ou seja, o valor integral é transferido de uma vez, após a ordem de início do serviço. Dessa forma, há menos chances de obras paralisadas, já que se evitam atrasos nos pagamentos do município à empresa contratada para a construção.\n\nO recurso está sendo transferido poucos dias após o fim do ‘defeso eleitoral’, época em que ficam proibidas as transferências financeiras a municípios antes das eleições. Essa celeridade no pagamento representa o compromisso do ministério com o bom andamento das obras e com o mecanismo de repasse fundo a fundo.\n\nUm dos municípios aptos a começar as obras é Santa Terezinha (PE) que conta com equipes deSaúde da Famíliatrabalhando em instalações inadequadas para o acolhimento aos moradores da região. “A construção da nova UBS será fundamental na promoção do bem-estar e cuidado com a saúde da população. Mais de 2.300 usuários estão esperando há seis anos por isso”, declara o prefeito da cidade, Adeilson Lustosa da Silva. A gestão tem expectativa que a nova UBS seja concluída no período de 1 ano após a liberação do recurso pelo ministério.\n\nConfira os demais municípios que receberam os recursos\n\nApoio a estados e municípios\n\nO Ministério da Saúde tem desenvolvido diversas ações para apoiar os entes federados a licitarem projetos com qualidade e tempo razoável. Os projetos arquitetônicos e complementares deUBS porte I já foram divulgados pela pastae homologados pela Agência Nacional de Vigilância Sanitária (Anvisa). Os de porte II devem ser divulgados no dia 15.\n\nMais informações podem ser encontradas no site do PAC da Saúde"
}