{
    "url": "https://www.gov.br/saude/pt-br/assuntos/noticias/2024/novembro/saiba-quais-sao-as-tecnologias-adotadas-pelo-ministerio-da-saude-para-o-controle-da-dengue-e-outras-arboviroses",
    "titulo": "Saiba quais são as tecnologias adotadas pelo Ministério da Saúde para o controle da dengue e outras arboviroses",
    "descricao": "Medidas fazem parte do Plano de Ação para a redução das doenças e inclui o uso de estações disseminadoras de larvicida (EDLs) e outras",
    "subtitulo": "CONTRA O MOSQUITO",
    "categoria": "Saúde e Vigilância Sanitária",
    "autora": "Edjalma BorgesMinistério da Saúde",
    "tags": [
        "vigilância em saúde e ambiente",
        "arboviroses",
        "dengue",
        "prevenção"
    ],
    "data_publi": "12/11/2024",
    "texto": "A crescente urbanização, as dinâmicas populacionais e os desafios relacionados ao acesso à água e à destinação de resíduos sólidos são alguns dos fatores determinantes para a ocorrência de arboviroses no Brasil, como adengue,zikaechikungunya. Segundo dados recentes, mais de 5 mil municípios no país têm a presença do mosquitoAedes aegypti, vetor responsável pela transmissão dos vírus causadores dessas doenças. Diante desse cenário, o Ministério da Saúde vem fazendo uso de tecnologias com evidências científicas para fortalecer o controle vetorial, especialmente em cidades com mais de 100 mil habitantes, que concentram mais da metade dos casos prováveis de dengue entre 2013 e 2022.\n\nAs ações fazem parte doPlano de Ação para Redução da Dengue e outras Arboviroses,lançado em setembro pelo presidente Lula e a ministra da Saúde, Nísia Trindade.\n\nA Coordenação-Geral de Vigilância de Arboviroses do Ministério da Saúde, área responsável pelo monitoramento, vigilância e política de controle das arboviroses, enfatiza que as estratégias de controle do mosquito devem ser definidas de acordo com as especificidades locais, sempre na lógica do manejo integrado de vetores.A partir dessa perspectiva, o ministério vem adotando uma série de tecnologias para o controle doAedes aegypti, que incluem a estratificação de risco territorial para arboviroses, o monitoramento entomológico por ovitrampas, a Borrifação Residual Intradomiciliar (BRI -Aedes),ométodo Wolbachia, o uso de Inseto Estéril Irradiado e das Estações Disseminadoras de Larvicidas – as EDLs. Soma-se às estratégias de prevenção a incorporação da vacina contra a dengue no SUS em 2023.\n\nEstratégias\n\nO passo inicial, principalmente para os municípios de grande porte, é realizar a avaliação do risco e caracterização do território municipal, considerando os principais fatores que podem contribuir para a infestação dos mosquitos vetores. O monitoramento entomológico por ovitrampas somado aos levantamentos de índices larvários (LIRAa e LIA) permitem uma vigilância permanente da infestação, possibilitando o direcionamento de ações a partir das ovitrampas (armadilhas usadas para capturar os ovos do mosquito).\n\nConfira a seguir as novas tecnologias para o controle doAedes aegyptique são recomendadas pelo Ministério da Saúde:\n\nMonitoramento entomológico por ovitrampas\n\nAs ovitrampas, também chamadas de armadilhas de oviposição, são pequenos recipientes de plástico, que servem para que as fêmeas doAedescoloquem seus ovos. Poucos dias após a instalação, é feita a substituição da palheta e os ovos são retirados do ambiente pelo agente de endemias, antes que nasçam as larvas do mosquito. A armadilha serve para indicar a presença deAedes aegyptieAedes albopictusno local, a quantidade de ovos produzida por área e, ainda, ajuda a remover os ovos do vetor da natureza.\n\nO método Wolbachia\n\nO método consiste na liberação deAedes aegyptiinfectados com uma bactéria chamadaWolbachia. AWolbachiaé uma bactéria que não infecta o homem ou animais vertebrados, mas que nos mosquitosAedes aegyptiimpedem que os vírus dadengue,zikaechikungunyase desenvolvam, contribuindo para redução da transmissão destas doenças.\n\nOs mosquitos comWolbachiasão liberados para que se reproduzam com osAedes aegyptilocais estabelecendo, aos poucos, uma nova população destes mosquitos, todos comWolbachia. Os ‘wolbitos’, como são chamados, não são transgênicos e não transmitem doenças. Com o tempo, a porcentagem de mosquitos que carregam o microrganismo aumenta, até que permaneça alta sem a necessidade de novas liberações. Por esta razão, ele é considerado um método autossustentável.\n\nBorrifação residual intradomiciliar (BRI-Aedes)\n\nA borrifação residual intradomiciliar consiste na aplicação de inseticida residual em partes das paredes internas de imóveis especiais (IE). Assim, quando o mosquito pousar sobre essas paredes, entrarão em contato com o produto. Ainda, a BRI pode promover repelência dos mosquitos, evitando que eles permaneçam no interior do imóvel.\n\nClassifica-se como imóveis especiais aqueles onde há grande circulação de pessoas durante o dia, já que o mosquitoAedestem hábitos diurnos. Como exemplo de imóveis especiais estão as estações rodoviárias e de metrô, prédios públicos, escolas, centros comunitários, cooperativas de recicladores, centros de saúde, igrejas etc. É importante ressaltar que esta técnica é segura à população, animais domésticos e meio ambiente.\n\nInseto estéril\n\nA técnica do inseto estéril por irradiação (TIE-Irradiado) é baseada na liberação de um grande número de mosquitos machos estéreis que, ao copular com as fêmeas, produzem ovos inférteis. Desse modo, é feita uma redução gradativa da população de mosquitos na área. Vale ressaltar que os mosquitos estéreis irradiados não picam as pessoas, pois apenas são liberados os machos. Além disso, vivem tempo o suficiente apenas para procurarem as fêmeas para a cópula.\n\nA técnica se mostra promissora como ferramenta alternativa em locais que o mosquito demonstra um perfil de resistência acentuada a inseticidas ou áreas onde a aplicação não é permitida, como por exemplo áreas de proteção ambiental infestadas porAedes aegypti, onde existam residências humanas próximas umas às outras.  Por esta razão, é uma estratégia adequada para utilização em áreas indígenas localizadas em áreas de preservação ambiental, onde o uso de inseticidas não é permitido.\n\nEstações Disseminadoras de Larvicidas (EDLs)\n\nA disseminação de larvicida é uma tecnologia de controle populacional de mosquitos, que atrai as fêmeas deAedes aegyptieAedes albopictusaté recipientes, chamados de Estações Disseminadoras de Larvicida (EDLs), impregnados com larvicidas à base de reguladores de crescimento de insetos.Ao pousar nas EDLs, as micropartículas do larvicida aderem ao corpo do mosquito. Como as fêmeas deAedesvisitam muitos criadouros para colocar parte dos ovos em cada um, elas disseminam o larvicida, contaminando a água desses criadouros, em um raio que pode variar entre 300 e 400 metros. Desta forma, a água dos criadouros passa ter o potencial de interferir no desenvolvimento das larvas que, dependendo da concentração do larvicida que houver no criadouro, podem não alcançar a fase adulta.\n\nUma das indicações de uso de EDL são as áreas de difícil acesso como na periferias de grandes centros urbanos e onde os criadouros predominantes do mosquito sejam depósitos ao nível do solo para armazenamento doméstico como tonel, tambor, tina, depósitos de barro e caixa d`água, bem como depósitos móveis – vasos e frascos com água, pratos, garrafas retornáveis, pingadeira, recipientes de degelo em geladeiras, bebedouros em geral, pequenas fontes ornamentais, materiais em depósitos de construção (sanitários estocados, canos, etc.), entre outros\n\nEnvolvimento da sociedade\n\nO Ministério da Saúde lembra que o controle das arboviroses depende não só de políticas públicas de saúde, mas também do envolvimento de outros setores e da comunidade. Mais de 70% dos criadouros do mosquito estão no interior das casas. A participação da população, especialmente no cuidado com ambientes domésticos, é essencial para eliminar criadouros. Ao mesmo tempo, gestores públicos são incentivados a garantir a limpeza de espaços públicos, consolidando uma abordagem integrada entre governo e sociedade."
}