{
    "url": "https://www.gov.br/saude/pt-br/assuntos/noticias/2024/novembro/em-jornada-da-ebserh-nisia-trindade-assina-repasse-de-recursos-para-qualificacao-e-ofertas-de-servicos-hospitalares",
    "titulo": "Em Jornada da Ebserh, Nísia Trindade assina repasse de recursos para qualificação e ofertas de serviços hospitalares",
    "descricao": "Ministra da Saúde e MEC formalizaram repasses de R$ 211 milhões para 9 hospitais universitários e R$ 803 milhões para 12 instituições via Novo PAC. Investimento visa expansão e melhorias em infraestrutura",
    "subtitulo": "GESTÃO",
    "categoria": "Saúde e Vigilância Sanitária",
    "autora": "Nesta segunda-feira (11), a ministra da Saúde, Nísia Trindade, participou da abertura do encontro de gestores promovido pela Empresa Brasileira de Serviços Hospitalares (Ebserh) - Jornada Ebserh 2024. O evento ocorre até esta quarta-feira (13) e reúne representantes de ministérios, conselhos e secretarias de governo. O objetivo é fortalecer a troca de experiências e discutir soluções para aprimorar a gestão hospitalar, com foco na inovação e integração do sistema público de saúde.A abertura do evento contou com a presença da ministra dos Direitos Humanos e da Cidadania, Macaé Evaristo, do diretor da Organização Pan-Americana da Saúde (Opas), Jarbas Barbosa, do presidente do Conselho Nacional de Secretarias municipais de Saúde (Conasems), Hisham Hamida, entre outras autoridades.Durante o evento, a ministra Nisia e o secretário executivo do Ministério da Educação, Leonardo Barchini, assinaram, simbolicamente, portaria formalizando repasses em que serão beneficiados 9 hospitais universitários da Ebserh no valor de R$ 211 milhões, por meio do Programa Nacional de Qualificação e Ampliação dos Serviços Prestados por Hospitais Universitários Federais Integrantes do SUS (PRHOSUS).Outra ação destinada aos hospitais universitários, no âmbito doNovo Programa de Aceleração do Crescimento (Novo PAC), foi o repasse de recursos por meio de Termos de Execução Descentralizada (TEDs). Os recursos dos TEDs destinam-se à construção, ampliação e aquisição de equipamentos, no âmbito do Novo PAC. Neste ato, 12 instituições da Ebserh serão beneficiadas com recursos da ordem de R$ 803 milhões.“Esses recursos irão beneficiar todas as regiões do país, o que é muito importante. Além disso, através do PAC temos hoje vários projetos contemplados com o repasse formalizado hoje, beneficiando hospitais de todas as regiões do país nesse programa tão significativo, que conta com o engajamento da Casa Civil. Estamos aqui numa ação de governo, com a participação da AGU, da CGU e dos nossos ministérios, numa compreensão coletiva de que saúde e educação são prioridades nacionais no nosso governo”, afirmou a ministra da Saúde.IntegraçãoO evento, intitulado “Integrando os Saberes da Rede”, inclui sessões plenárias e grupos temáticos que abordam desde a construção de uma rede hospitalar potente até o futuro dos hospitais universitários federais. Entre os temas das plenárias, destacam-se as discussões sobre “Paradigmas e possibilidades para a construção de uma Rede Ebserh potente” e “Práticas e saberes para a gestão dos Hospitais Universitários Federais do Futuro”. Esses diálogos unem ensino e inovação com a assistência à saúde, valorizando oSistema Único de Saúde (SUS)e os avanços em saúde digital.“A Jornada Ebserh 2024 representa um momento essencial de escuta e planejamento para o futuro da nossa Rede. Tenho certeza de que esse esforço coletivo fará uma grande diferença não só para os nossos hospitais e universidades, mas para o SUS e os territórios que servimos. Essa parceria com o Ministério da Saúde, liderada pela ministra Nísia Trindade e sua equipe, tem sido fundamental para consolidar nossos avanços e nosso compromisso com a saúde pública”, afirmou o presidente da Ebserh, Arthur Chioro.O encontro também conta com uma exposição fotográfica que oferece aos visitantes uma experiência visual sobre a atuação da Rede Ebserh, destacando momentos e projetos marcantes.Edjalma BorgesMinistério da Saúde",
    "tags": [
        "atenção especializada à saúde",
        "ebserh",
        "hospitais universitários",
        "inovação"
    ],
    "data_publi": "12/11/2024",
    "texto": ""
}