{
    "url": "https://www.gov.br/saude/pt-br/assuntos/noticias/2024/marco/saude-abre-novo-ciclo-de-capacitacoes-para-aprendizado-do-sistema-de-informacoes-sobre-orcamentos-publicos",
    "titulo": "Saúde abre novo ciclo de capacitações para aprendizado do sistema de informações sobre orçamentos públicos",
    "descricao": "Cursos sobre o Siops começam em abril e vão até novembro em diferentes localidades",
    "subtitulo": "ORÇAMENTO PÚBLICO",
    "categoria": "Saúde e Vigilância Sanitária",
    "autora": "Priscilla LeonelMinistério da Saúde",
    "tags": [
        "ciência e tecnologia em saúde",
        "siops",
        "orçamento público"
    ],
    "data_publi": "18/03/2024",
    "texto": "Atuando em apoio permanente aos estados e municípios, a Secretaria de Ciência, Tecnologia e Inovação e do Complexo Econômico-Industrial da Saúde (Sectics) terá uma nova rodada de capacitações quanto ao Sistema de Informações sobre Orçamentos Públicos em Saúde (Siops) em todas as regiões do Brasil.\n\nA agenda de formação desta ferramenta de gestão do SUS atende a pedidos das superintendências do Ministério da Saúde nos Estados, de federações, de associações e dos Conselhos de Secretários Municipais de Saúde (COSEMS), entre outros parceiros que buscam informações quanto ao uso do Siops.\n\nO ciclo de capacitações terá início nos dias 29 e 30 de abril, no Rio Grande do Sul, e seguirá até novembro por outros estados, previamente agendados. Entre eles, estão Tocantins, Acre, Amapá, Maranhão, Sergipe, Bahia, Rondônia, Paraíba, Minas Gerais, São Paulo e Paraná.\n\nO calendário tem como público os gestores da saúde e responsáveis pelo preenchimento de dados no sistema, mas também conta com a participação das áreas de planejamento dos entes federados. O objetivo do Departamento ministerial de Economia e Desenvolvimento em Saúde (Desid) é fazer uma atualização geral sobre o Siops, sobre sua importância como ferramenta de gestão, e sobre sua normatização e operacionalização com foco na qualidade da informação.\n\nO ciclo atenderá, ainda, à necessidade de comunicar as alterações a serem implantadas no sistema e incluirá mais um tema em sua programação: o módulo de Planejamento do DigiSUS. Para tal, o Desid conta com o apoio da Coordenação de Gestão dos Instrumentos de Planejamento do SUS (Coginp) e das superintendências nos estados.\n\nSemana contábil e fiscal\n\nAlém de promover o novo ciclo de capacitação, representantes do Desid participarão de agendas confirmadas entre abril e agosto pela Secretaria do Tesouro Nacional, vinculada ao Ministério da Fazenda. Trata-se da Semana Contábil e Fiscal para Estados e Municípios que acontecerá em datas e estados distintos. Servidores e gestores públicos dos estados, municípios e tribunais de contas que atuam em rotinas de contabilidade e responsabilidade fiscal são esperados, bem como profissionais que lidam com contabilidade aplicada ao setor público.\n\nCronograma de capacitação\n\nESTADO\n\nDATA\n\nRIO GRANDE DO SUL- PORTO ALEGRE\n\n29 e 30/04\n\nTOCANTINS – PALMAS\n\n15 e 16/05\n\nACRE – RIO BRANCO\n\n23 e 24/05\n\nAMAPÁ- MACAPÁ\n\n13 e 14/06\n\nMARANHÃO – SÃO LUÍS\n\n27 e 28/06\n\nSERGIPE – ARACAJU\n\n11 e 12/07\n\nRONDÔNIA – PORTO VELHO\n\n25 e 26/7\n\nPARAÍBA – JOÃO PESSOA\n\n8 e 9/08\n\nBRASÍLIA – DF\n\n15 e 16/08\n\nMINAS GERAIS – GOVERNADOR VALADARES\n\n22 e 23/08\n\nXXVIII SECOFEM-BENTO GONÇALVES – RS\n\n27 e 28/08\n\nSÃO PAULO – SÃO PAULO\n\n2 e 3/09\n\nMINAS GERAIS – AMPAR- JUIZ DE FORA\n\n17 e 18/09\n\nPARANÁ – MACRORREGIONAL LONDRINA\n\n7 e 8/11\n\nPARANÁ – CURITIBA\n\n28 e 29/11"
}