{
    "url": "https://www.gov.br/saude/pt-br/assuntos/noticias/2024/junho/forca-nacional-do-sus-ultrapassa-15-mil-atendimentos-no-rs",
    "titulo": "Força Nacional do SUS ultrapassa 15 mil atendimentos no RS",
    "descricao": "Dado foi divulgado na manhã deste domingo (16) no Comitê de Operações Emergenciais (COE)",
    "subtitulo": "RIO GRANDE DO SUL",
    "categoria": "Saúde e Vigilância Sanitária",
    "autora": "Otávio AugustoMinistério da Saúde",
    "tags": [
        "atenção especializada à saúde",
        "força nacional do sus",
        "centro de operações de emergências",
        "rio grande do sul"
    ],
    "data_publi": "16/06/2024",
    "texto": "AForça Nacional do Sistema Único de Saúde (SUS)ultrapassou 15 mil atendimentos no Rio Grande do Sul. No estado, o Ministério da Saúde mantém quatro hospitais de campanha, equipes volantes, de saúde indígea e de saúde mental.\n\nO dado foi divulgado na manhã deste domingo (16) noComitê de Operações Emergenciais (COE).\n\nSomente o HCamp de Canoas, reaberto em novo endereço neste sábado (15), já atendeu 4,4 mil pessoas. A unidade de Porto Alegre, 3,1 mil. Em Novo Hamburgo, foram 1,5 mil atendimentos. A estrutura de São Leopoldo recebeu 1,4 mil pessoas.\n\nAs equipes volantes realizaram mais de 4 mil atendimentos. Os profissionais atuam em Porto Alegre, Canoas, Pelotas, São Leopoldo, Três Coroas, Viamão, Ibarama e Eldorado do Sul.\n\nDesde 5 de maio, a Força Nacional do SUS realizou 694 atendimentos de saúde indígena nos polos base Porto Alegre e Barra do Ribeiro. Houve, ainda, 400 atendimentos psicossociais e 66 remoções aéreas.\n\nAtualmente, 120 voluntários da FN-SUS atuam no Rio Grande do Sul.\n\nAtendimento\n\nNesta segunda-feira (17), a Força Nacional do SUS começa a atuar em Eldorado do Sul, cidade que foi 100% evacuada. Lá, duas equipes volantes farão atendimentos.\n\nEm Porto Alegre, o bairro Sarandi, que permaneceu mais de um mês alagado, também terá uma equipe volante com médico, enfermeiros e técnicos.\n\nA região das ilhas (Pintada, Pavão, Flores e Marinheiros) volta a receber assistência.\n\nPelotas, Ibarama, Três Coroas e Barra do Ribeiro, onde ocorrem atendimentos de saúde indígena, também iniciam a semana com a atuação das equipes volantes.\n\nHCamp de Canoas em novo endereço\n\nNeste sábado (15), a Força Nacional do SUS retomou os atendimentos em novo endereço. Agora, a unidade está funcionando no Hangar Cultural, bairro Guajuviras.\n\nO Ministério da Saúde e a Secretaria Municipal de Saúde de Canoas optaram pela mudança para adequar a assistência de acordo com a necessidade local.\n\nO hospital de campanha continua funcionando com seis médicos, três enfermeiros e técnicos de enfermagem, prestando atendimento 24 horas. A unidade tem capacidade para realizar entre 150 e 200 atendimentos diários."
}