{
    "url": "https://www.gov.br/saude/pt-br/assuntos/noticias/2024/abril/saude-promove-encontro-estrategico-para-fortalecer-a-auditoria-interna-do-sus",
    "titulo": "Saúde promove encontro estratégico para fortalecer a auditoria interna do SUS",
    "descricao": "ENAUDSUS começa nesta terça (23), em Brasília, e tem como objetivo integrar auditores do Sistema Nacional de Auditoria (SNA) e otimizar a execução da atividade em todo o país",
    "subtitulo": "CONTROLE SOCIAL",
    "categoria": "Saúde e Vigilância Sanitária",
    "autora": "Ministério da Saúde",
    "tags": [
        "secretaria executiva",
        "auditoria",
        "denasus"
    ],
    "data_publi": "22/04/2024",
    "texto": "O Ministério da Saúde, por meio doDepartamento Nacional de Auditoria do Sistema Único de Saúde (DenaSUS), realiza, entre os dias 23 e 25 de abril,  o Encontro Nacional de Auditores do Sistema Nacional de Auditoria do SUS (ENAUDSUS 2024) em Brasília. Com a previsão de cerca de 600 participantes, o evento visa fortalecer a atividade de auditoria interna do sistema de saúde público brasileiro.\n\nNesta segunda edição do encontro, serão discutidas as melhores práticas de auditoria interna, bem como apresentadas as ações em andamento para fortalecer o SNA e exposições fotográficas. Autoridades do DenaSUS, do Conselho Nacional de Secretários de Saúde (Conass), do Conselho Nacional de Secretarias Municipais de Saúde (Conasems) e outras organizações parceiras estarão presentes, juntamente com representantes das unidades de auditoria interna do SUS das secretarias de saúde municipais e estaduais.\n\nUma das novidades deste ano será o lançamento do pin ‘Zé Gotinha Auditor’, simbolizando a defesa e a mobilização pela saúde pública. Além disso, a programação incluirá painéis simultâneos abordando temas como ética em auditoria, qualidade, gestão de conflitos, controle social, financiamento do SUS, evolução tecnológica e sustentabilidade da auditoria interna do SUS, entre outros.\n\nServiço:Encontro Nacional de Auditores do SNA 2024Data: 23 a 25/4Local: Centro Internacional de Convenções do Brasil (CICB) - BrasíliaAcesse a programaçãoMais informações: (61) 3315-7900"
}