{
    "url": "https://www.gov.br/saude/pt-br/assuntos/noticias/2024/junho/ministerio-da-saude-realiza-serie-de-webinarios-em-politicas-de-saude-global",
    "titulo": "Ministério da Saúde realiza série de webinários em Políticas de Saúde Global",
    "descricao": "Em parceria com a UnB e a Opas, palestras começam nesta quinta (13), e debatem o combate às desigualdades em saúde",
    "subtitulo": "POPULAÇÃO VULNERÁVEL",
    "categoria": "Saúde e Vigilância Sanitária",
    "autora": "Ministério da Saúde",
    "tags": [
        "saúde digital",
        "webinário",
        "saúde global"
    ],
    "data_publi": "13/06/2024",
    "texto": "ASecretaria de Informação e Saúde Digital (Seidigi), em parceria com a Universidade de Brasília (UnB) e a Organização Pan-Americana da Saúde (Opas), realizará, a partir de hoje (13), uma série de quatro webinários em Política de Saúde Global. As transmissões serão às quintas-feiras, pelos canais do Zoom e YouTube, com tradução simultânea.\n\nA série objetiva discutir teorias e métodos propostos ou utilizados para combater desigualdades da atenção primária a saúde para população vulnerável. Esta discussão será realizada por palestrantes internacionais, bem como por debatedores acadêmicos e de gestão no Brasil e no exterior, estudantes de doutorado da UnB e representantes daRede Interagencial de Informações para a Saúde (RIPSA).\n\nOs participantes que preencherem oformulário de inscriçãoreceberão certificado por e-mail.\n\nConfira a programação completa\n\nDia e horário: 13 junho, às 11h.Palestrante: Meri Koivusalo, professora em Saúde Global e desenvolvimento, Universidade de Tampere, Finlândia.Mediadoras: Fabiana C. Saddi e Ana Maria N Vasconcelos/UnB.Abertura: coordenadora do Programa de Pós-Graduação em Desenvolvimento, Sociedade e Cooperação Internacional da UnB –Maria de Fátima Rodrigues MakiuchiDebatedores: Luiz Fernando Bessa/UnB, Rosana de F. Boullosa/UnB, Gustavo Matta/Fiocruz, Alex Shankland/Institute of Development Studies IDS/Inglaterra e Luiz Henrique Paiva, doutorando da UnB\n\nDia e horário: 20 junho, às 7h30.Palestrante: Fran Baum, pesquisadora sênior do NHMRC, Universidade de Adelaide, Austrália.Mediadoras: Fabiana C. Saddi e Ana Maria N. Vasconcelos/UnB.Debatedores: Breitner Luiz Tavares/UnB, Alice Delerue Matos/Universidade do Minho em Portugal e Antônio Leopoldo Nogueira Neto, doutorando da UnB.\n\nDia e horário: 27 junho, às 9h.Palestrante: Sir Michael Marmot, professor em Epidemiologia e Saúde Pública, Institute of Health Equity, University College London, Inglaterra.Mediadoras: Fabiana C. Saddi and Ana Maria N. Vasconcelos/UnB.Debatedores: Mauricio Barreto/Fiocruz-Bahia e UFBA e Oscar Mujica PAHO/WHO.\n\nDia e horário: 4 julho, às 10h.Palestrante: Natalia Houghton, especialista em Sistemas e Análises de Saúde na Organização Pan Americana de Saúde, Washington.Mediadores: Ana Maria N. Vasconcelos /UnB e Julio Pedroza/OPAS-WHO Brasil.Debatedores: Valery Ridde/ Universidade de Paris na França; Neethi Rao /Instituto de Saúde Pública de Bengaluru e CSEP em Deli na Índia; Dirceu Ditmar Klitzke /Ministério de Saúde e Fabiana C. Saddi/ UnB."
}