{
    "url": "https://www.gov.br/saude/pt-br/assuntos/noticias/2024/outubro/ministerio-da-saude-inicia-nova-fase-do-plano-de-expansao-da-radioterapia-per-sus",
    "titulo": "Ministério da Saúde inicia nova fase do Plano de Expansão da Radioterapia (PER-SUS)",
    "descricao": "Em 2023, SUS registrou aumento de 9% com relação a 2022 em tratamentos oncológicos das mamas. Meta para 2024 é ampliar ainda mais",
    "subtitulo": "OUTUBRO ROSA",
    "categoria": "Saúde e Vigilância Sanitária",
    "autora": "Vanessa RodriguesMinistério da Saúde",
    "tags": [
        "atenção especializada à saúde",
        "outubro rosa",
        "radioterapia",
        "novo pac"
    ],
    "data_publi": "25/10/2024",
    "texto": "Para ampliar e qualificar o acesso ao tratamento do câncer em todo o país, o Ministério da Saúde inicia nova fase doPlano de Expansão da Radioterapia no Sistema Único de Saúde (PER-SUS), por meio doPrograma de Aceleração do Crescimento (PAC). Dentro da primeira fase do plano, o SUS registrou 34.331 tratamentos oncológicos das mamas em 2023, um aumento de 9% com relação a 2022. De janeiro a julho deste ano, já foram registrados 21.811 tratamentos. Com o novo PER-SUS, a meta é ampliar ainda mais.\n\nUma das principais razões para o aumento foi o investimento de R$ 575 milhões pelo Ministério da Saúde, através da primeira etapa do PER-SUS, destinado a obras, projetos, fiscalização e aquisição de equipamentos para tratamentos oncológicos. Das 92 soluções previstas, que incluem tanto equipamentos quanto infraestrutura, 62 já foram concluídas. Além disso, 34 soluções de radioterapia foram contempladas no novo PAC. Destas, 23 estão na fase final de construção, com o acelerador linear já em processo de instalação.\n\nNovo PER-SUS\n\nCom a elaboração do novo PER-SUS, por meio do PAC, a previsão é substituir 56 equipamentos de radioterapia obsoletos em vários hospitais, em todo o território nacional.\n\nAlém disso, o programa vai contribuir para estruturação de parceria público-privada na construção do novo campus do Instituto Nacional do Câncer (Inca) e dois novos Centros Especializados do Grupo Hospitalar Conceição (GHC). “O Ministério da Saúde quer expandir o atendimento em radioterapia no SUS, fortalecendo a rede de atenção à saúde para o controle do câncer”, afirma o secretário deAtenção Especializada à Saúdeda pasta, Adriano Massuda.\n\nO plano de expansão da radioterapia integraliza o tratamento oncológico em um mesmo hospital, otimizando a utilização dos recursos humanos e diminuindo vazios assistenciais em radioterapia. A meta é finalizar o programa até meados de 2025.Tratamento bem-sucedido\n\nUma das pacientes do SUS foi Maria Rosinete Pereira da Silva, 55 anos, moradora de Santarém, no Pará. Ela precisou parar o trabalho de diarista por conta docâncer de mama. Mãe de três filhos e avó de três netos, Rosinete chorou ao saber do diagnóstico e buscou, na família, forças para começar o tratamento. “No banho, eu descobri o caroço. Logo procurei um médico que pediu a biópsia e foi detectado o câncer”, relata.\n\nPor ser um tratamento longo e de grande valor financeiro, Rosinete foi buscar ajuda na rede pública. “Meu tratamento foi todo feito pelo SUS, no Hospital Regional de Santarém. Fui muito bem atendida, e recebi todo o apoio necessário”, afirma.O tratamento durou mais de um ano com 16 sessões de quimioterapia e 16 de radioterapia. Hoje, ela recebe acompanhamento frequentemente e, de três em três meses, volta ao hospital para realizar mamografia e outros exames de rotina.\n\nConheça a campanha 'Mulher: seu corpo, sua vida"
}