{
    "url": "https://www.gov.br/saude/pt-br/assuntos/noticias/2023/outubro/ibge-e-ministerio-da-saude-promoverao-pesquisa-para-coletar-informacoes-sobre-demografia-saude-reprodutiva-e-nutricao-das-criancas",
    "titulo": "IBGE e Ministério da Saúde promoverão pesquisa para coletar informações sobre demografia, saúde reprodutiva e nutrição das crianças",
    "descricao": "A Pesquisa Nacional de Demografia e Saúde 2023 visa auxiliar na elaboração de políticas públicas em diversas áreas",
    "subtitulo": "DEMOGRAFIA E SAÚDE",
    "categoria": "",
    "autora": "Ministério da Saúde",
    "tags": [
        "atenção primária",
        "vigilância em saúde e ambiente",
        "pesquisa nacional de demografia e saúde",
        "elaboração de políticas públicas"
    ],
    "data_publi": "09/10/2023",
    "texto": "O Instituto Brasileiro de Geografia e Estatística (IBGE), com o apoio do Ministério da Saúde, lançou nesta segunda-feira (9) a Pesquisa Nacional de Demografia e Saúde 2023 (PNDS), uma investigação de base domiciliar abrangente que tem a finalidade de fornecer uma visão detalhada da realidade da saúde materno-infantil brasileira. A PNDS será realizada em cerca de 133 mil domicílios em áreas urbanas e rurais, com duração de quatro meses. Os resultados serão divulgados no último trimestre de 2024, de modo a permitir que os agentes políticos atuem com base em informações atualizadas.\n\nA pesquisa compõe uma iniciativa internacional, conduzida em mais de 80 países desde a década de 80, e desempenha um papel crucial na definição de políticas públicas. O Brasil participou pela primeira vez em 1986 e, desde então, vinha realizando a pesquisa a cada década. No entanto, esta é a primeira edição que o Ministério da Saúde realiza a pesquisa em colaboração com o IBGE.\n\nNo evento de lançamento da iniciativa, a secretária de Vigilância em Saúde e Ambiente do Ministério da Saúde, Ethel Maciel, afirmou que a pesquisa desempenha um papel crucial na compreensão do perfil da sociedade brasileira, permitindo aos gestores desenvolver políticas públicas mais eficazes baseadas em dados.\"Transformar esses indicadores em uma série histórica e trazer representatividade para diferentes estratos geográficos do país representa um marco histórico de extrema importância para a população brasileira. Com a PNDS, estamos coletando dados essenciais sobre demografia, saúde e nutrição para ajudar a orientar políticas públicas no Brasil”, declarou.\n\nObjetivo\n\nA PNDS tem por objetivo reunir uma ampla amostra da população para coletar dados essenciais relacionados à saúde e demografia. Além disso, visa auxiliar na elaboração de políticas públicas em diversas áreas, já que os dados coletados permitirão avaliar a eficácia das políticas de saúde, identificar áreas de melhoria e planejar intervenções de acordo com as necessidades reais da população.\n\nA iniciativa tem como público-alvo mulheres de 15 a 49 anos e homens de 15 a 59 anos. Os entrevistadores do IBGE portarão crachá de identificação e dispositivo de coleta. É possível confirmar a identidade do agente do IBGE no site Respondendo ao IBGE ou pelo telefone 0800 721 8181. Para realizar a confirmação, o cidadão deve fornecer o nome, matrícula ou CPF do entrevistador.\n\nEsses entrevistadores vão diretamente às casas das pessoas para identificar aqueles que se enquadram nessa faixa etária e estão dispostos a participar.Uma característica importante da PNDS é o fato de a entrevista ser conduzida por um entrevistador do mesmo gênero que o respondente, visando criar um ambiente confortável para a troca de informações sensíveis.\n\nO questionário inclui tópicos como registro detalhado de filhos, métodos contraceptivos e percepções sobre o número ideal de filhos.Além disso, a pesquisa aborda questões específicas relacionadas ao pré-natal, parto e envolvimento dos homens nesses processos. A coleta de dados também inclui informações sobre crianças menores de três anos, com foco em registros de vacinação, alimentação, tempo de uso da tecnologia digital e saúde em geral.\n\nUma novidade da PNDS é a inclusão de perguntas sobre orientação sexual e identidade de gênero. Essas informações serão tratadas como estatísticas experimentais, dada a complexidade e a sensibilidade desses temas.\n\nA divulgação dos primeiros resultados está prevista para ocorrer no último trimestre de 2024, contendo dados nos níveis de país, Unidades da Federação, regiões metropolitanas e capitais."
}