{
    "url": "https://www.gov.br/saude/pt-br/assuntos/noticias/2024/novembro/ministerio-intensifica-acoes-de-controle-da-dengue-no-rio-grande-do-sul",
    "titulo": "Ministério intensifica ações de controle da dengue no Rio Grande do Sul",
    "descricao": "Ações da pasta envolvem utilização de diversas tecnologias de controle vetorial e preparação da rede assistencial para o período de alta de casos",
    "subtitulo": "ARBOVIROSES",
    "categoria": "Saúde e Vigilância Sanitária",
    "autora": "Swelen BotaroMinistério da Saúde",
    "tags": [
        "vigilância em saúde e ambiente",
        "arboviroses",
        "dengue",
        "rio grande do sul"
    ],
    "data_publi": "27/11/2024",
    "texto": "O Ministério da Saúde anunciou, nesta quarta-feira (27), a implementação detecnologias variadascontra adengueno estado do Rio Grande do Sul. A expectativa é intensificar o controle vetorial doAedes aegyptie preparar a rede de assistência médica para receber e tratar oportunamente os casos suspeitos, evitando evolução para casos graves e óbitos.\n\nDurante evento realizado na Pontifícia Universidade Católica (PUC) de Porto Alegre,  o secretário adjunto deVigilância em Saúde e Ambiente (SVSA), Rivaldo Cunha, apresentou oPlano de Ação para Redução da Dengue e outras Arboviroses, lançado pelo governo federal em setembro.\n\nDe acordo com Rivaldo, o controle da dengue exige um esforço coletivo. “Por isso, o Plano de Ação foi construído de forma coletiva e todas as metas estão sendo pactuadas pelo Governo Federal junto aos estados e municípios, sociedade civil, trabalhadores da saúde, com articulação do Conselho Nacional de Secretários de Saúde (Conass) e do Conselho Nacional de Secretarias Municipais de Saúde (Conasems)”, ressaltou o secretário.\n\n“Para prédios públicos, com grande circulação de pessoas, como creches, escolas e asilos, estamos ampliando a Borrifação Residual Intradomiciliar (BRI), aplicada nas paredes internas dos imóveis e com dois meses de eficácia. O grande exemplo de utilização do BRI é no RS e agora estamos ampliando a tecnologia para todo Brasil”, acrescentou Rivaldo.\n\nDe acordo com a pasta, as capitais brasileiras vão receber Estações Disseminadoras de Larvicidas (EDLs). A tecnologia é indicada para regiões muito populosas e com locais de difícil acesso. Dessa forma, a estratégia será utilizada em periferias. “A comunidade do Sol Nascente, em Brasília, foi a primeira a receber. Aqui em Porto Alegre, estamos definindo junto à gestão local, qual será o primeiro local a receber”, informou, também, Rivaldo.\n\nMétodo Wolbachia\n\nCom a ampliação da produção de mosquitos comwolbachia, o Ministério da Saúde articula a implantação inicial da tecnologia nos municípios de Canoas, Gravataí, Novo Hamburgo, Pelotas e São Leopoldo.  “Cerca de 60% dos insetos presente na natureza possuem a bactéria wolbachia e não transmitem as arboviroses. Dessa forma, estamos investindo no aumento da produção deAedescom wolbachia, para que ao soltá-los no ambiente, eles se reproduzam com os mosquitos locais e produzam uma nova população de mosquitos não transmissores de arboviroses”, explicou Rivaldo Cunha.\n\nJá para o período de alta de casos, o Ministério da Saúde está atualizando publicações técnicas para profissionais de saúde e de vigilância, além de realizar parceria com a Empresa Brasileira de Serviços Hospitalares (EBSERH) no apoio para qualificação e sensibilização de manejo clínico das arboviroses e na organização da rede assistencial.\n\nEm sua fala, Rivaldo também destacou asestratégias de comunicaçãodo Ministério da Saúde, para mobilizar a população a eliminação dos criadouros doAedes. “Todo mundo precisa reservar 10 minutinhos pela semana, para prevenir contra o mosquito”, disse.\n\nSomente em 2024, o Ministério da Saúde enviou para o Rio Grande do Sul cerca de 48 mil testes laboratoriais para detectar dengue, Zika e chikungunya, 468 kg de larvicida para aplicação nas residências, 1.600 kg de adulticida para pontos estratégicos e 5.460 L de adulticida para fumacê. Além disso, 67 municípios do estado estão sendo contemplados com vacinas da dengue, para o público-alvo de 10 a 14 anos. Até o momento, foram distribuídas 73 mil doses e aplicadas 33 mil doses.\n\nAssista ao encontro na PUC-RS\n\n"
}