{
    "url": "https://www.gov.br/saude/pt-br/assuntos/noticias/2024/junho/representante-da-saude-palestra-sobre-o-enfrentamento-ao-racismo-em-evento-no-reino-unido",
    "titulo": "Representante da Saúde palestra sobre o enfrentamento ao racismo em evento no Reino Unido",
    "descricao": "Convite do National Health Service (NHS) e da Universidade de Brighton é um reconhecimento do pioneirismo das políticas de equidade étnico-racial do SUS",
    "subtitulo": "INTERCÂMBIO",
    "categoria": "Saúde e Vigilância Sanitária",
    "autora": "Nadja Alves dos ReisMinistério da Saúde",
    "tags": [
        "secretaria executiva",
        "racismo",
        "agenda internacional",
        "equidade"
    ],
    "data_publi": "20/06/2024",
    "texto": "O Ministério da Saúde realiza um intercâmbio, nesta quarta (19) e quinta-feira (20), na Inglaterra, das boas práticas de enfrentamento ao racismo na saúde implementadas no Brasil. O assessor para equidade racial da pasta, Luís Eduardo Batista, realizou a palestra de abertura do Simpósio Internacional de Equidade doNacional Health Service (NHS)– serviço nacional de saúde do Reino Unido, no dia de ontem. E participou hoje (20) do evento de Engajamento em Políticas de Equidade Racial e de Saúde no Observatório de Raça e Saúde do NHS.\n\nCom proposta de aprendizagem mútua internacional, o simpósio internacional, realizado na Universidade de Brighton, reuniu políticos, técnicos, gestores de sistemas de saúde e líderes comunitários para dialogar sobre estratégias de combate às desigualdades no cuidado que comprometem a saúde da população negra.\n\nAlém da contribuição brasileira, o evento contou com oradores como o diretor do Programa Nacional de Melhoria das Desigualdades em Saúde da Inglaterra, o professor Bola Owolabi, e a diretora médica de saúde da cidade de Toronto (Canadá), Eileen de Villa.\n\nSegundo Batista, um dos interesses do serviço de saúde britânico é entender o processo de formulação da Política Nacional de Saúde Integral da População Negra (PNSIPN), que contou com participação ativa de movimentos que representam a comunidade negra e quilombola brasileira.\n\n“Esse convite me deu a sensação de que a gente pode contribuir com os sistemas de saúde de outros países, especialmente no que diz respeito à participação da sociedade civil na formulação, avaliação e acompanhamento das políticas públicas de saúde”, reforça."
}