{
    "url": "https://www.gov.br/saude/pt-br/assuntos/noticias/2023/dezembro/taxa-de-hpv-na-genital-atinge-54-4-das-mulheres-e-41-6-dos-homens-no-brasil-diz-estudo",
    "titulo": "Taxa de HPV na genital atinge 54,4% das mulheres e 41,6% dos homens no Brasil, diz estudo",
    "descricao": "Pesquisa inédita encomendada pelo Ministério da Saúde busca conhecer a real situação do HPV no Brasil e aumentar taxa de imunização",
    "subtitulo": "INFECÇÃO PELO HPV",
    "categoria": "Saúde e Vigilância Sanitária",
    "autora": "Ingrid BorgesMinistério da Saúde",
    "tags": [
        "vigilância em saúde e ambiente",
        "hpv",
        "vacinação",
        "prevenção ao câncer"
    ],
    "data_publi": "15/12/2023",
    "texto": "A taxa de infecção pelo HPV (papiloma vírus humano) na genital atinge 54,4% das mulheres que já iniciaram a vida sexual e 41,6% dos homens. Os resultados são da pesquisa nacional sobre o tema, encomendada pelo Ministério da Saúde e feita por meio do Programa de Apoio ao Desenvolvimento Institucional do SUS (Proadi-SUS).  Os números referem-se à modalidade de alto risco da doença. O cenário reforça a importância da vacinação, política pública em que a pasta vem redobrando investimentos desde o início da atual gestão.\n\nO HPV é a infecção sexualmente transmissível mais comum no mundo e está associada a mais de 90% dos casos de câncer de colo do útero e de ânus. E a mais da metade dos casos de câncer na vulva, pênis  e orofaringe. Além disso, 90% das verrugas genitais são provocadas pela doença. A vacina HPV quadrivalente, disponibilizada pelo Sistema Único de Saúde (SUS), previne contra essas complicações e está disponível, gratuitamente, nos cerca de 38 mil postos de vacinação pelo Brasil.\n\nAntes, a vacina era aplicada apenas em crianças e adolescentes de 9 a 14 anos e em pessoas de 9 a 45 anos em condições clínicas especiais, como as que vivem com HIV/Aids, transplantados de órgãos sólidos ou medula óssea e pacientes oncológicos (imunossuprimidos).  Desde agosto, passou também a ser oferecida a vítimas de abuso sexual. A decisão de ampliar o público-alvo se alinha à recomendação da Organização Mundial da Saúde (OMS) e da Associação Pan-Americana de Infectologia (API).\n\nEntretanto, nos últimos anos, o país enfrenta queda de cobertura da vacinação contra o HPV. Em 2022, entre as meninas, a primeira e a segunda dose tiveram, respectivamente, 75,91% e 57,44% de adesão. Entre os garotos, os valores são ainda menores: 52,26% na primeira aplicação e 36,59% na segunda. Os dados deste ano ainda não estão consolidados.\n\nPrevenção ao câncer\n\nSegundo o diretor do Programa Nacional de Imunizações (PNI), Eder Gatti, o estudo é uma ferramenta de combate usada pelo Ministério da Saúde. “A pesquisa traz algo importante que é mostrar para a população que o HPV está associado a câncer em outras regiões, como a anal, e que a vacina não é apenas contra o câncer de colo de útero. É uma vacina contra vários tipos de câncer que podem afetar homens e mulheres”, alerta.\n\nGatti também ressalta o quão importante é a imunização contra o HPV. “Em uma estratégia inédita, o Ministério está promovendo ações de microplanejamento nos estados, conforme o calendário da multivacinação. As equipes da pasta estão percorrendo todo o Brasil com treinamentos para gestores e lideranças locais com o objetivo de ajustar a estratégia de vacinação de acordo com as realidades locais. Estamos nas escolas, nas casas, em todos os lugares”, esclarece.\n\nPara o reforço na imunização, a pasta destinou mais de R$ 151 milhões a estados e municípios, como parte das ações de microplanejamento. A retomada das altas coberturas vacinais é uma prioridade do governo federal, especialmente em crianças e adolescentes, público considerado prioritário.\n\nEsquema vacinal do HPV\n\n• Pessoas de 9 a 14 anos de idade, do sexo feminino e masculino, vítimas de violência sexual –  Duas doses conforme o Calendário Nacional de Vacinação de rotina.  As doses devem ter um intervalo de 6 meses;\n\n• Pessoas de 15 a 45 anos de idade, do sexo feminino e masculino, imunocompetentes e vítimas de violência sexual – Três doses, com um intervalo de 2 meses entre a primeira e a segunda; e de 6 meses, entre a primeira e a terceira. O intervalo para vacinar deve ser de no máximo 6 meses;\n\n• Pessoas de 15 a 45 anos de idade, do sexo feminino e masculino nas indicações especiais (vivendo com HIV/Aids, transplantados de órgãos sólidos ou medula óssea); pacientes oncológicos; imunossuprimidos (pessoas vivendo com HIV/Aids, transplantados e pacientes oncológicos); e  vítimas de violência sexual –  Três doses, com um intervalo de 2 meses, entre a primeira e a segunda; e de seis meses, entre a primeira e a terceira  (0, 2 e 6 meses)."
}