{
    "url": "https://www.gov.br/saude/pt-br/assuntos/noticias/2024/junho/201co-samu-e-um-dos-programas-mais-queridos-do-brasil201d-diz-nisia-trindade-ao-entregar-ambulancias-no-rs",
    "titulo": "“O SAMU é um dos programas mais queridos do Brasil”, diz Nísia Trindade ao entregar ambulâncias no RS",
    "descricao": "Cerimônia de entrega de 30 veículos ocorreu na tarde desta sexta-feira (14), no Grupo Hospitalar Conceição, em Porto Alegre",
    "subtitulo": "RIO GRANDE DO SUL",
    "categoria": "Saúde e Vigilância Sanitária",
    "autora": "Otávio AugustoMinistério da Saúde",
    "tags": [
        "atenção especializada à saúde",
        "samu",
        "rio grande do sul"
    ],
    "data_publi": "14/06/2024",
    "texto": "A ministra da Saúde, Nísia Trindade, entregou 30 ambulâncias aoServiço de Atendimento Móvel de Urgência (SAMU)do Rio Grande do Sul. A cerimônia ocorreu na tarde desta sexta-feira (14), no Grupo Hospitalar Conceição (GHC), em Porto Alegre, durante a sexta visita da ministra ao estado, após gravesenchentes.\n\n“É um dos programas mais queridos do Brasil e da nossa população. Ver essas 30 ambulâncias, renovar a frota, é um momento de muita emoção. Eu me emocionei ao chegar ao pátio e ver os veículos”, confidenciou.\n\nA renovação da frota de ambulâncias do SAMU gaúcho é mais uma resposta do Ministério da Saúde ao desastre que afetou 95% do território do estado.\n\nO ministro da Secretaria Extraordinária da Presidência da República para Apoio à Reconstrução do Rio Grande do Sul, Paulo Pimenta, ressaltou que o Ministério da Saúde atuou com muito esforço para renovar o SAMU, abrir leitos, distribuir, medicamentos e aumentar o atendimento da população.\n\n“Foi muito importante a atuação. É um orgulho para nós ver esse trabalho feito aqui no estado”, afirmou.\n\nO diretor-presidente do Grupo Hospitalar Conceição, Gilberto Baricello, agradeceu o apoio da ministra durante a resposta à emergência e na reconstrução da saúde do estado.\n\n“A ministra esteve aqui desde quando essa tragédia começou. Sempre trouxe empenho para o Rio Grande do Sul e está muito comprometida com a reestruturação e fortalecimento do SUS aqui no estado”, comentou.\n\nA secretária estadual de Saúde, Arita Bergmann, ressaltou a importância da agenda para pactuação dos governos federal, estadual e municipais no fortalecimento do SUS após as enchentes.\n\n“Sem essa parceria não teríamos conseguido responder ao desastre da forma que conseguimos. A integração foi essencial para salvarmos vidas”, frisou.\n\nNesta sexta-feira, Nísia também entregou mil computadores para serem instalados em Unidades Básicas de Saúde atingidas pelas chuvas. Serão contempladas 365 unidades de saúde de 142 municípios. Os equipamentos são fundamentais nesse período de restauração das unidades.\n\nDesde 5 de maio, aForça Nacional do SUSatua no Rio Grande do Sul prestando assistência direta à população. Ao todo, 14,6 mil atendimentos foram realizados."
}