{
    "url": "https://www.gov.br/saude/pt-br/assuntos/noticias/2024/julho/comissao-sobre-planejamento-e-dimensionamento-da-forca-de-trabalho-se-reune-nesta-quarta-17",
    "titulo": "Comissão sobre planejamento e dimensionamento da força de trabalho se reúne nesta quarta (17)",
    "descricao": "Atual cenário da Região das Américas e perspectivas do governo federal estão entre os temas de encontro",
    "subtitulo": "EM DEBATE",
    "categoria": "Saúde e Vigilância Sanitária",
    "autora": "Laianny EfelMinistério da Saúde",
    "tags": [
        "trabalho e educação na saúde",
        "força de trabalho",
        "jornada de trabalho"
    ],
    "data_publi": "17/07/2024",
    "texto": "A Comissão Nacional para Planejamento e Dimensionamento da Força de Trabalho do Sistema Único de Saúde (CPDFT/SUS) realizará, nesta quarta-feira (17), a 1ª Reunião Ordinária da CPDFT, promovida pelo Ministério da Saúde, por meio daSecretaria de Gestão do Trabalho e da Educação na Saúde (SGTES), em Brasília.\n\nEstão entre as pautas a construção de referenciais técnicos com parâmetros para dimensionamento da força de trabalho em saúde, e a proposição de metodologias baseadas nas necessidades de saúde da população, considerando elementos como necessidades educacionais, jornada de trabalho e vínculos trabalhistas. O atual cenário na Região das Américas e as perspectivas do governo federal também serão discutidos no encontro.\n\n“A reunião será o ponto de partida para construção de uma agenda consensual relacionada ao planejamento e dimensionamento da força de trabalho no SUS”, pontua o coordenador-geral de Planejamento da Força de Trabalho na Saúde, Gustavo Hoff. A CPDFT foi instituída pelaPortaria GM/SM nº 3.225, de 19 de março de 2024, com o objetivo de propor e avaliar dispositivos normativos e gerenciais para o planejamento e dimensionamento da força de trabalho em saúde no âmbito do SUS.\n\nParticipam do evento, representantes das demais secretarias da pasta, dos conselhos Nacional de Secretários de Saúde (Conass), de Secretarias Municipais de Saúde (Conasems), da Comissão Intersetorial de Recursos Humanos e Relações de Trabalho do Conselho Nacional de Saúde (CIRHRT), Mesa Nacional de Negociação Permanente do SUS (MNNP-SUS) e Organização Pan-Americana da Saúde (Opas)."
}