{
    "url": "https://www.gov.br/saude/pt-br/assuntos/noticias/2024/dezembro/secretaria-de-vigilancia-do-ministerio-da-saude-se-reune-com-dirigentes-da-area-de-todo-o-pais",
    "titulo": "Secretária de Vigilância do Ministério da Saúde se reúne com dirigentes da área de todo o país",
    "descricao": "Ethel Maciel reforçou no encontro que o \"SUS é um patrimônio brasileiro e feito por várias mãos\"",
    "subtitulo": "VIGILÂNCIA",
    "categoria": "Saúde e Vigilância Sanitária",
    "autora": "João Vitor MouraMinistério da Saúde",
    "tags": [
        "vigilância em saúde e ambiente",
        "dengue",
        "imunização",
        "pacto interfederativo"
    ],
    "data_publi": "06/12/2024",
    "texto": "Nos dias 2 e 3 de dezembro, aSecretaria de Vigilância em Saúde e Ambiente (SVSA)promoveu uma reunião com os dirigentes de saúde de todo o Brasil, com o objetivo de fomentar o diálogo e a troca de experiências exitosas, visando o contínuo avanço da vigilância em saúde no país. O encontro, realizado em Brasília, contou com a participação de gestores estaduais de saúde, representantes dos conselhos nacional de Secretários de Saúde (Conass), de Secretarias Municipais de Saúde (Conasems), dos Conselhos de Secretarias Municipais de Saúde (Cosems), do Conselho Nacional de Saúde (CNS) e da Organização Pan-Americana da Saúde (Opas), além de diretores, coordenadores e corpo técnico da SVSA.\n\nA secretária da SVSA, Ethel Maciel, destacou a importância da reconstrução do pacto interfederativo, ressaltando que o processo de diálogo e respeito mútuo é fundamental para o fortalecimento doSistema Único de Saúde (SUS): “Essa é a reconstrução do pacto interfederativo que nós voltamos a fazer com muito respeito, diálogo, ouvindo todas as partes e entendendo as diferenças - que são nelas que nós vamos construir o nosso SUS”, disse.\n\nEthel enfatizou, na ocasião, a relevância da implementação da Política Nacional de Vigilância em Saúde (PNVS), instituída em 2018, que tem como objetivo orientar e unificar as ações de vigilância em saúde em todo o Brasil. Neste ano, o Departamento de Ações Estratégicas de Epidemiologia e Vigilância em Saúde e Ambiente (Daevs) conduziu oficinas regionais para garantir a plena implementação da PNVS. Em 2025, tais oficinas serão estendidas aos estados e municípios que não foram contemplados em 2024.\n\nA reunião também abordou os desafios enfrentados pela vigilância em saúde no Brasil e as soluções que estão sendo adotadas para superá-los. Dentre os principais desafios, destacaram-se: a recuperação das coberturas vacinais; a eliminação de doenças determinadas socialmente (DDS); a implementação de ações considerando a interface entre os contextos humano, animal e ambiental; a priorização das ações de vigilância em populações e territórios em situação de vulnerabilidade; o enfrentamento das desigualdades e iniquidades sociais em saúde; a expansão das ações de estruturação da Rede Nacional de Laboratórios de Saúde Pública, a preparação e resposta a emergências climáticas e sanitárias, o combate à dengue e outras arboviroses, entre outras.Em sua fala, Ethel Maciel também relembrou os avanços alcançados ao longo de 2024, como a saída do Brasil da lista dos países com maior número de crianças não vacinadas no mundo, a eliminação da filariose linfática e a recertificação do país como livre do sarampo, fruto dos avanços na vacinação.\n\nNo evento, discutiu-se ainda as estratégias para oDia D contra a Dengue, programado para ocorrer no dia 14 de dezembro, em várias partes do país. Trata-se de uma ação definida no Fórum de Governadores, com o intuito de mobilizar a população para o combate à doença."
}