{
    "url": "https://www.gov.br/saude/pt-br/assuntos/noticias/2024/abril/presidente-acompanha-retomada-da-producao-de-insulina-no-brasil-em-nova-lima-mg",
    "titulo": "Presidente acompanha retomada da produção de insulina no Brasil em Nova Lima (MG)",
    "descricao": "Com investimento de R$ 800 milhões, nova fábrica terá capacidade para suprir a demanda nacional e favorecer o acesso dos pacientes com diabetes ao tratamento",
    "subtitulo": "SAÚDE",
    "categoria": "Saúde e Vigilância Sanitária",
    "autora": "Com informações da Secretaria de Comunicação da Presidência da República",
    "tags": [
        "ciência e tecnologia em saúde",
        "complexo econômico-industrial",
        "insulina",
        "inovação"
    ],
    "data_publi": "26/04/2024",
    "texto": "O presidente Luiz Inácio Lula da Silva participa nesta sexta-feira, 26 de abril, da cerimônia de inauguração da planta de produção de insulina da Biomm, em Nova Lima (Minas Gerais). A oportunidade marca a retomada da produção do hormônio no país por uma empresa nacional depois de duas décadas e tem potencial para atender 1,9 milhão de pacientes.\n\nAs ministras Nísia Trindade (Saúde) e Luciana Santos (Ciência, Tecnologia e Inovação), os ministros Fernando Haddad (Fazenda), Alexandre Silveira (Minas e Energia) e Alexandre Padilha (Relações Institucionais), além do presidente do senado (Rodrigo Pacheco) e da primeira-dama (Janja Lula da Silva) integram a comitiva.\n\nCom investimento de R$ 800 milhões, a fábrica tem capacidade para suprir a demanda nacional de insulina e favorecer o acesso dos pacientes com diabetes ao tratamento. O Brasil é um dos países com maior incidência de diabetes no mundo, com 15,7 milhões de pacientes adultos, segundo o Atlas da Federação Internacional de Diabetes (IDF). A iniciativa é parte da nova estratégia para orientar a produção e a inovação nacional em saúde para atender ao Sistema Único de Saúde e para cuidar das pessoas, gerando emprego, renda e investimento no Brasil.\n\nA fábrica terá capacidade para 20 milhões de unidades de carpules (refis) de insulina glargina por ano - e, na sequência, de canetas de insulina. Além disso, poderá fabricar 20 milhões de frascos de outros biomedicamentos, como a insulina humana recombinante. A estimativa é de que a unidade, de 12 mil metros quadrados de área construída, gere 300 empregos diretos e 1,2 mil indiretos, num benefício para mais de seis mil pessoas.\n\nFiocruz–  Durante o evento, a Fundação Oswaldo Cruz (Fiocruz) e a Biomm vão assinar um protocolo de intenções para desenvolver um programa de cooperação mútua, voltado para plataformas de produção de medicamentos para o tratamento de doenças metabólicas. O objetivo é desenvolver projetos alinhados com políticas que busquem o fortalecimento do Complexo Econômico e Industrial da Saúde e maior autonomia do Brasil na produção de medicamentos para o Sistema Único de Saúde (SUS).\n\nComplexo Econômico-Industrial–A Estratégia Nacional para o Desenvolvimento do Complexo Econômico-Industrial da Saúde (CEIS), lançada pelo Presidente Lula em setembro de 2023, tem como objetivo expandir a produção nacional de itens prioritários para o SUS, reduzir a dependência do Brasil de insumos, medicamentos, vacinas e outros produtos de saúde estrangeiros e assinala o compromisso com as demandas da sociedade brasileira, integrando uma nova proposta de industrialização do país, voltada à inclusão de todas as pessoas, com sustentabilidade social e ambiental e geração de emprego e renda.\n\nNo âmbito do CEIS, foi lançada a Matriz de Desafios Produtivos e Tecnológicos em Saúde, que é composta pelos desafios no setor e soluções produtivas e tecnológicas apresentadas em blocos. Uma das prioridades do SUS na matriz é o diabetes, e há uma série de soluções produtivas e tecnológicas sendo implementadas:\n\nFinep- A farmacêutica Biomm obteve R$ 203 milhões de crédito (Finep, BNDES E BDMG), além de R$ 133 milhões aportados via equity (BNDES e BDMG) para implantar a unidade Industrial biofarmacêutica em Nova Lima (MG).\n\nAutossuficiência-A Biomm é considerada uma pioneira no setor de biomedicamentos no Brasil e está inserida na estratégia do Complexo Econômico-industrial da Saúde. A empresa participa do Programa de Parceria para o Desenvolvimento Produtivo (PDP) do Ministério da Saúde. A parceria visa a autossuficiência na produção e o acesso ao tratamento em todo o país. A companhia é 100% nacional, fundada em 2001 e atua na oferta de fármacos acessíveis para o tratamento de doenças crônicas no país."
}