{
    "url": "https://www.gov.br/saude/pt-br/assuntos/noticias/2024/novembro/vigilancia-da-qualidade-da-agua-e-tema-de-reuniao-coordenada-pelo-ministerio-da-saude",
    "titulo": "Vigilância da qualidade da água é tema de reunião coordenada pelo Ministério da Saúde",
    "descricao": "O encontro discutiu os avanços, desafios e prioridades do programa do Vigiagua para 2025",
    "subtitulo": "SAÚDE AMBIENTAL",
    "categoria": "Saúde e Vigilância Sanitária",
    "autora": "João MoraesMinistério da Saúde",
    "tags": [
        "vigilância em saúde e ambiente",
        "qualidade da água",
        "reunião nacional",
        "saúde pública"
    ],
    "data_publi": "27/11/2024",
    "texto": "Teve início na terça-feira (26), em Brasília, aReunião Nacional doPrograma Nacional de Vigilância da Qualidade da Água para Consumo Humano (Vigiagua). Organizado pelo Ministério da Saúde, o evento reúne técnicos e gestores das secretarias estaduais e distrital de saúde para discutir avanços, desafios e prioridades do programa para 2025.\n\nDurante a abertura, a secretária deVigilância em Saúde e Ambiente, Ethel Maciel, destacou a importância estratégica da vigilância da qualidade da água. “O acesso à água é um direito humano fundamental e nós precisamos garantir a sua qualidade. Estamos trabalhando arduamente para recuperar o esforço construído a muitas mãos com o Vigiagua e identificar como avançar nessa vigilância no Brasil”, afirmou.\n\nA diretora do Departamento de Vigilância em Saúde Ambiental e Saúde do Trabalhador, Agnes Soares, reforçou a relevância do tema. “Água é central para garantir a qualidade de vida e a saúde das populações. Não tem como garantir saúde sem o controle de qualidade da água”, afirmou. Agnes também ressaltou o papel do Vigiagua no enfrentamento de crises ambientais e sanitárias. “Passamos de uma emergência de excesso de água para outra de escassez, mas, em ambos os casos, a vigilância foi fundamental para evitar maiores danos”.\n\nJá a coordenadora-geral de Vigilância em Saúde Ambiental, Eliane Ignotti, comemorou a retomada do evento após anos de interrupção. “Esse encontro foi planejado com muito cuidado e dedicação pela equipe. A pauta da vigilância da água nunca foi tão urgente, especialmente diante da crise climática, que exige criatividade e conhecimento para enfrentar os desafios futuros”, destacou. O evento não ocorria desde 2017.\n\nRepresentando a Organização Pan-Americana da Saúde (Opas), Priscila Campos Bueno reforçou o compromisso da instituição em apoiar o Brasil no fortalecimento das ações de vigilância. “Mais de 160 milhões de pessoas na América Latina e Caribe ainda não têm acesso à água fornecida de forma segura. É nosso dever garantir que esse direito humano seja uma realidade, e isso exige articulação intersetorial e soluções adequadas às realidades locais”, afirmou.\n\nA representante daSecretaria de Saúde Indígena (Sesai), Thais Mitsuko, abordou os desafios específicos enfrentados nos territórios indígenas. “Muitas aldeias estão em áreas remotas e de difícil acesso, sem energia elétrica estável e com limitações estruturais. Ainda assim, seguimos comprometidos em prover água de qualidade às populações indígenas”, declarou.\n\nA programação da reunião incluiu aMostra Adriana Cabral, que promove a troca de experiências bem-sucedidas na vigilância da qualidade da água em diferentes esferas de governo. A expectativa é que as discussões realizadas durante os três dias do evento resultem em estratégias mais eficazes e integradas para o ano de 2025.\n\n“Precisamos retomar a noção de que não dá para fazer saúde pública sem tratar da vigilância de qualidade da água”, concluiu Agnes Soares, reforçando o compromisso do Ministério da Saúde com o fortalecimento do Vigiagua como uma prioridade estratégica para a saúde pública no Brasil."
}