{
    "url": "https://www.gov.br/saude/pt-br/assuntos/noticias/2024/junho/hospital-universitario-de-manaus-ganha-nucleos-de-saude-digital-e-telessaude",
    "titulo": "Hospital universitário de Manaus ganha núcleos de saúde digital e telessaúde",
    "descricao": "Pertencente à Universidade Federal do Amazonas (Ufam), hospital é vinculado à Ebserh e atenderá também às comunidades indígenas do estado",
    "subtitulo": "TECNOLOGIA E INCLUSÃO",
    "categoria": "Saúde e Vigilância Sanitária",
    "autora": "Ministério da Saúdecom informações da Ebserh",
    "tags": [
        "saúde digital",
        "saúde indígena",
        "telessaúde",
        "ebserh"
    ],
    "data_publi": "17/06/2024",
    "texto": "O Hospital Universitário Getúlio Vargas da Universidade Federal do Amazonas (HUGV/Ufam), vinculado àEmpresa Brasileira de Serviços Hospitalares (Ebserh), ofertará ações de telessaúde aos municípios e comunidades indígenas no estado do Amazonas. O lançamento do Núcleo de Saúde Digital e Telessaúde da unidade ocorreu na sexta-feira (14), em Manaus. O projeto é fomentado pelo Ministério da Saúde por meio daSecretaria de Informação e Saúde Digital (Seidigi), com investimentos de aproximadamente R$ 8 milhões por dois anos de execução.\n\nO núcleo tem como objetivo oferecer serviços de saúde de forma remota, incluindo teleassistência, teleconsulta e telediagnóstico aos municípios e às comunidades indígenas no estado do Amazonas, visando o fortalecimento doSistema Único de Saúde (SUS).  Para o diretor do Departamento de Saúde Digital da pasta, Cleinaldo de Almeida Costa, a transformação digital está presente na vida das pessoas e chegou também ao SUS. “O telessaúde digital leva a saúde de qualidade para quem efetivamente precisa dela. Aqui estamos falando em levar atendimento por meio de telessaúde para uma população indígena em todo o estado do Amazonas”, salientou.\n\nJá o secretário deSaúde Indígenado ministério, Weibe Tapeba, disse que essa é uma iniciativa que levará atendimento especializado a quase 30% da população indígena brasileira concentrada na região. Ele evidenciou que o atendimento por telessaúde é uma estratégia para superar os vazios assistenciais na região. “É uma experiência que reduz as desigualdades sociais enfrentadas pela população indígena. Essa ação também representa inclusão digital nas Unidades Básicas de Saúde que atendem nossas comunidades”, disse.\n\nA diretora de Ensino, Pesquisa e Inovação da Ebserh, Cristiane Carvalho, lembrou que o projeto do HUGV “irá levar mais especialidade, mais qualificação e melhor atendimento para a população mais carente, nos municípios mais distantes, que têm uma menor possibilidade de terem profissionais especialistas em seus quadros”.\n\nProjeto Telessaúde Indígena\n\nO projeto Telessaúde Indígena tem como objetivo principal oferecer ações de telessaúde aos municípios, comunidades ribeirinhas e povos indígenas do Amazonas. Essas ações consistem em teleassistência completa, ou seja, teleconsulta ou teleinterconsulta, além de telediagnóstico. O hospital irá ofertar essas ações em diversas especialidades como cardiologia, endocrinologia, neurologia, pneumologia, dermatologia, neuropediatria, pediatria, dentre outras.\n\nSerão atendidos os 62 municípios do Amazonas, especialmente os territórios indígenas, ou seja, os seteDistritos Sanitários Indígenas (DSEIs)existentes no estado. Conforme informou o médico Pedro Souza, chefe da Unidade e-Saúde do hospital e vice-coordenador do projeto, diversas atividades de teleducação em saúde também estão previstas no âmbito do projeto e serão voltadas para os profissionais de saúde que atuam na atenção primária em saúde nos municípios do interior e na saúde indígena.\n\nSobre a Rede Ebserh\n\nO HUGV/Ufam faz parte da Rede Ebserh desde 2013. Vinculada ao Ministério da Educação (MEC), a Ebserh foi criada em 2011 e, atualmente, administra 45 hospitais universitários federais, apoiando e impulsionando suas atividades por meio de uma gestão de excelência. Como hospitais vinculados a universidades federais, essas unidades têm características específicas: atendem pacientes do SUS, Ao mesmo tempo que apoiam a formação de profissionais de saúde e o desenvolvimento de pesquisas e inovação."
}