{
    "url": "https://www.gov.br/saude/pt-br/assuntos/noticias/2024/maio/hospital-de-campanha-comeca-a-atender-pacientes-em-novo-hamburgo",
    "titulo": "Hospital de campanha começa a atender pacientes em Novo Hamburgo",
    "descricao": "São seis médicos e três enfermeiros que vão atender uma capacidade de até 200 pacientes por dia",
    "subtitulo": "RIO GRANDE DO SUL",
    "categoria": "Saúde e Vigilância Sanitária",
    "autora": "Desde o dia 5 de maio, aForça Nacional do SUSatendeu 5,8 mil pessoas no Rio Grande do Sul. O HCamp de Canoas lidera os atendimentos, com 2,8 mil pacientes tratados. A unidade de Porto Alegre acumula 970. Por fim, a estrutura de São Leopoldo realizou 221 procedimentos.Carolina SampaioMinistério da Saúde",
    "tags": [
        "atenção especializada à saúde",
        "hospital de campanha",
        "força nacional do sus",
        "rio grande do sul"
    ],
    "data_publi": "25/05/2024",
    "texto": "O Hospital de Campanha de Novo Hamburgo (RS), município distante 78 quilômetros de Porto Alegre, começou a receber pacientes no fim da tarde deste sábado (25). A unidade é a quarta a ser operada pelo Ministério da Saúde no estado, que teve 97% do seu território devastado por severas enchentes.O secretário de Atenção Primária à Saúde do Ministério da Saúde, Felipe Proenço, explica que a unidade é importante para atender a grande demanda da região, uma das mais afetadas pelas cheias. “São seis médicos e três enfermeiros que vão atender uma capacidade de até 200 pacientes por dia. Situações como febre, dores no corpo e problemas respiratórios vão ter orientação, vão ter um primeiro manejo no hospital de campanha, que tem capacidade de fazer uma medicação”, salienta.Proenço reafirma que a nova unidade é um reforço importante para o sistema de saúde e mostra a preocupação do Ministério da Saúde com a ampliação e manutenção da assistência no estado após a tragédia: “Com o aumento de doenças infecciosas, a unidade será fundamental para apoiar o sistema de saúde, identificar as principais necessidades e seguir atuando em conjunto com oSUSaqui da região”.O secretário Municipal de Saúde de Novo Hamburgo, Marcelo Reibel, afirma que dentro da normalidade, esse período já é crítico por causa das síndromes respiratórias. Agora, após os alagamentos generalizados e o frio, a situação tende a ser mais complexa. “Com o hospital de campanha, aumentamos em 100% a nossa capacidade de atendimento. Será muito importante para a gente dar mais vazão e mais rapidez nesse atendimento”, frisa. Ele ressaltou ainda a importância daForça Nacional do Sistema Único de Saúde (SUS)no estado. “É imprescindível para que a gente consiga sair dessa catástrofe. Precisamos unir esforços”.\n\nAtendimentos"
}