{
    "url": "https://www.gov.br/saude/pt-br/assuntos/noticias/2024/novembro/ministerio-da-saude-divulga-regras-de-movimentacao-para-servidores-do-hospital-de-bonsucesso",
    "titulo": "Ministério da Saúde divulga regras de movimentação para servidores do Hospital de Bonsucesso",
    "descricao": "As mudanças no HFB fazem parte do Plano de Reestruturação dos Hospitais Federais do Rio de Janeiro",
    "subtitulo": "HOSPITAL FEDERAL DE BONSUCESSO",
    "categoria": "Saúde e Vigilância Sanitária",
    "autora": "Otávio AugustoMinistério da Saúde",
    "tags": [
        "atenção especializada à saúde",
        "hospitais federais rj",
        "hospital de bonsucesso",
        "gestão"
    ],
    "data_publi": "11/11/2024",
    "texto": "O Ministério da Saúde divulgou, nesta segunda-feira (11), as regras para as movimentações dos servidores doHospital Federal de Bonsucesso (HFB), que desde 15 de outubro está sob a administração do Grupo Hospitalar Conceição (GHC).\n\nUm guia, conhecido como perguntas frequentes (FAQ), foi enviado aos servidores da unidade e publicado na página do hospital.\n\nAtenção, servidor! Acesse o FAQ sobre as movimentações no HFB\n\nO documento traz informações sobre gratificações, vínculo com o ministério, direito à aposentadoria, tipos de movimentações que serão possíveis, remoção, abrangência de cessões, entre outros detalhes de como ficará a vida funcional do servidor.\n\nAs mudanças no HFB fazem parte do Plano de Reestruturação dos Hospitais Federais do Rio de Janeiro, elaborado pela ministra da Saúde, Nísia Trindade.\n\nFormas de movimentação\n\nQuais são os tipos de movimentação de servidores previstas?\n\nA coordenadora-geral de Gestão de Pessoas do Ministério da Saúde, Etel Matielo, afirma que o plano de reestruturação é um processo seguro para o servidor e que os direitos serão preservados.\n\n“Em algum momento, se esse servidor precisar se movimentar, os direitos estão assegurados. Reafirmo, os direitos estão plenamente garantidos. Esse é um compromisso da ministra Nísia Trindade. O servidor vai manter a sua remuneração e a vinculação da vida funcional continua sendo com o Ministério da Saúde. Em qualquer situação de movimentação, o servidor pertence à pasta. A remuneração continua sendo a da carreira. Se ele for exercer um cargo ou função, ele receberá o adicional”, frisa Etel.\n\nA coordenadora explica que a reestruturação, além de promover benefícios para o usuário doSistema Único de Saúde (SUS), melhora as possibilidades de trabalho nos hospitais.\n\n“Percebemos um processo de desestruturação dos hospitais. À medida que colocamos mais trabalhadores atuando, melhores equipamentos, mais condições de trabalho, com certeza melhora a vida laboral do servidor. Pedimos aos servidores que confiem no processo que estamos construindo. Todas as etapas e fluxos foram pensados para garantir os direitos deles e a melhoria da assistência”, conclui.\n\nPlano de Reestruturação\n\nO Plano de Reestruturação dos Hospitais Federais do Rio de Janeiro representa um compromisso do Ministério da Saúde em garantir um sistema de saúde mais robusto, acessível e de qualidade para todos. O objetivo é restaurar a confiança da sociedade nos serviços oferecidos, assegurando que a população tenha acesso à saúde de forma digna e eficaz.\n\nA reestruturação em curso garante todos os direitos dos servidores dessas unidades hospitalares. Haverá um processo de movimentação voluntária dos profissionais, que respeitará a opção dos servidores por outros locais de trabalho.\n\nAtualmente, as unidades estão com emergências fechadas, leitos bloqueados, déficit de funcionários e dificuldades de abastecimento. Duas unidades já iniciaram seu processo de reestruturação.\n\nAlém do HFB,a ministra Nísia Trindade assinou um Acordo de Cooperação Técnica (ACT)com a Empresa Brasileira de Serviços Hospitalares (Ebserh) e a Universidade Federal do Estado do Rio de Janeiro (Unirio) para a fusão do Hospital Federal dos Servidores do Estado (HFSE) com o Hospital Universitário Gaffrée e Guinle.\n\nNos próximos seis meses, a unidade passará por um estudo preliminar conjunto que verificará a viabilidade de implementação de um novo hospital universitário.\n\nOministério criou um canal de atendimento para tirar dúvidas de servidoressobre o plano. Os questionamentos são recebidos por email e respondidos pela Coordenação de Gestão de Pessoas do Departamento de Gestão Hospitalar (DGH). Ao todo, as unidades federais possuem 7 mil servidores efetivos e 4 mil temporários.\n\nAtenção, servidor! Tire suas dúvidas em:movimentacaoservidor@saude.gov.br"
}