{
    "url": "https://www.gov.br/saude/pt-br/assuntos/noticias/2024/julho/saude-vai-investir-cerca-de-r-1-6-milhao-em-pesquisa-sobre-sequelas-da-covid-19-em-mg",
    "titulo": "Saúde vai investir cerca de R$ 1,6 milhão em pesquisa sobre sequelas da covid-19 em MG",
    "descricao": "Iniciativa, realizada em Belo Horizonte, contribuirá para que os pacientes com condições pós-covid tenham acesso ao tratamento específico multiprofissional",
    "subtitulo": "PÓS-COVID",
    "categoria": "Saúde e Vigilância Sanitária",
    "autora": "Ministério da Saúde",
    "tags": [
        "vigilância em saúde e ambiente",
        "covid-19",
        "pesquisa",
        "minas gerais"
    ],
    "data_publi": "23/07/2024",
    "texto": "O Ministério da Saúde, por meio das secretarias deVigilância em Saúde e Ambiente (SVSA)e deCiência, Tecnologia e Inovação e do Complexo Econômico-Industrial da Saúde (Sectics), vai financiar uma pesquisa conduzida pela Fiocruz Minas, intitulada \"Monitoramento Vita\", para acompanhar pessoas, residentes em Belo Horizonte, afetadas pelas condições pós-covid. A pasta investiu R$ 1.559.843,00 no estudo, que tem como objetivo de caracterizar o perfil imunológico, hematológico e de danos teciduais de pacientes com sequelas provocadas pela doença.\n\nA iniciativa também contribuirá para que estes pacientes tenham acesso ao tratamento específico multiprofissional junto à Secretaria Municipal de Saúde de Belo Horizonte e sejam monitorados durante e após o tratamento.\n\nAtualmente, a pesquisa encontra-se na fase de recrutamento de participantes com idade superior a 5 anos de idade. Para participar, os interessados devem inicialmente responder a umformulário on-line. Após o envio do formulário preenchido, a equipe da Fiocruz entrará em contato com os participantes para informar sobre as próximas etapas.\n\nO monitoramento irá acompanhar os participantes durante 18 meses, com cinco visitas presenciais nesse período. Serão registradas informações sobre infecção e reinfecção peloSARS-CoV-2, vacinação e doses recebidas, comorbidade e evolução no tratamento. Os resultados auxiliarão no entendimento da relação entre a infecção causada pelo coronavírus e suas sequelas e serão utilizados como subsídio para elaboração de condutas de diagnóstico, tratamento e vigilância em saúde das condições pós-covid.\n\nContribuições\n\n“A pesquisa trará benefício direto e imediato aos participantes, que terão avaliação clínica, diagnóstico e direcionamento imediato ao tratamento com multiprofissionais. Além disso, os resultados poderão ajudar no esclarecimento de informações ainda pouco conhecidas, contribuindo com a definição de protocolos bem definidos com base nos tipos de sequelas”, destaca a secretária da SVSA, Ethel Maciel.\n\nAs condições pós-covid são caracterizadas por sinais ou sintomas que continuam ou se desenvolvem quatro semanas ou mais após a infecção inicial pelo vírus, e não podem ser justificadas por um diagnóstico alternativo. Sintomas neurológicos, cardiovasculares, pulmonares e hematológicos estão entre os mais descritos e incluem demência, problemas de memória e concentração e fadiga, entre outras consequências."
}