{
    "url": "https://www.gov.br/saude/pt-br/assuntos/noticias/2023/dezembro/dr-paulo-dantas",
    "titulo": "Dr. Paulo Dantas",
    "descricao": "",
    "subtitulo": "NOTA DE PESAR",
    "categoria": "Saúde e Vigilância Sanitária",
    "autora": "O Ministério da Saúde se solidariza com os familiares, amigos e companheiros de trajetória, desejando que encontrem conforto e paz neste momento de dor. Permanecem a saudade e a memória de sua luta pelo bem-estar e respeito social. O legado e a resistência de Paulo Dantas jamais serão esquecidos.",
    "tags": [
        "nota de pesar",
        "sus"
    ],
    "data_publi": "27/12/2023",
    "texto": "A ministra da Saúde, Nísia Trindade, em nome de toda a equipe do Ministério da Saúde, manifesta profundo pesar pelo falecimento do Dr. Paulo Dantas, incansável defensor da democracia e do Sistema Único de Saúde (SUS).\n\nResponsável por coordenar históricas iniciativas de saúde coletiva, o médico e sanitarista formado pela Universidade Federal de Pernambuco (UFPE) foi fundador e primeiro presidente do Conselho Nacional de Secretarias Municipais de Saúde (Conasems) e secretário de Saúde de Olinda e Recife, onde também comandou a secretaria de Assistência Social."
}