{
    "url": "https://www.gov.br/saude/pt-br/assuntos/noticias/2024/fevereiro/ultimos-dias-para-adesao-ao-programa-por-parte-dos-gestores-estaduais-e-municipais",
    "titulo": "Últimos dias para adesão ao programa por parte dos gestores estaduais e municipais",
    "descricao": "Live marcada para acontecer nesta terça (6) une parceiros para fortalecer a política de educação permanente",
    "subtitulo": "MAIS SAÚDE COM AGENTE",
    "categoria": "Saúde e Vigilância Sanitária",
    "autora": "Ministério da Saúde",
    "tags": [
        "trabalho e educação na saúde",
        "mais saúde com agente",
        "agentes comunitários de saúde",
        "agentes de combate às endemias"
    ],
    "data_publi": "05/02/2024",
    "texto": "O período de adesão ao Programa Mais Saúde com Agente está na reta final: vai até o dia 8 de fevereiro. Para apoiar os entes federados interessados na adesão, um evento online vai acontecer amanhã, terça-feira (6), às 17h. Junto com as instituições parceiras, Conselho Nacional de Secretarias Municipais de Saúde e Universidade Federal do Rio Grande do Sul, o Ministério da Saúde aborda a participação dos estados, municípios e do Distrito Federal para que Agentes Comunitários de Saúde e Agentes de Combate às Endemias integrem os cursos técnicos disponibilizados pela ação.\n\nAcompanhe a live sobre o Mais Saúde com Agente.\n\nEntre os assuntos previstos estão: o que é o programa e seu impacto para a educação em saúde; sua relevância para a Atenção Primária à Saúde e para a Vigilância em Saúde; quem pode aderir; e como acontece a formação técnica para os Agentes."
}