{
    "url": "https://www.gov.br/saude/pt-br/assuntos/noticias/2024/maio/ministerio-da-saude-envia-mais-de-600-mil-absorventes-e-itens-de-higiene-para-o-rs",
    "titulo": "Ministério da Saúde envia mais de 600 mil absorventes e itens de higiene para o RS",
    "descricao": "Pasta intermediou doação que vai beneficiar mais de 20 mil gaúchos",
    "subtitulo": "RIO GRANDE DO SUL",
    "categoria": "Saúde e Vigilância Sanitária",
    "autora": "Vanessa RodriguesMinistério da Saúde",
    "tags": [
        "ciência e tecnologia em saúde",
        "logística em saúde",
        "força nacional do sus",
        "rio grande do sul"
    ],
    "data_publi": "15/05/2024",
    "texto": "O Ministério da Saúde coordenou a doação de 603 mil itens de higiene pessoal para as vítimas dasenchentesno Rio Grande do Sul. No total, foram entregues 423 mil absorventes, 61,8 mil pacotes de toalhas umedecidas, 116 mil fraldas infantis e 3 mil fraldas geriátricas. A entrega vai beneficiar diretamente mais de 20 mil pessoas. Além de organizar a ação, a pasta acompanhou a entrega das doações ao estado, feitas em parceria com a Força Aérea Brasileira (FAB).\n\nA notícia de fortes chuvas e consequentes enchentes movimentou todo o país, inclusive empresas da iniciativa privada, como a Evergreen e a Kimberly-Clark, que participaram da doação dos itens de higiene pessoal.\n\nCarlos Gadelha, secretário deCiência, Tecnologia e Inovação e do Complexo Econômico-Industrial da Saúde, reiterou que a missão do Ministério da Saúde é garantir a vida das pessoas. “Por isso estamos trabalhando em todas as frentes possíveis. Um dos papeis que temos desempenhado aqui é a articulação de doações junto a entidades privadas para atender demandas enviadas pelos municípios ao Conass”, explicou.\n\nComo apoio e assistência à população do Rio Grande do Sul, o Ministério da Saúde também garantiu:"
}