{
    "url": "https://www.gov.br/saude/pt-br/assuntos/noticias/2024/maio/ministerio-da-saude-lanca-ferramenta-que-mede-o-nivel-de-maturidade-em-saude-digital-nas-regioes-do-pais",
    "titulo": "Ministério da Saúde lança ferramenta que mede o nível de maturidade em saúde digital nas regiões do país",
    "descricao": "Índice Nacional de Maturidade em Saúde Digital avalia a sustentabilidade das ações e serviços, oferecendo uma visão equitativa e detalhada do panorama no Brasil",
    "subtitulo": "SAÚDE DIGITAL",
    "categoria": "Saúde e Vigilância Sanitária",
    "autora": "Ministério da Saúde",
    "tags": [
        "saúde digital",
        "índice nacional de maturidade",
        "sus digital"
    ],
    "data_publi": "27/05/2024",
    "texto": "O Ministério da Saúde deu mais um passo crucial para a Transformação Digital doSistema Único de Saúde (SUS)com a publicação daPortariaque estabelece o Índice Nacional de Maturidade em Saúde Digital (INMSD), uma ferramenta inovadora que visa avaliar a maturidade digital das regiões e elaborar planos de ação específicos para a Saúde Digital do Brasil.\n\nO INMSD é uma ferramenta abrangente projetada para medir a maturidade digital em saúde em estados, municípios e no Distrito Federal. Utilizando métricas cruciais, o índice avalia a sustentabilidade das ações e serviços, oferecendo uma visão equitativa e detalhada do panorama da saúde digital em todo o país.\n\nA obtenção do índice se dará a partir das respostas fornecidas pelos entes federados a um questionário elaborado pelaSecretaria de Informação e Saúde Digitaldo Ministério da Saúde. O documento, enviado eletronicamente com link e chave de acesso, abrange sete domínios, incluindo pontos sobre gestão, governança, infraestrutura e segurança.\n\nOs resultados serão apresentados em uma escala decimal de 0 a 1, onde 0 indica o menor estágio de maturidade em saúde digital e 1 representa o maior estágio. É importante destacar que eles não serão utilizados para ranquear as regiões, mas para tornar os processos mais transparentes e eficazes.\n\nAlém disso, a ferramenta também vai auxiliar em uma avaliação justa e detalhada das necessidades e capacidades de cada região, possibilitando ações mais precisas e eficazes no âmbito da saúde digital. Com isso, o Ministério da Saúde reafirma seu compromisso com a melhoria contínua da saúde pública no Brasil, ao integrar tecnologia com equidade em todo o país.\n\nO INMSD faz parte doPrograma SUS Digital, uma iniciativa que busca melhorar cada vez mais a eficiência e a qualidade dos serviços do SUS, por meio da adoção de tecnologias inovadoras e práticas digitais avançadas. O questionário pode ser acessado pelo portalInvestSUS, do Fundo Nacional de Saúde (FNS), ou pelo link enviado eletronicamente aos gestores.\n\nComitê Consultivo\n\nA portaria também institui o Comitê Consultivo do Índice Nacional de Maturidade em Saúde Digital que terá a responsabilidade de assessorar a SEIDIGI/MS no aperfeiçoamento do índice, bem como no acompanhamento de sua aplicação e evolução contínua."
}