{
    "url": "https://www.gov.br/saude/pt-br/assuntos/noticias/2024/agosto/publicada-portaria-com-a-parcela-de-agosto-do-piso-da-enfermagem",
    "titulo": "Publicada portaria com a parcela de agosto do piso da enfermagem",
    "descricao": "Ministério da Saúde já destinou mais de R$ 6 bi para a AFC neste ano",
    "subtitulo": "PISO DA ENFERMAGEM",
    "categoria": "Saúde e Vigilância Sanitária",
    "autora": "Ministério da Saúde",
    "tags": [
        "trabalho e educação na saúde",
        "atenção primária",
        "investsus",
        "piso da enfermagem"
    ],
    "data_publi": "28/08/2024",
    "texto": "Nesta terça-feira (28/8), o Ministério da Saúde (MS) publicou, no Diário Oficial da União (DOU), aPortaria GM n.º 5.287, de 28 de agosto de 2024, que traz os valores referentes à parcela deste mês do repasse daAssistência Financeira Complementar (AFC) da Uniãopara o cumprimento doPiso Nacional da Enfermagema estados e municípios. O repasse de agosto soma R$ 820.149.819,90, destinados aos entes federados para que realizem, por sua vez, o pagamento do piso das(os) trabalhadoras(es). O empenho e o repasse do Fundo Nacional de Saúde (FNS) deve ocorrer até o último dia útil de cada mês. De janeiro a agosto deste ano, o MS já repassou R$ 6.797.820.567,44 para a AFC da União.\n\nA AFC da União é operacionalizada pelo ministério que, por intermédio de portarias, tem estabelecido os critérios e procedimentos necessários para que estados, municípios e o DF, bem como entidades filantrópicas com CEBAS SUS e que atendem ao SUS, além das contratualizadas que atendam, no mínimo, 60% de seus pacientes peloSistema Único de Saúde (SUS), cumpram o piso da enfermagem.\n\nMais informações sobre o piso da categoria estão disponíveis na página daSecretaria de Gestão do Trabalho e da Educação na Saúde\n\nAcerto de Contas\n\nO MS também publicou a Portaria GM/MS 4.155, de 14 de junho, para acerto de contas de entes federados, que descreve o repasse de R$ 172.163.255,20 a 1.626 municípios e 10 estados contemplados nesta revisão de dados da parcela de maio a agosto de 2023.\n\nDesde setembro de 2023, houve uma maior qualificação dos dados fornecidos aoInvestSUS. Segundo os entendimentos decorrentes do julgamento da Ação Direta de Inconstitucionalidade (ADI 7.222) pelo Supremo Tribunal Federal (STF), a incidência do piso ocorre sobre a remuneração total, resultado da soma de vencimentos básicos e vantagens fixas, gerais e permanentes, o que demandou a alteração do sistema.\n\nComo solicitar a revisão de dados\n\nOs municípios e estados interessados que não estão na portaria Portaria GM/MS 4.155 podem fazer uma solicitação, por e-mail, com as justificativas necessárias para embasar o requerimento. A Secretaria de Gestão do Trabalho e da Educação na Saúde (SGTES) efetua a análise do pedido e, em caso de deferimento, é encaminhada uma resposta, também por e-mail, com instruções para a correta inserção de dados no sistema InvestSUS.\n\nCaso necessário, o resultado dessas análises deferidas é publicado em nova portaria de acerto de contas. Vale destacar que a solicitação de acerto de contas não significa, necessariamente, novos valores a serem recebidos.\n\nQualificação dos dados\n\nUma das iniciativas da pasta para induzir os devidos ajustes é aCaravana do Piso da Enfermagem, que tem visitado os estados brasileiros para esclarecer dúvidas e auxiliar o preenchimento dos dados no sistema. A Caravana já visitou 25 estados e o Distrito Federal. A última edição será realizada em Florianópolis (SC) no dia 4 de setembro deste ano."
}