{
    "url": "https://www.gov.br/saude/pt-br/assuntos/noticias/2024/dezembro/nova-campanha-do-ministerio-da-saude-reforca-importancia-da-imunizacao-de-rotina",
    "titulo": "Nova campanha do Ministério da Saúde reforça importância da imunização de rotina",
    "descricao": "Campanha será dividida em fases. Na última terça-feira (3), a fase de conscientização sobre a coqueluche foi ao ar nas mídias de comunicação",
    "subtitulo": "VACINA É PRA TODA VIDA",
    "categoria": "Saúde e Vigilância Sanitária",
    "autora": "Vanessa RodriguesMinistério da Saúde",
    "tags": [
        "vigilância em saúde e ambiente",
        "vacinação",
        "coqueluche",
        "prevenção"
    ],
    "data_publi": "05/12/2024",
    "texto": "A vacinação é reconhecida como uma das estratégias mais eficazes de saúde pública, contribuindo para prevenir doenças graves, proteger comunidades inteiras e fortalecer a saúde coletiva. Nesse cenário, o Ministério da Saúde lança campanha de comunicação com o tema“Vacinação de rotina: vacina é pra toda vida”. O objetivo é continuar alcançando altas coberturas vacinais, garantindo proteção individual e coletiva contra diversas doenças. A campanha será veiculada em TV, rádio, mídia exterior em lugares de grande circulação de pessoas, em portais online, além de redes sociais.\n\nAcesse a página da campanha e saiba mais\n\nA vacinação de rotina é fundamental para a proteção continuar ano após ano e contribui para o avanço da eliminação, controle e prevenção de doenças imunopreveníveis comopoliomielite,sarampoerubéola. O Brasil possui o maior programa de vacinação do mundo, com mais de 300 milhões de doses aplicadas por ano. Ao todo, o Ministério da Saúde fornece mais de 30 vacinas gratuitas à população brasileira por meio doSistema Único de Saúde (SUS). Desde o início da atual gestão, oPrograma Nacional de Imunizações (PNI)tem avançado para proporcionar melhor qualidade de vida à população com a prevenção de doenças.\n\nAs vacinas podem ser encontradas nas Unidades Básicas de Saúde (UBSs) de todo o país, garantindo acesso em todas as fases da vida, desde a infância até a terceira idade. “A vacinação é a prioridade máxima do Ministério da Saúde, o que reflete nos nossos números. O aumento da cobertura continua sendo uma realidade. Não se pode falar de desabastecimento de vacina no Brasil”, destacou a ministra Nísia Trindade.\n\nAssista ao vídeo da campanha\n\n\n\nCoqueluche\n\nA nova campanha do Ministério da Saúde será dividida em fases, conscientizando a respeito da imunização paracoqueluche, poliomielite, sarampo e tétano. Na última terça-feira (3), afase de coqueluche já foi ao ar nas mídias de comunicação.\n\nA coqueluche começa como um resfriado comum, com febre baixa, mal-estar geral, coriza e tosse seca. Gradualmente, a tosse se torna mais intensa, podendo causar vômito e dificuldade de respirar. Justamente por isso, crianças menores de seis meses são mais propensas a formas graves da doença, que podem evoluir para pneumonia, parada respiratória, convulsões e desidratação. Em 2024, o Brasil já registrou 13 óbitos pela doença, todos em crianças menores de um ano de idade.\n\nA vacinação é a principal forma de prevenção contra coqueluche. No SUS, em atenção aoCalendário Nacional de Vacinação, ela é oferecida para crianças a partir de 2 meses de vida até menores de 7 anos, gestantes, puérperas (até 45 dias pós-parto) não vacinadas durante o período gestacional e para grupos prioritários: profissionais da saúde, parteiras tradicionais e estagiários da área da saúde.\n\nPara crianças menores de 7 anos de idade o esquema primário recomendado é composto por três doses da vacina penta (aos 2, 4 e 6 meses de vida), com intervalo de 60 dias entre as doses, mínimo de 30 dias (em situações especiais). Reforços estão recomendados aos 15 meses (1º Ref.) e aos 4 anos (2º Ref.), com a vacina tríplice bacteriana infantil (DTP).\n\nPara as gestantes, é indicado uma dose da vacina tríplice bacteriana acelular – tipo adulto (dTpa), a cada gestação, a partir da 20ª semana gestacional, com o objetivo de promover a imunização passiva (passagem de anticorpos por via transplacentária da mãe para o feto) dos recém-nascidos, nos primeiros anos de vida, até que o bebê possa iniciar a sua vacinação.\n\nPara pessoas que apresentam condições clínicas especiais, outras vacinas contra a coqueluche também são disponibilizadas nos Centros de Referências para Imunobiológicos Especiais (CRIE), conforme recomendações do Manual dos Centros de Referência para Imunobiológicos Especiais.\n\nAssista ao vídeo da campanha\n\n\n\nMovimento Nacional pela Vacinação\n\nEm 2023, o governo federal lançou oMovimento Nacional pela Vacinação, para retomar e fortalecer a confiança na ciência, no SUS e nas vacinas. Graças ao esforço do movimento, ainda em 2023, 13 das 16 vacinas do calendário infantil registraram aumento de cobertura. Os avanços brasileiros também fizeram com que o Brasil saísse do ranking dos 20 países com mais crianças não imunizadas do mundo. Em 2021, o Brasil ocupava o 7º lugar nesse ranking e, desde 2023, não faz mais parte da lista.\n\nO Ministério da Saúde também atua para combater asfake newspor meio do programaSaúde com Ciência. A iniciativa busca identificar e mitigar os efeitos da desinformação, promovendo informações confiáveis sobre o Programa Nacional de Imunizações (PNI) e políticas de saúde pública. Com o apoio de diversas entidades governamentais, o programa estabelece estratégias para neutralizar o impacto das notícias falsas e fortalecer a confiança na vacinação.\n\nProteja sua saúde, não compartilhe desinformação!"
}