{
    "url": "https://www.gov.br/saude/pt-br/assuntos/noticias/2024/dezembro/rede-de-atencao-a-saude-bucal-ira-fortalecer-atendimento-integrado-no-sus",
    "titulo": "Rede de Atenção à Saúde Bucal irá fortalecer atendimento integrado no SUS",
    "descricao": "Criação da Rasb tem o objetivo de promover o atendimento integral, humanizado e acessível do cuidado em saúde bucal para todas as pessoas",
    "subtitulo": "ACESSIBILIDADE",
    "categoria": "Saúde e Vigilância Sanitária",
    "autora": "Ministério da Saúde",
    "tags": [
        "atenção primária",
        "saúde bucal",
        "integralidade",
        "rede de atenção"
    ],
    "data_publi": "23/12/2024",
    "texto": "Aportariade formação da Rede de Atenção à Saúde Bucal (Rasb) foi publicada, na sexta-feira (20), no Diário Oficial da União, após ser oficializada pelaComissão Intergestores Tripartite (CIT), que reúne os representantes do Ministério da Saúde e dos governos estaduais e municipais. A Rasb é um marco noSistema Único de Saúde (SUS), uma vez que ela tem o objetivo de promover o atendimento integral, humanizado e acessível para todas as pessoas, respeitando as especificidades socioculturais dos usuários.\n\n“A Rede de Atenção é um avanço para oPrograma Brasil Sorridente. Mesmo com o nosso país sendo referência em saúde bucal, a criação da rede era uma necessidade para ampliarmos o cuidado das pessoas de maneira integral, seguindo as diretrizes da Política Nacional de Saúde Bucal”, afirma o secretário deAtenção Primária à Saúde (SAPS), Felipe Proenço. Segundo o gestor, a partir de agora será possível desenvolver as linhas de cuidado e os instrumentos para regulação, financiamento, monitoramento e avaliação da rede.\n\nA Rasb organiza o fluxo do cidadão dentro do SUS, garantindo que suas necessidades sejam inicialmente atendidas na Atenção Primária à Saúde (APS). Dessa maneira, a pessoa será encaminhada para o atendimento especializado quando seu ciclo na APS estiver concluído. A iniciativa proporcionará mais acessibilidade aos serviços em todos os níveis de atenção.\n\nA coordenadora-geral deSaúde Bucal, Doralice Severo da Cruz, explica que a Rasb irá manter a ligação entre todos os níveis de atendimento do SUS. “A transversalidade proporcionará ao usuário caminhar com tranquilidade dentro da rede, de forma integrada. Com a portaria, estamos buscando a integração efetiva, que é uma conquista importante para a Política Nacional de Saúde Bucal”, completa.\n\nCom a rede, também pretende-se promover a qualificação contínua e a educação permanente dos profissionais, incentivando inovações tecnológicas e ferramentas digitais; fomentar a articulação intersetorial entre equipes multiprofissionais; e ampliar o acesso à saúde bucal em todos os níveis de atenção.\n\nConfira a portaria de formação da Rede de Atenção à Saúde Bucal (Rasb)"
}