{
    "url": "https://www.gov.br/saude/pt-br/assuntos/noticias/2024/agosto/ministerio-da-saude-investe-na-paternidade-responsavel-e-em-mais-saude-para-os-homens",
    "titulo": "Ministério da Saúde investe na paternidade responsável e em mais saúde para os homens",
    "descricao": "Atenção primária coloca em prática estratégia e treinamentos para maior inclusão dos pais na saúde dos filhos. E para que eles também cuidem de seu bem-estar",
    "subtitulo": "DIA DOS PAIS",
    "categoria": "Saúde e Vigilância Sanitária",
    "autora": "Rafael SecunhoMinistério da Saúde",
    "tags": [
        "atenção primária",
        "saúde do homem",
        "paternidade",
        "dia dos pais"
    ],
    "data_publi": "11/08/2024",
    "texto": "Neste domingo (11), dedicado aos pais de todo o Brasil, o Ministério da Saúde traz uma constatação importante em 2024: eles estão cada vez mais presentes no acompanhamento da saúde dos filhos, desde antes do nascimento. É a chamada paternidade responsável, que desde o ano passado é celebrada no dia 14 de agosto, e está prevista naLei 14.623/23. Números da Pesquisa Nacional de Saúde de 2021 reforçam a percepção: 76,7% dos homens acompanharam o pré-natal da parceira em 2023.\n\nE a preparação para a chegada dos filhos, que antigamente era exclusiva das gestantes, hoje é também para o progenitor: o SUS oferece consultas pré-natal para os pais e parceiros. E a participação é alta: em 2023, foram registradas 69.688 consultas para eles em cerca de 1.600 municípios brasileiros, com um aumento de 22,4% em relação a 2022. Os dados são daSecretaria de Atenção Primária à Saúde (Saps)da pasta e fazem parte de uma estratégia chamada Pré-Natal do Parceiro, a EPNP.\n\n“É o que chamamos de corresponsabilização. É incentivar o pai a participar do planejamento reprodutivo, a acompanhar no parto e qualificá-los para que possam compartilhar a realização de atividades básicas como trocar a fralda e dar o banho. E que ele possa cuidar de sua saúde também”, explica o coordenador de Atenção à Saúde do Homem (Cosah), Celmário Brandão.\n\nEnvolver os pais no pré-natal é uma forma de convidá-los a partilharem as tarefas de cuidados com filhos e filhas desde cedo, reduzindo a sobrecarga feminina nas tarefas domésticas e promovendo equidade de gênero. Os homens, muitas vezes, são pressionados pela sociedade a serem rígidos e a não expressarem os sentimentos, o que dificulta a conexão afetiva com os filhos. Por isso, paternar pode representar um caminho de contato verdadeiro com quem se ama e consigo mesmo.\n\nA EPNP estimula os pais a realizarem exames preventivos de rotina e testes rápidos; a atualizarem o cartão de vacinação; a participarem de atividades educativas durante o pré-natal e a realizarem consultas em geral, inclusive na área de psicologia. A estratégia vê a paternidade como oportunidade de promoção dasaúde dos homens.\n\n“Queremos que os trabalhadores das unidades de saúde se apresentem como um agente indutor de cuidados para o homem. Uma oportunidade de se falar do cuidado paterno, de seus direitos, e que também não deixe de fazer seus exames e consultas”, pontua Celmário. Em 2023, o Ministério da Saúde lançou a segunda edição doGuia do Pré-Natal do Parceiro para os profissionais da Saúde, uma publicação que orienta os profissionais neste sentido.\n\nRecentemente, a pasta também firmou acordo de cooperação técnica com o Instituto Promundo visando a formação de 15 mil profissionais de saúde nas temáticas paternidade e masculinidades em todo o território nacional. Uma abordagem que visa incentivar o envolvimento dos homens no exercício da paternidade, problematização dos padrões de masculinidades, prevenção de violência e promoção da equidade de gênero. Até o momento, já foram qualificados aproximadamente 5 mil profissionais.\n\nDupla saudável\n\nExemplos de pais e filhos que não hesitam quando o assunto é saúde são mais comuns hoje em dia. O servidor público Orisvaldo Lopes, 59, morador de Sobradinho (DF), tem duas filhas. A mais velha, já adulta, hoje se vira sozinha.\n\nMas no caso de Sofia, 9 anos, é ele o responsável por ofertar saúde. “Desde novinha, sou eu quem levo para vacinar na UBSs aqui da região. Quando se sentiu mal, também corremos pro hospital público. A ciência está aí para isso e não podemos descuidar”, afirma.\n\nSobre sua própria saúde, ele confessa que hoje leva mais a sério. “Sou hipertenso e um dia fui fazer um exame de rotina e a pressão arterial estava lá nas alturas. Resolvi me cuidar mais, até para ser um exemplo para minhas meninas”, finaliza Orisvaldo.\n\nWebinário\n\nNo próximo dia 14, por sinal, a paternidade responsável será tema de debate em um webinário promovido pela pasta, por meio da Cosah. O evento terá a participação de um ‘pai especialista’ - Marcos Piangers, palestrante e escritor de obras na área da paternidade e cuidado."
}