{
    "url": "https://www.gov.br/saude/pt-br/assuntos/noticias/2024/abril/cobertura-de-13-das-16-vacinas-do-calendario-infantil-apresentou-alta-em-2023",
    "titulo": "Cobertura de 13 das 16 vacinas do calendário infantil apresentou alta em 2023",
    "descricao": "Mais de R$ 5,6 bilhões foram investidos ano passado na compra de imunizantes. Previsão para 2024 é que os recursos alcancem R$ 10,9 bilhões",
    "subtitulo": "VACINAÇÃO",
    "categoria": "Saúde e Vigilância Sanitária",
    "autora": "Ministério da Saúde",
    "tags": [
        "vigilância em saúde e ambiente",
        "vacina",
        "cobertura vacinal",
        "microplanejamento"
    ],
    "data_publi": "22/04/2024",
    "texto": "O Ministério da Saúde registrou, em 2023, aumento nas coberturas vacinais de 13 dos 16 principais imunizantes do calendário infantil doPrograma Nacional de Imunizações (PNI)se comparado com dados de 2022. Entre os destaques de crescimento estão: as vacinas contra a poliomielite (VIP e VOP), pentavalente, rotavírus, hepatite A, febre amarela, meningocócica C (1ª dose e reforço), pneumocócica 10 (1ª dose e reforço), tríplice viral (1ª e 2ª doses) e reforço da tríplice bacteriana (DTP). O resultado, observado em todo o país, consolida a reversão da queda dos índices vacinais enfrentada pelo Brasil desde 2016.\n\nPara a ministra da Saúde, Nísia Trindade, os dados demonstram o sucesso das estratégias coordenadas pela pasta. “Os números consolidados reafirmam que estamos no caminho certo, de retomada das coberturas vacinais de nossas crianças, após quedas consecutivas nos últimos anos, e de reconstrução de uma das principais políticas de saúde pública do país”, ressalta.\n\nNos 13 imunizantes que apresentaram recuperação, a média de alta foi de 7,1 pontos percentuais, sendo que nacionalmente a que mais cresceu em cobertura foi o reforço da tríplice bacteriana, com 9,23 pontos, passando de 67,4% para 76,7%. Ao avaliar a cobertura vacinal entre os estados, a maioria apresenta melhoria na cobertura das 13 vacinas citadas.\n\nInvestimentos\n\nMais de R$ 5,6 bilhões foram investidos ano passado na compra de imunizantes e a previsão é que esses recursos alcancem R$ 10,9 bilhões em 2024. De forma inédita, R$ 150 milhões foram repassados por ano aos estados e municípios, em apoio às ações de imunização com foco no microplanejamento, ou seja, nas ações de comunicação regionalizadas. Para 2024, o mesmo valor será destinado aos estados e municípios.\n\nAções inéditas\n\nO Governo federal lançou no início de 2023 oMovimento Nacional pela Vacinaçãoe direcionou todas as ações técnicas e de comunicação do Ministério da Saúde para promover a vacinação da população com o lema “vacina é vida, vacina é para todos”. Ao lado das ações do Movimento Nacional pela Vacinação, o ministério promoveu a estratégia de microplanejamento, e percorreu o Brasil realizando oficinas com as secretarias de saúde e buscando soluções viáveis para a realidade de cada local. Diversas estratégias foram adotadas, como a imunização extramuros, ampliação do horário das salas de imunização e busca ativa de não vacinados. A ideia foi permitir que o município se organizasse e se planejasse considerando a sua realidade local. Neste sentido, a estratégia de imunização foi adaptada conforme a população, a estrutura de saúde, a realidade socioeconômica e geográfica.\n\nNovo sistema\n\nA atual gestão do Ministério da Saúde também promoveu uma mudança no painel de registro de aplicação das vacinas para dar mais transparência e agilidade aos dados. Até 2022, as vacinas de rotina tinham os registros de doses aplicadas inseridos em diversos sistemas de informação próprios dos estados, municípios e do Distrito Federal. Eles eram compilados pela pasta e apresentados por um painel na plataformaTabnet, o chamado Sistema de Informação do Programa Nacional de Imunizações (SIPNI web ou “Legado”).\n\nA partir de 2023, todos os dados vacinais foram redirecionados para aRede Nacional de Dados em Saúde (RNDS), com as doses aplicadas atreladas a um número de Cadastro de Pessoa Física (CPF) ou Cartão Nacional de Saúde (CNS). A reestruturação é uma reivindicação antiga do setor e migra os dados para um sistema mais abrangente, flexível e oportuno.\n\nA novidade permitiu que a caderneta digital de vacinação se tornasse uma realidade. A partir da completa migração entre os sistemas, cada cidadão poderá consultar a própria situação vacinalonline,por meio doMeu SUS Digital, como já acontece com as doses de vacinas da Covid-19."
}