{
    "url": "https://www.gov.br/saude/pt-br/assuntos/noticias/2024/junho/conheca-as-recomendacoes-para-limpeza-de-casas-e-caixas-d2019agua-no-pos-enchente",
    "titulo": "Conheça as recomendações para limpeza de casas e caixas d’água no pós-enchente",
    "descricao": "Lama gerada pelas enchentes pode causar doenças. Ministério da Saúde reforça que ambientes devem ser desinfetados com água sanitária",
    "subtitulo": "RIO GRANDE DO SUL",
    "categoria": "Saúde e Vigilância Sanitária",
    "autora": "Otávio AugustoMinistério da Saúde",
    "tags": [
        "vigilância em saúde e ambiente",
        "recomendações",
        "limpeza",
        "rio grande do sul"
    ],
    "data_publi": "04/06/2024",
    "texto": "O Ministério da Saúde recomenda cuidados com a limpeza das casas nas áreas em que os alagamentos secaram e os moradores já podem regressar às moradias. A lama gerada pelasenchentespode causar doenças. A proteção individual é o primeiro alerta. É imprescindível o uso de botas, calças, camisas de mangas compridas e luvas resistentes. O cuidado evita contato com água contaminada e o risco de ferimentos.\n\nA limpeza do ambiente deve ser feita em três fases. Primeiro, o local deve ser totalmente lavado com água para a retirada da lama. Depois, uma segunda lavagem deve ser feita com água e sabão. Por fim, é necessário usar uma solução de desinfetante no piso e nas paredes.\n\n“Depois disso, a casa estará segura para as famílias retornarem”, explica Márcio Garcia, diretor do Departamento de Emergências em Saúde Pública, complementando que a forma correta de higienização é importante para evitar riscos à saúde.\n\nVeja recomendações para a limpeza\n\nAcesse o guia completo\n\nCuidados com caixas d’água\n\nO Ministério da Saúde destaca que é preciso limpar e desinfetar a caixa d’água ou reservatório, no caso deles serem carregados pela água de um sistema de abastecimento que foi afetado ou por terem contato direto com a água de enchente.\n\nO primeiro passo é a lavagem da caixa d’água ou reservatório. Feche a entrada da caixa d’água e esvazie-a deixando um palmo de água no fundo para a limpeza.\n\nUtilizando a água que restou, esfregue as paredes e o fundo da caixa com panos limpos, escova macia, bucha ou esponja (que não seja de aço). Não use sabão, detergente ou outros produtos de limpeza.\n\nDepois, remova todos os resíduos do fundo da caixa d’água com auxílio de balde, panos limpos ou pá, deixando a caixa totalmente limpa e seca.\n\nPor último, abra o registro de entrada de água e encha completamente a caixa d’água novamente. Além da limpeza, é preciso fazer a desinfecção.\n\nConfira o passo a passo para desinfecção dos reservatórios"
}