{
    "url": "https://www.gov.br/saude/pt-br/assuntos/noticias/2024/outubro/com-mais-de-13-mil-espectadores-acolhimento-aos-agentes-de-saude-marca-nova-fase-do-programa",
    "titulo": "Com mais de 13 mil espectadores, acolhimento aos agentes de saúde marca nova fase do programa",
    "descricao": "Entre as novidades para a segunda turma dos cursos técnicos está a inclusão dos módulos de equidade e de saúde mental",
    "subtitulo": "MAIS SAÚDE COM AGENTE",
    "categoria": "Saúde e Vigilância Sanitária",
    "autora": "Ministério da Saúde",
    "tags": [
        "trabalho e educação na saúde",
        "agentes de combate às endemias",
        "agente comunitário de saúde",
        "mais saúde com agente"
    ],
    "data_publi": "04/10/2024",
    "texto": "Na semana em que é celebrado o Dia Nacional do Agente de Saúde –Agente de Combate às Endemias (ACE)e Agente Comunitário de Saúde (ACS), 4 de outubro, as novidades doPrograma Mais Saúde com Agenteforam apresentadas durante o acolhimento aos agentes, realizado quinta-feira (2). Com transmissão para mais de 13 mil espectadores. O presidente do Conselho Nacional de Secretarias Municipais de Saúde (Conasems), Hisham Hamida; a reitora da Universidade Federal do Rio Grande do Sul (UFRGS), Marcia Barbosa; e a coordenadora do projeto na UFRGS, Luciana Barreto, participaram do encontro.\n\n\"Estes profissionais são essenciais para consolidar e fortalecer nossoSistema Único de Saúde, tornando-o mais acessível, equânime, eficaz e justo. São os agentes que identificam as condições de saúde da população, prestam um primeiro atendimento e promovem o acesso às políticas públicas em saúde para as comunidades\", declarou a secretária deGestão do Trabalho e da Educação na Saúde do Ministério da Saúde (SGTES), Isabela Pinto.\n\nDurante alive, foram apresentados avanços para a nova fase do programa, que incluem a revisão da matriz curricular para atualização dos conteúdos das disciplinas, ampliando as habilidades de acolhimento desses agentes em relação à população, considerando questões de equidade de gênero, raça e sexualidade; saúde mental; e cuidado com pessoas que fazem uso abusivo de álcool e outras drogas, por exemplo. Também foi destacada a parceria com as Escolas de Saúde do Sistema Único de Saúde (SUS), que fornecem apoio local descentralizado na gestão do programa e na qualificação de preceptores.\n\nA partir da avaliação dos resultados da primeira turma, SGTES, Conasems e UFRGS têm ponderado o processo formativo, que resultaram nas novidades para a segunda turma. A ampliação e inclusão de componentes curriculares e disciplinas eletivas como agroecologia, hortas comunitárias, segurança alimentar, práticas integrativas e saúde dos povos do campo, floresta e águas são parte da estratégia do programa para proporcionar uma qualificação profissional direcionada à diversidade e às necessidades da população, além da integração entre atenção primária e a vigilância em saúde no SUS.\n\nA secretária da SGTES reforçou a importância do investimento e da valorização de trabalhadores da saúde, além de destacar que a formação de agentes para articulação nos territórios é uma das prioridades da atual gestão. Na ocasião, também reconheceu a importância do trabalho conjunto entre ACS e ACE para qualificar o cuidado naAtenção Primária à Saúde (APS)e a vigilância em saúde da população.\n\nFormação técnica\n\nOs cursos serão ofertados de forma híbrida, sendo parte dos conteúdos desenvolvidos pelo Ambiente Virtual de Aprendizado do Conasems (AVA Conasems) e outra parte nos serviços e territórios em que atuam tais agentes, fazendo a articulação entre conteúdos teóricos e práticos. A carga horária das ofertas educacionais é de 1.275 horas, com duração de 12 meses."
}