{
    "url": "https://www.gov.br/saude/pt-br/assuntos/noticias/2024/agosto/brasil-e-chile-assinam-memorando-para-fomentar-colaboracao-e-coordenacao-de-acoes-na-saude",
    "titulo": "Brasil e Chile assinam memorando para fomentar colaboração e coordenação de ações na Saúde",
    "descricao": "Documento foi firmado nesta segunda (5), em visita do presidente Lula ao país vizinho. Entre as ações, estão a promoção de estratégias de vacinação, cooperação para acesso a tecnologias e na área de recursos humanos",
    "subtitulo": "COOPERAÇÃO",
    "categoria": "Saúde e Vigilância Sanitária",
    "autora": "Nathan VictorMinistério da Saúde",
    "tags": [
        "assuntos internacionais",
        "atenção primária",
        "cooperação em saúde",
        "chile"
    ],
    "data_publi": "05/08/2024",
    "texto": "Brasil e Chile assinaram, nesta segunda-feira (5), um Memorando de Entendimento que estabelece um marco institucional para fomentar esforços de coordenação na área de saúde. O objetivo é ampliar colaborações já existentes e promover novas ações que sejam reconhecidas mutuamente como benéficas para os dois países latino-americanos.\n\nO documento foi assinado hoje durante o primeiro dia de visita do presidente do Brasil, Luiz Inácio Lula da Silva, ao país do presidente chileno, Gabriel Boric. A ocasião marca o lançamento de uma nova etapa da relação entre as duas nações, por meio da assinatura de 17 acordos e tratativas sobre amplo leque de temas, representando uma expansão significativa da agenda bilateral.\n\nNesta segunda, a ministra Nísia Trindade participou de reunião bilateral com a ministra da Saúde do Chile, Ximena Aguilera. No encontro, foram debatidas ações de resposta a emergências climáticas e resiliência de sistemas de saúde. Nísia também apresentou à colega a experiência brasileira no controle dearboviroses, bem como tratou da produção de vacinas e medicamentos. O encontro também contou com a presença do presidente da Fundação Oswaldo Cruz (Fiocruz), Mário Moreira.\n\n“Da nossa cooperação, tenho certeza que já estão saindo resultados, e mais resultados ficarão muito bem definidos até abril do próximo ano na área de produção de insumos, vacinas, medicamentos, vigilância frente a emergências em saúde e outros problemas ligados a doenças transmissíveis”, destacou Trindade, depois da reunião.\n\nDestaques do memorando\n\nAssinado pelas ministras da Saúde dos dois países, o acordo envolve:"
}