{
    "url": "https://www.gov.br/saude/pt-br/assuntos/noticias/2024/junho/ministerio-da-saude-destina-mais-r-24-1-mi-para-restauracao-da-saude-na-regiao",
    "titulo": "Ministério da Saúde destina mais R$ 24,1 mi para restauração da saúde na região",
    "descricao": "Com novo aporte, mais 52 municípios serão contemplados com recursos para reforçar a atenção primária da região",
    "subtitulo": "RIO GRANDE DO SUL",
    "categoria": "Saúde e Vigilância Sanitária",
    "autora": "O Ministério da Saúde anunciou, nesta quinta-feira (27), a destinação de R$ 24,1 milhões para a reconstrução da rede de assistência da atenção primária em municípios do Rio Grande do Sul afetados por chuvas intensas e inundações. O aporte, de caráter excepcional e em parcela única, irá beneficiar 52 municípios da região, reforçando as estruturas de saúde após os eventos climáticos.A iniciativa visa aumentar e reforçar o acesso da população às ações e serviços da atenção primária à saúde, garantindo assistência, diagnóstico, tratamento, prevenção e controle de enfermidades decorrentes dos desastres meteorológicos.Segundo o secretário deAtenção Primária à Saúde, Felipe Proenço, aportariaé uma \"resposta à emergência e fruto de diálogo direto com gestores municipais para a ampliação de insumos em assistência à população\". Proenço também destacou que os recursos são destinados à manutenção e ampliação de insumos, além da contratação de equipes, permitindo que a \"atenção primária à saúde volte a funcionar conforme o plano de ação desenvolvido em conjunto com os municípios afetados\".No dia 7 de junho,o ministério já havia liberado R$ 53,4 milhõespara a reconstrução das estruturas de saúde atingidas pelas enchentes no estado gaúcho. Com os novos recursos, ao todo, 95 municípios serão contemplados.Lista de cidadesConfira abaixo a relação dos municípios que receberão os recursos:",
    "tags": [
        "atenção primária",
        "assistência em saúde",
        "investimento",
        "rio grande do sul"
    ],
    "data_publi": "28/06/2024",
    "texto": ""
}