{
    "url": "https://www.gov.br/saude/pt-br/assuntos/noticias/2024/marco/ministra-da-saude-participa-de-inauguracao-do-hospital-ortopedico-do-estado-em-salvador",
    "titulo": "Ministra da Saúde participa de inauguração do Hospital Ortopédico do Estado em Salvador",
    "descricao": "Maior hospital estadual em ortopedia e traumatologia do Brasil, HOE é a primeira unidade com serviços de cirurgia ortopédica pediátrica e transplante ósseo da Bahia",
    "subtitulo": "REFERÊNCIA",
    "categoria": "Saúde e Vigilância Sanitária",
    "autora": "Nadja Alves dos ReisMinistério da Saúde",
    "tags": [
        "atenção especializada à saúde",
        "ortopedia",
        "hospital",
        "bahia"
    ],
    "data_publi": "04/03/2024",
    "texto": "A ministra da Saúde, Nísia Trindade, esteve em Salvador, nesta segunda-feira (4), para a inauguração do Hospital Ortopédico do Estado (HOE) da Bahia. Com investimento superior a R$ 224 milhões, a expectativa é que, mensalmente, sejam realizadas mais de 19,5 mil consultas ambulatoriais, 1,7 mil diagnósticos por imagem, 1,7 mil altas hospitalares (enfermaria e UTI) e mil cirurgias nas especialidades de traumatologia, ortopedia e medicina desportiva.\n\nInformações da secretaria de saúde da Bahia apontam que, atualmente, cerca de 15 mil pacientes aguardam por consultas e cirurgias no estado. A maioria dessas pessoas são idosos que sofrem quedas ou são vítimas de acidentes com motocicleta – essa última, inclusive, representa a causa de 70% das internações hospitalares em Unidades de Terapia Intensiva (UTIs). Este cenário gera uma alta demanda para atendimentos e procedimentos em ortopedia e traumatologia, que deve ser suprida pela abertura do HOE, como apontou a ministra Nísia. “Com seus 212 leitos, esse hospital passa a ser uma grande referência para o tratamento cirúrgico-ortopédico de maneira integrada”, ressaltou.\n\nA unidade de alto porte conta com serviços modernos, que podem ser acessados de forma gratuita com assistência de alta complexidade em traumato-ortopedia, centro transplantador de tecidos musculoesquelético, reabilitação física, medicina desportiva e apoio diagnóstico e terapêutico.\n\nAlém da ampliação do acesso aos serviços de cirurgia ortopédica pediátrica e de transplante ósseo, a unidade também será importante no aprimoramento da formação de profissionais para o Sistema Único de Saúde (SUS), com a oferta de práticas de estágio, residências e desenvolvimento de pesquisas. Nesse sentido, Nísia apontou que muito da inovação do SUS vem das unidades hospitalares de alta qualidade, que, segundo ela, terão uma contribuição cada vez maior para esse objetivo. “Esse é um momento de esperança para avançarmos ainda mais no SUS”, ensejou.\n\nO acesso dos usuários se dará, exclusivamente, pelo Sistema Lista Única nas situações eletivas e por demanda referenciada pela Central Estadual de Regulação que, mensalmente, recebe recursos de 6 mil pacientes ao mês. Essa nova unidade deve reduzir a espera para regulação de diagnóstico e tratamento do sistema osteomuscular, o que inclui procedimentos cirúrgicos eletivos em ortopedia, tanto para tratamento e reabilitação de condições relacionadas ao envelhecimento (degenerações ósseas e articulares), quanto nas causas externas como acidentes de trânsito."
}