{
    "url": "https://www.gov.br/saude/pt-br/assuntos/noticias/2024/maio/forca-nacional-do-sus-ultrapassa-2-2-mil-atendimentos-em-dez-dias",
    "titulo": "Força Nacional do SUS ultrapassa 2,2 mil atendimentos em dez dias",
    "descricao": "Volume reflete pronto investimento do Ministério da Saúde na ampliação das equipes e da rede de assistência. O mais recente reforço foi a abertura do Hospital de Campanha de Porto Alegre",
    "subtitulo": "RIO GRANDE DO SUL",
    "categoria": "Saúde e Vigilância Sanitária",
    "autora": "Otávio AugustoMinistério da Saúde",
    "tags": [
        "atenção primária",
        "vigilância em saúde e ambiente",
        "força nacional do sus",
        "rio grande do sul"
    ],
    "data_publi": "16/05/2024",
    "texto": "AForça Nacional do Sistema Único de Saúde (SUS)ultrapassou 2,2 mil atendimentos no Rio Grande do Sul. O estado sofre os impactos de severasenchentesdesde 3 de maio. O volume de atendimentos reflete o pronto investimento do Ministério da Saúde na ampliação das equipes e da rede de assistência. O mais recente reforço foi a abertura do Hospital de Campanha de Porto Alegre, nesta terça-feira (14).\n\nA maior parte dos atendimentos são estabilização de pressão arterial, diabetes e pequenos traumas. Além disso, as equipes já realizaram até mesmo partos. Entre terça e quarta-feira, em menos de 24 horas, o HCamp de POA realizou 108 atendimentos, sendo 60 consultas e 48 reavaliações. A unidade recebeu pacientes para estabilização, aplicação de medicamentos, triagem de casos, entre outros serviços.\n\nExpansão da rede\n\nO Ministério da Saúde trabalha para abrir outros dois hospitais de campanha no Rio Grande do Sul. Uma unidade será instalada em São Leopoldo, distante 40 quilômetros da capital. O espaço já foi escolhido pela área técnica e está em monitoramento para descartar o risco de alagamento. A previsão é que ele comece a operar já nos próximos dias.\n\nA quarta unidade prevista será instalada em município que apresente maior gargalo de estrutura. A confirmação também será divulgada em breve."
}