{
    "url": "https://www.gov.br/saude/pt-br/assuntos/noticias/2024/junho/cento-e-vinte-novos-leitos-reforcam-a-assistencia-medica-no-estado",
    "titulo": "Cento e vinte novos leitos reforçam a assistência médica no estado",
    "descricao": "Secretário da atenção especializada do ministério está no RS e acompanhou a abertura das novas vagas nas unidades do GHC",
    "subtitulo": "RIO GRANDE DO SUL",
    "categoria": "Saúde e Vigilância Sanitária",
    "autora": "Igor TarcízioMinistério da Saúde",
    "tags": [
        "atenção especializada à saúde",
        "grupo hospitalar conceição",
        "rio grande do sul"
    ],
    "data_publi": "21/06/2024",
    "texto": "Nesta sexta-feira (21), o secretário deAtenção Especializada em Saúde, Adriano Massuda, visitou os novos leitos nas unidades de saúde do Grupo Hospitalar Conceição (GHC), vinculado ao Ministério da Saúde. Com vagas hospitalares já disponíveis para a população gaúcha, os 120 novos leitos estarão em pleno funcionamento até a próxima semana.\n\n\"A ampliação da oferta de leitos é um dos grandes esforços do Ministério da Saúde para dar assistência à população gaúcha após a situação de emergência. O objetivo agora é reconstruir, recuperar e ampliar a disponibilidade de vagas em todo o estado\", afirmou Massuda durante a visita ao Hospital Nossa Senhora da Conceição (HNSC).\n\nOs leitos estão sendo abertos nos hospitais Fêmina, Cristo Redentor, Nossa Senhora da Conceição e Criança Conceição. O objetivo da ampliação é preparar a rede pública de saúde para enfrentar o aumento da demanda decorrente das doenças típicas do inverno e das enfermidades causadas pelas fortes chuvas que atingiram a região gaúcha.\n\nSituação das unidades de saúde\n\nDurante a visita, Adriano Massuda também se reuniu com a secretária estadual de Saúde, Arita Bergmann, e gestores municipais para discutir a situação dos estabelecimentos de saúde e as ações e medidas para o processo de reconstrução das estruturas no estado.\n\nFoi apresentada aos gestores hospitalares e de Unidades Básicas de Saúde (UBSs) a nova estratégia doPrograma Mais Acesso a Especialistas (PMAE).\n\nO programa, que terá um investimento de R$ 1 bilhão em 2024, visa aumentar a disponibilidade de consultas, exames e outros procedimentos diagnósticos e terapêuticos, reduzindo filas e tempos de espera. A iniciativa muda a lógica de financiamento do serviço, impactando diretamente o encaminhamento dos pacientes desde a atenção primária até o diagnóstico final."
}