{
    "url": "https://www.gov.br/saude/pt-br/assuntos/noticias/2024/dezembro/ministerio-da-saude-entrega-258-novas-ambulancias-para-renovar-frota-pelo-pais",
    "titulo": "Ministério da Saúde entrega 258 novas ambulâncias para renovar frota pelo país",
    "descricao": "Veículos foram entregues pela ministra Nísia Trindade nesta terça-feira (17) e vão beneficiar população de 15 estados. Novas viaturas somam investimento de R$ 74,5 milhões por meio do Novo PAC",
    "subtitulo": "SAMU 192",
    "categoria": "Saúde e Vigilância Sanitária",
    "autora": "Ministério da Saúde",
    "tags": [
        "atenção especializada à saúde",
        "samu 192",
        "novo pac",
        "ambulâncias"
    ],
    "data_publi": "17/12/2024",
    "texto": "Nesta terça-feira (17), 179 cidades brasileiras de 15 estados foram beneficiadas com a entrega de 258 novas ambulâncias para renovação da frota doSamu 192. A cerimônia de entrega aconteceu no município de Sorocaba (SP), com participação da ministra da Saúde, Nísia Trindade. A oferta dos novos veículos será possível graças ao investimento doNovo Programa de Aceleração do Crescimento (Novo PAC), no valor de R$ 74,5 milhões. Essa é a quinta entrega de viaturas em 2024.\n\nO Novo PAC do governo federal está possibilitando a universalização de serviços essenciais na rede pública de todo o país, como é o caso do SAMU. Em quatro anos, a cobertura vai passar de 87% para mais de 90% da população brasileira, ampliando o acesso a esse serviço que estava estagnado desde 2017.\n\nDe 2017 a 2022, cerca de 28 milhões de brasileiros ficaram sem acesso ao serviço de urgência. Diante disso, desde 2023, a pasta tem dedicado esforços para ampliação da cobertura do Samu, com reajuste de 30% no custeio federal do serviço.\n\nApós cumprimentar os ‘samuzeiros’ - profissionais que trabalham nas unidades móveis - presentes à cerimônia, a ministra destacou todo o trabalho feito pela pasta no fortalecimento do atendimento de emergência. “Já entregamos 524 unidades do Samu em 2024 e a renovação da frota é um compromisso do nosso governo. Nossa meta é o Samu estar disponível para 100% dos brasileiros”, destacou Nísia. “No momento, são 187 milhões de pessoas cobertas pelo Samu e seguiremos trabalhando para expandir esse número”.\n\nO prefeito de Foz do Iguaçu (PR), Chico Brasileiro, representando os gestores dos municípios, agradeceu o investimento do governo. “Quero expressar, em nome de todos os prefeitos e prefeitas, a nossa satisfação. Isso significa muito. A gente sabe quantas vidas o SAMU salva todo dia. Ter ambulâncias novas, com agilidade, no tempo certo, é realmente a ação de um governo que pensa nas pessoas”, observou.\n\n“Vivemos uma época em que não houve renovação de frota, com ambulâncias com até 6 anos de uso rodando. E elas foram muito importantes na época dacovid-19. As novas ambulâncias representam segurança para os profissionais e para o transporte dos pacientes”, disse a secretária de Saúde do Ceará, Tania Mara Coelho, representando o Conselho Nacional de Secretários de Saúde (Conass).\n\nVeja como foi a cerimônia de entrega\n\n\n\nComo funciona o serviço de urgência?\n\nOServiço de Atendimento Móvel de Urgência (SAMU 192)é um dos componentes da Política Nacional de Atenção às Urgências do Ministério da Saúde e faz parte da Rede Assistencial Pré-Hospitalar Móvel de atendimento às urgências.\n\nO serviço é gratuito, acessado pelo número \"192\", funciona 24 horas por dia e 07 dias por semana, por meio da prestação de orientações e do envio de veículos tripulados por equipe capacitada, acionados por uma Central de Regulação das Urgências. Por isso o SAMU 192 tem papel fundamental na organização do atendimento narede de Atenção às Urgências.\n\nConfira a destinação das ambulâncias"
}