{
    "url": "https://www.gov.br/saude/pt-br/assuntos/noticias/2024/novembro/saude-dos-homens-mostra-vai-destacar-praticas-que-fazem-a-diferenca-no-sus",
    "titulo": "Saúde dos homens: mostra vai destacar práticas que fazem a diferença no SUS",
    "descricao": "Profissionais e instituições podem inscrever suas experiências inovadoras até 26 de janeiro. Ao todo, serão selecionadas 20 experiências para apresentação e publicação em caderno temático",
    "subtitulo": "ATENÇÃO PRIMÁRIA",
    "categoria": "Saúde e Vigilância Sanitária",
    "autora": "Ministério da Saúde",
    "tags": [
        "atenção primária",
        "saúde dos homens",
        "práticas bem-sucedidas",
        "mostra"
    ],
    "data_publi": "29/11/2024",
    "texto": "O Ministério da Saúde vai reunir e divulgar as histórias que têm transformado vidas noSistema Único de Saúde (SUS). Estão abertas as inscrições para aI Mostra de Práticas Bem-Sucedidas na Saúde dos Homens no SUS, um evento que vai reunir iniciativas de destaque no cuidado da população masculina.\n\nProfissionais de saúde, gestores e organizações têm até o dia 26 de janeiro de 2025 para enviar projetos que ampliem o acesso, aprimorem o acolhimento e promovam a qualidade de vida dos homens no Brasil.\n\nA inscrição é feita pelo formulário da I Mostra de Práticas Bem-Sucedidas\n\nIdealizada pela Coordenação-Geral de Atenção à Saúde do Homem, daSecretaria de Atenção Primária à Saúde (SAPS), a mostra é um passo importante para a disseminação do conhecimento e valorização das práticas no âmbito da rede de atenção à saúde.\n\nO processo seletivo está dividido em três etapas: triagem técnica das experiências inscritas; avaliação e pontuação das experiências submetidas; e apresentação oral, a ser realizada por meio de webinário.\n\nAo todo, serão selecionadas 20 experiências finais para apresentação e publicação em caderno temático do Ministério da Saúde. As três melhores classificadas serão expostas e apresentadas em evento a ser realizado pela SAPS, em Brasília.\n\nAs informações estão no regulamento\n\nPodem se inscrever profissionais de saúde dasequipes de Saúde da Família (Esf), coordenações de Atenção Primária à Saúde (APS) ou de Promoção da Saúde municipais ou regionais, Secretarias Municipais e Estaduais de Saúde, bem como entidades filantrópicas, instituições de ensino ou organizações sociais que desenvolvam trabalhos emsaúde para o público masculino.\n\nTemáticas\n\nAs experiências devem abordar a melhoria do acesso e organização do cuidado à saúde do homem, bem como o enfrentamento de agravos de interesse da Saúde Pública nos âmbitos municipal, estadual e do Distrito Federal, considerando o período dos últimos 5 anos, as temáticas incluem:\n\nA I Mostra é também uma forma de fortalecer e celebrar os 15 anos da publicação da portaria que instituiu aPolítica Nacional de Atenção Integral à Saúde do Homem (PNAISH), instrumento que busca promover a melhoria das condições de saúde da população masculina brasileira, contribuindo, para a redução da morbidade e da mortalidade dessa população, por meio do enfrentamento dos fatores de risco e vulnerabilidades, promovendo o acesso às ações e aos serviços de atenção integral à saúde e respeitando as diferentes expressões das masculinidades."
}