{
    "url": "https://www.gov.br/saude/pt-br/assuntos/noticias/2024/agosto/curso-de-atualizacao-em-fitoterapia-abre-inscricoes-no-proximo-dia-20",
    "titulo": "Curso de atualização em fitoterapia abre inscrições no próximo dia 20",
    "descricao": "Interessados poderão se inscrever a partir de 20 de agosto. Iniciativa é resultado de parceria com a Fiocruz Brasília e a USP e terá 800 vagas",
    "subtitulo": "QUALIFICAÇÃO",
    "categoria": "Saúde e Vigilância Sanitária",
    "autora": "Ministério da Saúde",
    "tags": [
        "ciência e tecnologia em saúde",
        "fitoterapia",
        "qualificação",
        "plantas medicinais"
    ],
    "data_publi": "16/08/2024",
    "texto": "Atenção profissionais farmacêuticos! Participe doCurso de Atualização em Fitoterapia: Aspectos Farmacêuticos e Fitoquímicos,promovido pelo Ministério da Saúde em parceria com a Fiocruz Brasília e a Universidade de São Paulo (USP), no formato remoto (ensino à distância – EAD), com tutoria e três encontros síncronos obrigatórios. O curso terá carga de 90 horas e será destinado exclusivamente a farmacêuticos, visando capacitar esses profissionais para atuarem na prescrição de fitoterápicos.\n\nAo todo, são 800 vagas disponíveis e as inscrições se encerram no dia 3 de setembro. O curso se inicia no mesmo dia e vai até o final de outubro.\n\nInscreva-se no Curso de Atualização em Fitoterapia: Aspectos Farmacêuticos e Fitoquímicos\n\nO curso atende à diretriz e às ações relacionadas à capacitação de recursos humanos daPolítica e do Programa Nacional de Plantas Medicinais e Fitoterápicos (PNPMF)e daPolítica Nacional de Práticas Integrativas e Complementares no Sistema Único de Saúde (PNPIC), orientando os profissionais farmacêuticos para atuarem no SUS.\n\nPolítica sobre plantas medicinais e fitoterápicos\n\nA Política Nacional de Plantas Medicinais e Fitoterápicos (PNPMF) existe desde 2006, quando foi publicado o Decreto 5.813. Desde então, o Ministério da Saúde investe em esforços para garantir à população brasileira o acesso seguro e o uso racional de plantas medicinais e fitoterápicos. As ações são realizadas por meio do Departamento de Assistência Farmacêutica e Insumos Estratégicos (DAF) daSecretaria de Ciência, Tecnologia e Inovação e do Complexo Econômico-Industrial da Saúde (Sectics).\n\nDesta forma, e de acordo com as diretrizes da PNPMF, o DAF, juntamente com a Fiocruz, tem elaborado e executado ações que contribuam para o fortalecimento desta política, de acordo com os princípios do SUS."
}