{
    "url": "https://www.gov.br/saude/pt-br/assuntos/noticias/2024/junho/forca-nacional-do-sus-inicia-atendimentos-em-eldorado-cidade-que-ficou-100-submersa",
    "titulo": "Força Nacional do SUS inicia atendimentos em Eldorado, cidade que ficou 100% submersa",
    "descricao": "Nesta quinta-feira (13), equipes com dois médicos, dois enfermeiros e dois  técnicos de enfermagem vão atender moradores da região",
    "subtitulo": "RIO GRANDE DO SUL",
    "categoria": "Saúde e Vigilância Sanitária",
    "autora": "Otávio AugustoMinistério da Saúde",
    "tags": [
        "atenção especializada à saúde",
        "centro de operações de emergências",
        "força nacional do sus",
        "rio grande do sul "
    ],
    "data_publi": "13/06/2024",
    "texto": "AForça Nacional do Sistema Único de Saúde (SUS)vai participar da Ação Global Social (Aciso) em Eldorado do Sul, município gaúcho devastado pelas severas enchentes de maio.\n\nNesta quinta-feira (13), equipes com dois médicos, dois enfermeiros e dois técnicos de enfermagem vão atender moradores da região. Os atendimentos continuam na sexta-feira (14).\n\nO município tem cerca de 40 mil habitantes, teve 100% de sua área urbana alagada e precisou ser evacuada.\n\nConceição Mendonça, coordenadora de Planejamento e Operações da Força Nacional do SUS, explica que a ação é uma resposta conjunta dos governos federal e estadual para a população que foi duramente afetada.\n\n“Esse é um momento que vamos ofertar serviços importantes como atualização de receitas, atendimentos de saúde, distribuição de medicamentos, vacinação, entre outros”, frisa.\n\nA ação será realizada na Escola David Reguiel Neto, na Avenida Principal. Os atendimentos ocorrerão entre 9h e 17h.\n\nAtendimentos\n\nA Força Nacional do SUS atendeu um total de 14,1 mil pessoas no Rio Grande do Sul, desde 5 de maio. O Ministério da Saúde mantém quatro hospitais de campanha em funcionamento. Porto Alegre, Canoas, São Leopoldo e Novo Hamburgo.\n\nNesta quarta-feira (12), o Ministério da Saúde iniciou a transferência do HCamp de Canoas. Agora, ele passará a atender no bairro Guajuviras, tendo em vista uma redução nos atendimentos em 75% onde ele estava instalado, próximo ao abrigo da Universidade Luterana do Brasil (Ulbra).\n\nServiço\n\nData: 13 e 14 de junhoLocal: Eldorado do SulFuncionamento: De 9h às 17hEndereço: Escola David Reguiel Neto (Avenida Principal)"
}