{
    "url": "https://www.gov.br/saude/pt-br/assuntos/noticias/2024/novembro/congresso-do-ministerio-da-saude-divulga-trabalhos-cientificos-vencedores",
    "titulo": "Congresso do Ministério da Saúde divulga trabalhos científicos vencedores",
    "descricao": "Nesta edição, foram recebidas 268 submissões de trabalhos realizados em todo o país, dos quais 229 foram aprovados",
    "subtitulo": "REBRATS",
    "categoria": "Saúde e Vigilância Sanitária",
    "autora": "Marina FauthMinistério da Saúde",
    "tags": [
        "ciência e tecnologia em saúde",
        "avaliação de tecnologia em saúde",
        "inovação"
    ],
    "data_publi": "04/11/2024",
    "texto": "Na última quinta-feira (31), o Ministério da Saúde divulgou a premiação dos trabalhos científicos vencedores doV Congresso da Rede Brasileira de Avaliação de Tecnologias em Saúde (Rebrats), durante congresso, em Brasília (DF). Ao todo, foram dez vencedores, sendo três trabalhos ranqueados do 1º ao 3º lugar, em cada um dos seguintes eixos temáticos: Inovação em avaliação de tecnologias em saúde (ATS) e monitoramento de tecnologias; ATS aplicada; e Impactos sociais da ATS; e uma escolha, pelo público, de uma iniciativa destaque, de uma nova modalidade de apresentação de trabalhos chamada “Democratizando a ATS”.\n\nOs autores dos trabalhos receberam uma placa de reconhecimento como prêmio, entregue pela Secretaria-Executiva da Rebrats, durante uma cerimônia. Nesta edição, a equipe da Rebrats recebeu 268 trabalhos, dos quais 229 foram aprovados. Uma comissão técnico-científica reconheceu os melhores resumos com base em diversos critérios, desde a metodologia até a relevância dos temas para sistemas de saúde.\n\nOs aprovados tiveram a oportunidade de expor seus trabalhos nas apresentações orais e em formato de pôsteres. Na modalidade do “Democratizando a ATS” foram apresentadas iniciativas locais implementadas, que visam traduzir o conhecimento em ATS para o público geral, como boletins informativos,podcasts,webinários- formatos inovadores para  o entendimento sobre ATS mais acessível.\n\nConfira os trabalhos que receberam destaque no V Congresso da Rebrats:\n\nEixo Inovação em avaliação de tecnologias em saúde (ATS) e monitoramento de tecnologias:\n\nEixo ATS aplicada:\n\nEixo Impactos sociais da ATS:\n\nDemocratizando a ATS:\n\nIniciativa destaque - Saúde e Educação no acesso ao conhecimento sobre ATS - Mariana Dias Lula.\n\nA Rebrats alcançou a marca de mais de mil profissionais cadastrados e 120 Núcleos de Avaliação de Tecnologias em Saúde (NATS), localizados em todas as regiões do país. Isso representa um aumento no alcance da rede e na capacidade dos profissionais e da ATS que auxiliam, em todo o território, na tomada de decisões e na implementação de inovações em saúde.\n\nCom edições anuais, neste ano o Congresso teve início no dia 29 de outubro e se encerrou no dia 1º de novembro.\n\nSaiba mais sobre o evento na página do Congresso da Rebrats"
}