{
    "url": "https://www.gov.br/saude/pt-br/assuntos/noticias/2024/agosto/prazo-para-inscricao-de-projetos-em-chamadas-publicas-termina-nesta-segunda-2",
    "titulo": "Prazo para inscrição de projetos em chamadas públicas termina nesta segunda (2)",
    "descricao": "Com investimento total de R$234 milhões, essa é a última oportunidade para submissão de projetos",
    "subtitulo": "CHAMADAS PÚBLICAS",
    "categoria": "Saúde e Vigilância Sanitária",
    "autora": "Vicente RamosMinistério da Saúde",
    "tags": [
        "ciência e tecnologia em saúde",
        "pesquisa",
        "estudo",
        "equidade"
    ],
    "data_publi": "30/08/2024",
    "texto": "O Ministério da Saúde anunciou a abertura de nove chamadas públicas voltadas para o incentivo à pesquisa em saúde. Com um investimento total de R$ 234 milhões, essas chamadas foram oficialmente lançadas durante aV Conferência Nacional de Ciência, Tecnologia & Inovação (5ª CNCT&I), um dos principais eventos nacionais no campo científico e tecnológico.\n\nO objetivo é fomentar pesquisas que contribuam para o desenvolvimento científico e tecnológico do País, com foco estratégico em temas essenciais para oSistema Único de Saúde (SUS). As chamadas públicas contemplam diversas áreas, abordando questões críticas para o avanço da saúde no Brasil.\n\nAlém de promoverem o progresso científico, elas também visam incentivar a inovação e garantir maior equidade em saúde, considerando compromissos políticos, éticos e técnicos que assegurem a sustentabilidade do SUS.\n\nOs pesquisadores interessados têm a oportunidade de submeter seus projetos e contribuir diretamente para o avanço científico e tecnológico do SUS.\n\nConfira abaixo os prazos finais para envio das propostas:\n\nPrazo final: 2 de setembro\n\nPara saber mais detalhes sobre todas as chamadas públicas e acessar os editais completos,acesse a página do CNPq\n\nParticipe com seu projeto e contribua para o avanço do conhecimento científico e o fortalecimento do SUS!"
}