{
    "url": "https://www.gov.br/saude/pt-br/assuntos/noticias/2024/novembro/ministerio-da-saude-antecipa-entrega-de-insulina-para-garantir-abastecimento-no-sus",
    "titulo": "Ministério da Saúde antecipa entrega de insulina para garantir abastecimento no SUS",
    "descricao": "Aquisição faz parte dos contratos fechados regularmente para manter a oferta do medicamento sem interrupção. O reforço dos estoques permite a continuidade do tratamento de todos os pacientes",
    "subtitulo": "MEDICAMENTO",
    "categoria": "Saúde e Vigilância Sanitária",
    "autora": "Ministério da Saúde",
    "tags": [
        "ciência e tecnologia em saúde",
        "insulina",
        "diabetes"
    ],
    "data_publi": "26/11/2024",
    "texto": "O Ministério da Saúde fechou acordo nesta terça-feira (26) para antecipar entrega de nova remessa de 1,8 milhão de unidades de insulina até o fim dezembro e garantir o abastecimento noSUS. O reforço dos estoques permite a continuidade do tratamento de todos os pacientes atendidos pela rede pública de saúde.\n\nO acordo foi fechado durante reunião da ministra da Saúde, Nísia Trindade, com a gerente geral da Novo Nordisk no Brasil, Isabella Wanderley. Com isso, 93% do volume contratado de canetas de insulina serão entregues até dezembro enquanto a previsão inicial era de 50% este ano. “Essa antecipação é importante para atender a todas as pessoas que precisam de insulinas para o tratamento de diabetes”, destacou a ministra. “É motivo de orgulho sabermos que a produção da empresa no Brasil é responsável por 15% do fornecimento mundial”, complementou.\n\nA insulina a ser entregue pela Novo Nordisk é produzida em planta localizada em Montes Claros (MG), reconhecida como a maior fábrica de insulinas do Brasil e da América Latina, com cerca de 2.000 funcionários.\n\n“Temos um imenso orgulho de sermos, há mais de cinco anos, fornecedores e parceiros doSistema Único de Saúde, um dos maiores e mais bem reconhecidos do mundo ao garantir acesso a um medicamento tão importante como a insulina\", afirma Isabella. “Nosso esforço em conseguirmos atender esta antecipação é sinal de nosso compromisso com o País”, completa.\n\nSUS garante oferta ininterrupta de insulina para a população\n\nO Ministério da Saúde mantém aquisições regulares para oferta de insulina no SUS, garantindo o abastecimento ininterrupto desse medicamento. Até outubro deste ano, já foram distribuídas 49,9 milhões de unidades de insulinas NPH e 10,7 milhões de insulinas regular (frascos e canetas) para todo o país, atendendo a demanda de estados e municípios.\n\nAtualmente, há uma situação mundial de restrição da oferta de insulina. O Ministério da Saúde atuou para que essa situação fosse superada. Devido a capacidade do SUS e empenho do Governo Federal foi possível garantir o abastecimento da insulina no SUS.\n\nTodo cidadão ou cidadã que tiver indicação do uso da insulina, e dificuldade de acessar o medicamento nas farmácias privadas, inclusive por meio do programaFarmácia Popular, deve se dirigir até uma Unidade Básica de Saúde."
}