{
    "url": "https://www.gov.br/saude/pt-br/assuntos/noticias/2024/fevereiro/ministerio-da-saude-envia-kits-para-atender-vitimas-das-fortes-chuvas-no-rio-de-janeiro",
    "titulo": "Ministério da Saúde envia kits para atender vítimas das fortes chuvas no Rio de Janeiro",
    "descricao": "Ao todo, são 4 kits com capacidade para assistir 6 mil pessoas durante um mês. Iniciativa faz parte de uma ação rápida para socorrer à situação de emergência no Estado",
    "subtitulo": "EMERGÊNCIA",
    "categoria": "Saúde e Vigilância Sanitária",
    "autora": "Ministério da Saúde",
    "tags": [
        "vigilância em saúde e ambiente ",
        "kit emergencial",
        "medicamentos e insumos"
    ],
    "data_publi": "25/02/2024",
    "texto": "O Ministério da Saúde enviou 4 kits de medicamentos e insumos estratégicos para atender as vítimas das chuvas intensas no estado do Rio de Janeiro. Cada kit tem capacidade para assistir 1,5 mil pessoas durante um mês. A iniciativa faz parte de uma ação rápida para socorrer os desabrigados com asituação de emergênciaem saúde pública causada pelas fortes chuvas que atingiram o Estado. A medida tem o propósito de fornecer suporte necessário diante dos impactos dos desastres naturais na região.\n\nAs chuvas atingiram fortemente o estado do Rio de Janeiro na última quarta-feira (21), deixando nove pessoas mortas. As regiões mais afetadas foram a Baixada Fluminense e o Sul do estado. Ainda nesta quinta-feira (22), o diretor do Departamento de Emergências em Saúde, Marcio Garcia, se deslocou para o estado para visitar as áreas mais prejudicadas pelo temporal e estudar a melhor forma de colaborar no socorro aos desabrigados.\n\nOs kits encaminhados para estado fluminense pesam aproximadamente 250 kg e podem ser compostos por 48 itens — 32 medicamentos e 16 insumos —, como anti-inflamatórios, analgésicos, antibióticos, além de luvas e seringas. Estes produtos desempenham papel fundamental no atendimento à população e na mitigação dos efeitos negativos das condições climáticas. Com isso, a pasta busca garantir a proteção da saúde e o bem-estar dos afetados por essas adversidades climáticas.\n\nA iniciativa é parte de uma resposta imediata e qualificada diante desituações de emergênciaem saúde pública, reforçando o compromisso do Ministério da Saúde em garantir o apoio necessário para enfrentar os desafios decorrentes de desastres naturais e proteger a vida dos cidadãos brasileiros.\n\nMonitoramento emergencial\n\nA pasta da Saúde monitora a situação do Rio de Janeiro, atingido por fortes chuvas, mobilizando colocando a estrutura do Programa de Vigilância de Riscos Associados aos Desastres (Vigidesastres) para envio de kits de medicamentos e manutenção dos equipamentos e sistemas de saúde locais em eventual impacto por chuvas.\n\nO órgão realiza o monitoramento permanente de ocorrências de desastres no território nacional, a partir do contato com estados e municípios, bem como compartilhamento de alerta de risco de órgãos como Centro Nacional de Monitoramento e Alertas de Desastres Naturais (Cemaden) e Instituto Nacional de Meteorologia (Inmet), além de oferecer apoio para construção de planos de contingência.\n\nAs unidades federativas podem acionar o Ministério da Saúde para recebimento de kits e apoio técnico, de acordo com a necessidade de cada região. O apoio é realizado mediante declaração de emergência ou de calamidade pública pelo estado/município e/ou por decreto reconhecido pela Defesa Civil Nacional.\n\nMais informações\n\nPara orientar os gestores municipais e estaduais sobre a prevenção e ações pós-desastre, oPlano de Contingência para Emergência em Saúde Pública por Inundaçãotraz diretrizes específicas. O Ministério da Saúde também disponibiliza cartilhas e guias com orientações voltadas à população por meio doSaúde de AaZ."
}