{
    "url": "https://www.gov.br/saude/pt-br/assuntos/noticias/2024/dezembro/mobilizacao-nacional-contra-a-dengue-reuniu-populacao-e-autoridades-em-todo-o-pais",
    "titulo": "Mobilização nacional contra a dengue reuniu população e autoridades em todo o país",
    "descricao": "Ministra Nísia Trindade participou de ação no Rio de Janeiro; secretários do Ministério da Saúde marcaram presença em outros estados para reforçar a importância da prevenção",
    "subtitulo": "DIA D CONTRA A DENGUE",
    "categoria": "Saúde e Vigilância Sanitária",
    "autora": "Edjalma BorgesMinistério da Saúde",
    "tags": [
        "vigilância em saúde e ambiente",
        "arboviroses",
        "dengue",
        "dia d"
    ],
    "data_publi": "16/12/2024",
    "texto": "No último sábado (14), o Ministério da Saúde, em parceria com estados e municípios, realizou o Dia D de Mobilização contra a Dengue. O evento teve como objetivo conscientizar a população sobre a importância de se prevenir da doença por meio da eliminação de criadouros doAedes aegypti, mosquito transmissor dadengue,zikaechikungunya.\n\nA ministra Nísia Trindade participou de uma ação no Rio de Janeiro, onde esteve na Clínica da Família São Sebastião, no bairro do Caju. Durante a visita, a ministra acompanhou atividades educativas e de eliminação de focos do mosquito. “Receber bem os agentes doSistema Único de Saúde (SUS)é fundamental para que a prevenção seja eficiente”, afirmou a ministra, reforçando que o sucesso das ações depende diretamente do engajamento da população.\n\nEm todo o país, secretários e representantes do Ministério da Saúde participaram de atividades nos estados, promovendo visitas domiciliares, mutirões de limpeza e ações educativas.\n\nDia D pelo país\n\nNo Espírito Santo, a secretária deVigilância em Saúde e Ambiente (SVSA), Ethel Maciel, esteve na cidade de Cariacica. Durante a mobilização, agentes inspecionaram residências, orientaram moradores e eliminaram possíveis focos. “O Dia D em Cariacica foi um grande exemplo de união e mobilização. É fundamental que todos eliminem criadouros em suas casas e participem das ações”, destacou Ethel.\n\nNa Bahia, o secretário-adjunto de Vigilância em Saúde, Rivaldo Venâncio, participou das atividades em Salvador, reforçando a importância da mobilização. “A Bahia está unida nesta ação, com a participação das secretarias municipais, estaduais e da população. É uma grande força tarefa que beneficia toda a sociedade”, afirmou.\n\nJá o secretário deAtenção Especializada à Saúde (Saes), Adriano Massuda, participou do Dia D em Belo Horizonte. “Se cada cidadão reservar 10 minutos por semana para eliminar criadouros, daremos um grande passo no controle do mosquito. A ação coordenada é essencial para proteger a saúde pública”, reforçou Massuda.\n\nO secretário deAtenção Primária à Saúde (Saps), Felipe Proenço, participou da mobilização em Trindade (GO) ao lado de autoridades locais e do personagem Zé Gotinha, que destacou a importância da vacinação. “Essa mobilização nacional demonstra a união entre governo e sociedade. É preciso manter a vigilância e agir de forma conjunta”, declarou Proenço. E no Distrito Federal, a coordenadora de Vigilância deArboviroses, Lívia Vinhal, acompanhou as atividades em Ceilândia.\n\nOutros estados também contaram com a presença de representantes do Ministério da Saúde. Destaque para ações no Ceará, Maranhão, Sergipe, Pará e Amapá, com a participação de diretores e coordenadores do ministério.\n\nPrevenção e investimento\n\nA eliminação de criadouros doAedes aegypticontinua sendo a forma mais eficaz de prevenir a doença. A orientação inclui ações simples, como:\n\nAlém das ações de mobilização, oPlano de Ação 2024/2025da pasta prevê um investimento de R$ 1,5 bilhão, destinado a novas tecnologias, ampliação da vacinação, distribuição de inseticidas e testagens laboratoriais.\n\nEntre as ações estão:"
}