{
    "url": "https://www.gov.br/saude/pt-br/assuntos/noticias/2024/fevereiro/ministerio-da-saude-inicia-distribuicao-de-vacinas-contra-dengue",
    "titulo": "Ministério da Saúde inicia distribuição de vacinas contra dengue",
    "descricao": "A operação logística irá trabalhar ininterruptamente nos próximos dias para garantir a entrega completa o mais breve possível",
    "subtitulo": "VACINAÇÃO",
    "categoria": "Saúde e Vigilância Sanitária",
    "autora": "Ministério da Saúde",
    "tags": [
        "vigilância em saúde e ambiente",
        "vacinação",
        "dengue"
    ],
    "data_publi": "08/02/2024",
    "texto": "O Ministério da Saúde iniciou, nesta quinta-feira (8), a distribuição das vacinas contra dengue para os municípios que atendem aos critérios definidos pela Pasta em conjunto com o Conselho Nacional de Secretários de Saúde (Conass) e Conselho Nacional de Secretarias Municipais de Saúde (Conasems). A operação logística do Ministério da Saúde irá trabalhar ininterruptamente nos próximos dias para garantir a entrega o mais breve possível.\n\nO Ministério da Saúde iniciará a imunização pelas crianças de 10 a 11 anos e irá avançar a faixa etária progressivamente, assim que novos lotes forem entregues pelo laboratório fabricante. O público-alvo da vacinação, o grupo de 10 a 14 anos, foi acordado entre os conselhos representantes dos secretários de saúde estaduais e municipais, seguindo a recomendação da Câmara Técnica de Assessoramento em Imunização (CTAI) e da Organização Mundial de Saúde (OMS).\n\nAcesse a nota técnica do Ministério da Saúde com os detalhes da distribuição\n\nO início da vacinação por essa faixa etária é uma estratégia que permite que mais municípios recebam as doses neste primeiro momento, diante do quantitativo limitado de vacinas disponibilizadas pelo laboratório fabricante. A escolha pelo início da imunização nas crianças de 10 a 11 anos também é baseada no maior índice de hospitalização por dengue dentro da faixa etária de 10 a 14 anos.\n\nO lote inicial de vacinas, com 712 mil doses, será enviado aos seguintes estados, contemplando 315 municípios: DF, GO, BA, AC, PB, RN, MS, AM, SP e MA. O Distrito Federal e o estado de Goiás já receberam as primeiras remessas nesta quinta (8). Os demais irão receber ao longo dos próximos dias.\n\nNeste primeiro envio, com o quantitativo de vacinas disponível, o Ministério da Saúde atende 60% dos 521 municípios selecionados. Conforme a entrega de novas remessas, a previsão é que todos os 521 municípios recebam doses para a vacinação da faixa etária de 10 a 11 anos até a primeira quinzena de março. Com o recebimento das 6,5 milhões de doses disponíveis pelo laboratório em 2024, o Ministério da Saúde garantirá a vacinação de todo o público-alvo, de 10 a 14 anos, nos municípios selecionados, ao longo dos próximos meses, de forma progressiva.\n\nAo mesmo tempo, o Ministério da Saúde coordena um esforço nacional para ampliar o acesso a vacinas para dengue. A Pasta solicitou prioridade para essa ação e atuará em conjunto com o Instituto Butantan e a Fiocruz para expandir a produção de vacinas para o Brasil.\n\nO Ministério da Saúde reforça, novamente, que este é o momento de intensificar a prevenção, o cuidado e agir conjuntamente com governadores, prefeitos e toda sociedade para a eliminação dos focos do mosquito transmissor da dengue.\n\nAs ações coletivas e os cuidados individuais como a limpeza das vasilhas de água dos animais e vasos de plantas evitando o acúmulo de água, o armazenamento de pneus e garrafas em locais cobertos, limpeza das caixas d’água são as melhores de forma de prevenção. Cerca de 75% dos focos do mosquito estão dentro de casa.\n\nA recomendação do Ministério da Saúde é para que as pessoas procurem um serviço de saúde logo nos primeiros sintomas, como febre alta, dor de cabeça, atrás dos olhos e nas articulações."
}