{
    "url": "https://www.gov.br/saude/pt-br/assuntos/noticias/2024/julho/saude-realiza-no-para-primeiro-seminario-para-fortalecer-as-ouvidorias-do-sus",
    "titulo": "Saúde realiza, no Pará, primeiro seminário para fortalecer as ouvidorias do SUS",
    "descricao": "Encontro, organizado pela OuvSUS, em parceria com a Fiocruz debateu ações estratégicas para ampliar a rede de ouvidorias descentralizadas do SUS",
    "subtitulo": "PARTICIPAÇÃO SOCIAL",
    "categoria": "Saúde e Vigilância Sanitária",
    "autora": "Ministério da Saúde",
    "tags": [
        "secretaria executiva",
        "ouvsus",
        "participação social",
        "pará"
    ],
    "data_publi": "15/07/2024",
    "texto": "O Ministério da Saúde, por meio daOuvidoria-Geral do SUS (OuvSUS), realizou, no final de junho, em Belém (PA), o1º Seminário Regional de Fortalecimento da Gestão e da Participação Social das Ouvidorias do SUS, como parte do programa que tem o objetivo de desenvolver ações estratégicas dirigidas a ampliação da rede e implementação de ouvidorias descentralizadas do SUS.\n\nA OuvSUS, em parceria com a Escola Nacional Sérgio Arouca (ENSP), da Fiocruz, promoveu, na capital paraense, um intenso e profundo debate sobre o fortalecimento da gestão e da participação social noSistema Único de Saúde, com o objetivo de desenvolver ações estratégicas para a implantação e implementação do Sistema Nacional de Ouvidorias do SUS.\n\nA ouvidora-geral do SUS, Conceição Rezende, informou que esse foi o primeiro passo de um programa que prevê também encontros regionais no Sul, Sudeste e Nordeste, visando um grande encontro nacional de ouvidorias do SUS, previsto para ser realizado em Brasília, no mês de novembro. “No encontro nacional, vamos apresentar o novo desenho organizativo e perspectivas da Ouvidoria-Geral do SUS, programas e ações, além de discutirmos as prioridades centrais para fortalecimento das ouvidorias de forma compartilhada e coletiva”, acrescentou Conceição Rezende.\n\nA professora Rosa Maria Pinheiro Souza, da Fiocruz, coordenadora do projeto, considerou o seminário um marco significativo para a garantia dos direitos de cidadania e da participação social no SUS. “Este seminário tem suas raízes no programa de qualificação das Ouvidorias do SUS que vem sendo desenvolvido pela Fiocruz em parceria com a OuvSUS”, explicou a professora.\n\nNa avaliação dos organizadores do evento, a interação entre ouvidores dos estados e municípios, conselheiros de saúde e representantes do Ministério da Saúde foi a verdadeira potência do seminário, fundamental para fortalecer o Sistema Nacional de Ouvidorias. A professora da Fiocruz acrescentou que, “desenvolver materiais formativos significativos a partir do acolhimento das demandas das ouvidorias e das diretrizes da Participação Social, é a missão deste projeto”. E completou: “Estamos entusiasmados com as próximas etapas e confiantes de que, juntos, podemos construir um SUS mais participativo, refletindo positivamente na qualidade de vida e saúde da população”."
}