{
    "url": "https://www.gov.br/saude/pt-br/assuntos/noticias/2023/outubro/abertas-inscricoes-para-nova-turma-do-curso-bolsa-familia-na-saude",
    "titulo": "Abertas inscrições para nova turma do curso Bolsa Família na Saúde",
    "descricao": "Curso é destinado a profissionais que já atuam ou que planejam atuar no acompanhamento das condicionalidades de saúde, bem como a estudantes e outros interessados",
    "subtitulo": "QUALIFICAÇÃO",
    "categoria": "",
    "autora": "Sarah MaximoMinistério da Saúde",
    "tags": [
        "bolsa família",
        "egestor"
    ],
    "data_publi": "30/10/2023",
    "texto": "A Secretaria de Gestão do Trabalho e da Educação na Saúde (Sgtes) do Ministério da Saúde lançará a quinta turma do curso Bolsa Família na Saúde, que tem por objetivo promover a compreensão das principais características do Programa Bolsa Família na Saúde. A qualificação,on-linee gratuita, está disponível no Campus Virtual de Saúde Pública da Organização Pan-Americana de Saúde/Organização Mundial de Saúde (CVSP/Opas/OMS). Asinscriçõesvão de 30 de outubro a 19 de novembro de 2023.\n\nCom carga horária de 20 horas, o curso é destinado a profissionais que já atuam ou que planejam atuar no acompanhamento das condicionalidades de saúde, bem como a estudantes e outros interessados. Durante a formação, os alunos terão a oportunidade de aprofundar o entendimento sobre as principais características do Programa Bolsa Família na Saúde; o seu funcionamento nas esferas federal, estadual e municipal; e a utilização do Sistema Bolsa Família na Saúde, na plataforma e-Gestor.\n\nConfira a ementa do curso:"
}