{
    "url": "https://www.gov.br/saude/pt-br/assuntos/noticias/2024/marco/nota-de-pesar-pela-morte-do-ativista-e-defensor-das-causas-indigenas-geraldo-barbosa-tapeba",
    "titulo": "Nota de pesar pela morte do ativista e defensor das causas indígenas, Geraldo Barbosa Tapeba",
    "descricao": "",
    "subtitulo": "NOTA DE PESAR",
    "categoria": "Saúde e Vigilância Sanitária",
    "autora": "A Pasta se solidariza com seus familiares e repudia o ato de violência que será investigado pelas autoridades competentes.",
    "tags": null,
    "data_publi": "05/03/2024",
    "texto": "O Ministério da Saúde lamenta profundamente a morte de Geraldo Barbosa Tapeba, assassinado nessa segunda-feira (4) em Caucaia, região metropolitana de Fortaleza (CE). Ativista e defensor das causas indígenas, ele era diretor da Escola Indígena Índios Tapeba, localizada no mesmo município. Geraldo era primo do secretário de Saúde Indígena do Ministério da Saúde, Weibe Tapeba."
}