{
    "url": "https://www.gov.br/saude/pt-br/assuntos/noticias/2024/marco/saude-lanca-manual-sobre-a-prevencao-e-tratamento-da-dengue-na-gestacao-e-puerperio",
    "titulo": "Saúde lança manual sobre a prevenção e tratamento da dengue na gestação e puerpério",
    "descricao": "Produzido em parceria com a Febrasgo e a Opas, a publicação orienta profissionais de saúde na assistência às gestantes e puérperas com dengue e na prevenção de casos grave e óbitos",
    "subtitulo": "PARA GESTANTES",
    "categoria": "Saúde e Vigilância Sanitária",
    "autora": "Ministério da Saúde",
    "tags": [
        "vigilância em saúde e ambiente",
        "dengue gestantes",
        "arboviroses"
    ],
    "data_publi": "01/03/2024",
    "texto": "O Ministério da Saúde lançou, nesta sexta-feira (1º), oManual de Prevenção, Diagnóstico e Tratamento da Dengue na Gestação e no Puerpério. O material tem como objetivo orientar os profissionais de saúde com as melhores práticas para o cuidado dessas mulheres, com foco na redução dos potenciais riscos à saúde materna e perinatal. A elaboração do guia é da Federação Brasileira de Ginecologia e Obstetrícia (Febrasgo), em parceria com a pasta e a Organização Pan-Americana da Saúde (Opas).\n\nUma vez infectadas, as gestantes têm maiores chances de apresentar desfechos desfavoráveis em comparação com as não gestantes. A publicação, elaborada com base no manual ‘Dengue: diagnóstico e manejo clínico: adulto e criança’ do Ministério da Saúde, servirá como diretriz para a prevenção, tratamento e diagnóstico da doença, contribuindo significativamente para a segurança e o bem-estar das gestantes e puérperas.\n\nA secretária de Vigilância em Saúde e Ambiente, Ethel Maciel, se mostrou satisfeita com o guia e frisou que ele traz grande contribuição ao prevenir óbitos. “Este é um manual de alta qualidade e, com ele, poderemos salvar muitas vidas de mulheres e crianças. É um trabalho em conjunto com o COE Dengue, a Febrasgo e mais uma ação de resposta rápida ao enfrentamento da doença no Brasil”, observou.\n\nMaria Celeste Osório Wender, presidente da federação, destacou a preocupação da instituição com adengueno período gestacional. “A nossa prioridade é garantir a saúde da gestante e do bebê, por isso atuamos para orientar e capacitar os ginecologistas e obstetras de todo o país. Este guia de orientações é de extrema importância para a saúde pública”, ressaltou.\n\nCasos de dengue em gestantes\n\nDados epidemiológicos do ministério revelam um aumento de casos dedengueem gestantes. Em 2023, foram registrados 1.530.940 casos prováveis no país, com um coeficiente de incidência de 753,9 casos por 100 mil habitantes, o que representa um aumento de 16,5% em comparação com o ano anterior. Números de 2024 também indicam um aumento significativo da incidência, com um crescimento antecipado dos casos.\n\nComparando as semanas epidemiológicas de 1 a 6 do ano passado com o mesmo período de 2024, houve uma alta de 345,2% no quantitativo de casos da doença em gestantes. Este aumento representa um quadro preocupante de saúde pública, considerando o risco elevado de complicações graves, tanto para elas quanto para os bebês. Formas graves da doença, como choque, hemorragias e óbito representam riscos para as gestantes, enquanto as complicações perinatais incluem prematuridade, restrição de crescimento intrauterino e morte fetal.\n\nDesafios\n\nO Ministério da Saúde está em constante monitoramento e alerta quanto ao cenário epidemiológico dadengueno Brasil, e coordenando uma série de iniciativas para o enfrentamento dasarbovirosesem todo o território nacional. Entre as ações estratégicas coordenadas pela pasta está a ampliação para R$ 1,5 bilhão os recursos para emergências, como o enfrentamento dadengue, a incorporação no SUS da vacina contra a dengue e instalação de um Centro de Operações de Emergência - COE Dengue, em atuação coordenada com estados e municípios.\n\nAcesse o manual"
}