{
    "url": "https://www.gov.br/saude/pt-br/assuntos/noticias/2024/maio/municipio-de-novo-hamburgo-rs-recebera-o-4o-hospital-de-campanha-do-ministerio-da-saude",
    "titulo": "Município de Novo Hamburgo (RS) receberá o 4º hospital de campanha do Ministério da Saúde",
    "descricao": "A unidade contará com seis médicos, três enfermeiros e técnicos de enfermagem e funcionará 24 horas por dia",
    "subtitulo": "RIO GRANDE DO SUL",
    "categoria": "Saúde e Vigilância Sanitária",
    "autora": "A nova estrutura em Novo Hamburgo é financiada pela Força Nacional do Sistema Único de Saúde (SUS) e pelo Grupo Hospitalar Conceição (GHC).",
    "tags": [
        "atenção especializada à saúde",
        "força nacional do sus",
        "rio grande do sul"
    ],
    "data_publi": "19/05/2024",
    "texto": "O município de Novo Hamburgo, localizado a 78 quilômetros de Porto Alegre, será contemplado com o quarto hospital de campanha (HCamp) do Ministério da Saúde. A decisão foi anunciada neste domingo (19) peloComitê de Operações Emergenciais do Rio Grande do Sul. A montagem da estrutura terá início nesta semana, e a data de funcionamento será divulgada nos próximos dias.\n\nSerão seis médicos, três enfermeiros e técnicos de enfermagem prestando atendimento 24 horas por dia. A nova unidade tem para realizar entre 150 e 200 atendimentos diários.\n\nAlém de Novo Hamburgo, outros três hospitais de campanha já foram instalados em Porto Alegre, Canoas e São Leopoldo, este último um dos municípios mais afetados pelasenchentes, localizado a 40 quilômetros da capital. A unidade de São Leopoldo iniciou suas atividades neste último sábado (18).\n\nDesde o dia 6 de maio, aForça Nacional do Sistema Único de Saúde (SUS)realizou mais de 2,8 mil atendimentos no Rio Grande do Sul, em resposta aos impactos das severasenchentesna região.\n\nO hospital de campanha (HCamp) de Canoas registrou 1,7 mil atendimentos, enquanto a unidade de Porto Alegre contabilizou 257. As equipes móveis atenderam 759 pessoas e realizaram 55 remoções aéreas. A maioria dos atendimentos consiste na estabilização da pressão arterial, diabetes e pequenos traumas."
}