{
    "url": "https://www.gov.br/saude/pt-br/assuntos/noticias/2024/junho/ministerio-realiza-melhorias-em-ferramenta-para-registro-e-consulta-de-precos-em-saude",
    "titulo": "Ministério realiza melhorias em ferramenta para registro e consulta de preços em saúde",
    "descricao": "Novidade garante avanços para o Banco de Preços em Saúde (BPS) e promete mais eficiência e transparência para o setor",
    "subtitulo": "GESTÃO DE RECURSOS",
    "categoria": "Saúde e Vigilância Sanitária",
    "autora": "Priscilla LeonelMinistério da Saúde",
    "tags": [
        "ciência e tecnologia em saúde",
        "economia da saúde",
        "banco de preços em saúde"
    ],
    "data_publi": "04/06/2024",
    "texto": "Buscando garantir a transparência e a promoção da economia nas aquisições públicas de medicamentos e dispositivos médicos para a Saúde, o Ministério da Saúde anunciou, nesta terça-feira (4), a conclusão do processo de melhorias doBanco de Preços em Saúde (BPS), ferramenta que completa 26 anos este ano.\n\nO BPS é um sistema público e gratuito projetado para o registro e consulta de informações sobre compras de medicamentos e dispositivos médicos. Considerado a maior base de dados de preços públicos de itens de saúde do país, o sistema foi criado com o objetivo de ampliar a capacidade de negociação dos gestores doSistema Único de Saúde (SUS)e promover a transparência.\n\nA plataforma proporciona dados precisos e atualizados sobre os preços praticados no mercado de saúde; permite uma análise abrangente das tendências de preços e da disponibilidade de produtos de saúde; facilita o acesso às informações necessárias para tomadas de decisão ágeis e eficazes; capacita os gestores de saúde a realizarem aquisições mais vantajosas e econômicas; e, ainda, possibilita a comparação de preços pagos e preços regulados para o mercado de medicamentos.\n\n“O Ministério da Saúde vem trabalhado dia e noite pelas melhorias do BPS, que vão possibilitar uma experiência mais fácil e ágil para os usuários. Isso reforça o compromisso da atual gestão em aprimorar constantemente os sistemas de informação utilizados no dia a dia do SUS e em apoiar os estados e municípios na melhor gestão de seus recursos”, pontuou o coordenador-geral de Informações em Economia da Saúde doDepartamento de Economia e Desenvolvimento em Saúde (Desid), Gabriel Squeff.\n\nAlém da própria reconstrução do sistema, outra novidade do BPS é a disponibilização do painel de pesquisa dos dados de compras inseridos no BPS. Apesar das mudanças, a pasta mantém na plataforma as informações de preços regulados pela Câmara de Regulação do Mercado de Medicamentos (CMED) da Anvisa, que age como mais um parâmetro para acompanhamento dos gestores de saúde.\n\nContexto\n\nO BPS disponibiliza mais de 20 mil itens de saúde, todos padronizados pela equipe da Unidade Catalogadora do Ministério da Saúde, o que proporciona uma ampla gama de opções para consulta e análise por qualquer cidadão, órgão ou instituição pública ou privada – em especial, os gestores de saúde do SUS.\n\nA obrigatoriedade de registro das informações de aquisições públicas de medicamentos no sistema,estabelecida em 2017pela Comissão Intergestores Tripartite (CIT) - e em 2021, apósnova resolução da CIT- representou um avanço significativo na consolidação do Banco. A medida atendeu a recomendações do Tribunal de Contas da União (TCU) e se somou às ações de transparência e controle dos gastos públicos na área da saúde.\n\nCom cerca de 6.862 instituições cadastradas, o BPS já se tornou uma referência nacional e ferramenta essencial para gestores municipais, estaduais e federais, assim como para instituições privadas e internacionais interessadas em informações precisas sobre preços de saúde no Brasil. Nesse contexto, a plataforma seguirá em constante processo de melhorias.\n\nAssista ao vídeo sobre os novos recursos do BPS\n\n"
}