{
    "url": "https://www.gov.br/saude/pt-br/assuntos/noticias/2023/novembro/cursos-para-uso-do-e-sus-atencao-primaria-ja-estao-disponiveis",
    "titulo": "Cursos para uso do e-SUS Atenção Primária já estão disponíveis",
    "descricao": "Aulas podem ser acessadas na plataforma Educa e-SUS APS",
    "subtitulo": "PROFISSIONAIS DE APS",
    "categoria": "Saúde e Vigilância Sanitária",
    "autora": "Renata Osório",
    "tags": [
        "atenção primária",
        "e-sus aps",
        "saude bucal"
    ],
    "data_publi": "20/11/2023",
    "texto": "Com o objetivo de treinar os profissionais das equipes de atenção primária à saúde que utilizam o e-SUS APS, já está disponível online o cursoEduca e-SUS APS. O conteúdo foi desenvolvido a partir de trilhas formativas, que são cursos para os profissionais que utilizam os sistemas do e-SUS APS, de acordo com sua formação acadêmica e atividade profissional. Na trilha 1, dois cursos estão disponíveis: Panorama da saúde digital na APS e Registro de saúde na APS. Na trilha 2, o curso Panorama da saúde digital na APS é direcionado aos profissionais de saúde bucal.\n\nAo todo serão seis trilhas formativas, com 12 cursos voltados para o público de profissionais de saúde, de saúde bucal, profissionais de tecnologia da informação, agentes de saúde, técnicos da atenção primária e gestores. A qualificação contempla desde o técnico que está iniciando no uso do Prontuário Eletrônico do Cidadão até os profissionais que já têm experiência nas funcionalidades do sistema e demais aplicativos do e-SUS APS.\n\nO curso Educa e-SUS APS foi desenvolvido em parceria com a Universidade Federal de Minas Gerais, a fim de ofertar formação permanente, apoio à gestão da saúde e prestação de cuidado, a partir da tecnologia.\n\nComo fazer o cadastro\n\nO profissional deve acessar o link:https://educaesusaps.medicina.ufmg.br. O acesso é facilitado pelo credenciamento na redegov.br. Em caso de dúvida, a plataforma dispõe de um assistente virtual EDU e também de email para contato:educaesusaps@medicina.ufmg.br."
}