{
    "url": "https://www.gov.br/saude/pt-br/assuntos/noticias/2024/dezembro/sistema-de-negociacao-permanente-do-sus-ganha-forca-com-inclusao-de-cinco-unidades-federativas",
    "titulo": "Sistema de Negociação Permanente do SUS ganha força com inclusão de cinco unidades federativas",
    "descricao": "Mesas que integram o sistema terão acesso às atividades formativas, além de contar com o apoio técnico e jurídico da Mesa Nacional",
    "subtitulo": "REDE DE NEGOCIAÇÃO",
    "categoria": "Saúde e Vigilância Sanitária",
    "autora": "Caroline FogaçaMinistério da Saúde",
    "tags": [
        "trabalho e educação na saúde",
        "negociação permanente do sus",
        "relações de trabalho",
        "enfrentamento ao assédio"
    ],
    "data_publi": "05/12/2024",
    "texto": "Amapá, Amazonas, Espírito Santo, Rio Grande do Norte e Distrito Federal assinaram o termo de adesão ao Sistema Nacional de Negociação Permanente do SUS (SiNNP-SUS) durante a 91ª Reunião Ordinária daMesa Nacional de Negociação Permanente do SUS (MNNP-SUS), realizada na segunda (2) e terça-feira (3) em Brasília. O evento foi promovido pelaSecretaria de Gestão do Trabalho e da Educação na Saúde (SGTES).\n\nNa ocasião, a secretária de Gestão do Trabalho e da Educação na Saúde, Isabela Pinto, celebrou o momento: “A adesão dessas cinco unidades federativas fortalece o SiNNP-SUS, estimulando outros estados a seguirem o mesmo caminho. É um passo importante para que, futuramente, todos os estados, o Distrito Federal e os 5.570 municípios brasileiros estejam integrados ao sistema”.\n\nO diretor deGestão e Regulação do Trabalho em Saúde (Degerts), Bruno Guimarães, ressaltou que a instalação das mesas estaduais e do DF é um processo complexo, envolvendo aspectos técnicos, políticos e econômicos. “Ao aderir ao SiNNP-SUS, essas entidades federativas fortalecem essa rede nacional e contribuem para a construção de um sistema de negociação mais robusto. Essa participação fortalece as mesas e promove a colaboração ativa, contribuindo para o crescimento do sistema como um todo”, afirmou Bruno Guimarães.\n\nAs mesas estaduais que integram o sistema terão acesso a atividades e apoio técnico, como cursos voltados à negociação coletiva, oficinas de planejamento e outras iniciativas formativas, além de contar com o apoio técnico e jurídico da Mesa Nacional, por meio daSecretaria Executiva (SE), para a condução de suas atividades. A coordenadora adjunta da Mesa Estadual de Negociação Permanente do SUS do Amazonas, Juliane Mauri, destacou que essa adesão representa uma oportunidade para o fortalecimento das mesas estaduais e, futuramente, das municipais.\n\nDurante a reunião, também foram debatidos temas essenciais para o aprimoramento das relações de trabalho noSUS. Destacaram-se as discussões sobre a carreira no âmbito do SUS, a Lei de Responsabilidade Fiscal (LRF) incluindo seu impacto nas políticas de saúde e na classe trabalhadora, e a apresentação das Diretrizes para a Prevenção e Enfrentamento ao Assédio, Discriminações e Violências Relacionadas ao Trabalho.\n\nIntegração\n\nO SiNNP-SUS é composto por Mesas de Negociação Permanente que atuam nos níveis federal, estadual e municipal. O objetivo é promover a integração entre as mesas, compartilhar informações e estimular a troca de experiências, fortalecendo o diálogo e a construção coletiva de políticas voltadas para trabalhadores do SUS."
}