{
    "url": "https://www.gov.br/saude/pt-br/assuntos/noticias/2024/agosto/gestores-e-profissionais-de-saude-do-para-sao-qualificados-para-ampliar-cuidado-das-pessoas-com-hepatites-virais",
    "titulo": "Gestores e profissionais de saúde do Pará são qualificados para ampliar cuidado das pessoas com hepatites virais",
    "descricao": "Os treinamentos são realizados por estado, focados nas especificidades de cada território",
    "subtitulo": "LINHA DE CUIDADO",
    "categoria": "Saúde e Vigilância Sanitária",
    "autora": "Ministério da Saúde",
    "tags": [
        "vigilância em saúde e ambiente",
        "hepatites virais",
        "prevenção e cuidado",
        "pará"
    ],
    "data_publi": "29/08/2024",
    "texto": "Belém recebeu, entre segunda e quarta-feira (26 e 28), uma oficina técnica do Ministério da Saúde para construção e qualificação da linha de cuidado das pessoas comhepatites viraisno Pará.Os treinamentos fazem parte do plano de eliminação das hepatites virais como problema de saúde pública no Brasil até 2030, e tem sido realizado por estado, focados nas especificidades de cada território.\n\nOrganizada peloSecretaria de Vigilância em Saúde e Ambiente (SVSA), as oficinas contam com apoio daSecretaria de Atenção Primária da Saúde (Saps). Para a secretária da SVSA, Ethel Maciel, as oficinas por estado são essenciais para um resultado maior. “Fortalecemos a linha de cuidado de acordo com a realidade de cada estado. Dessa forma, conseguimos identificar e trabalhar para resolver as lacunas dos territórios, alcançando um resultado muito mais produtivo”.\n\nCerca de 70 gestores estaduais e municipais, profissionais de saúde, representantes de movimentos sociais, além de outros entes que atuam com o tema hepatites nos territórios fizeram o treinamento e receberam a qualificação.\n\nA coordenação estadual de hepatites virais do Pará vem aprimorando a sua linha de cuidado desde 2021. E o Ministério da Saúde tem atuado no fortalecimento das estratégias locais, para definir as metas e atuação dos entes junto aos diferentes territórios."
}