{
    "url": "https://www.gov.br/saude/pt-br/assuntos/noticias/2024/setembro/diagnostico-seguro-e-tema-do-dia-mundial-da-seguranca-do-paciente-em-2024",
    "titulo": "Diagnóstico seguro é tema do Dia Mundial da Segurança do Paciente em 2024",
    "descricao": "Abordagem foca na importância de aprimorar processos efetivar práticas que possam reduzir erros e melhorar a qualidade dos cuidados prestados",
    "subtitulo": "FOCO NO PACIENTE",
    "categoria": "Saúde e Vigilância Sanitária",
    "autora": "Ana FreireMinistério da Saúde",
    "tags": [
        "atenção especializada à saúde",
        "diagnóstico",
        "atenção hospitalar",
        "seguridade"
    ],
    "data_publi": "17/09/2024",
    "texto": "Nesta terça-feira (17), é celebrado o Dia Mundial da Segurança do Paciente. A data foi estabelecida pela Organização Mundial da Saúde (OMS) em 2019 e, neste ano, traz o tema “Melhorar o diagnóstico para a segurança do paciente”, com foco na importância de aprimorar os processos e implementar práticas que possam reduzir erros e melhorar a qualidade dos cuidados prestados. No Brasil, oPrograma Nacional de Segurança do Paciente (PNSP)do Ministério da Saúde orienta a implementação de diretrizes que fortalecem a segurança em todas as instituições de saúde do país.\n\nA missão da pasta é fomentar práticas baseadas em evidências científicas que assegurem tanto a segurança quanto o acesso universal à saúde. De acordo com Tatiane Batista, coordenadora-geral de Atenção Hospitalar daSecretaria de Atenção Especializada à Saúde (Saes), o fortalecimento dessa pauta contribui para que o sistema de saúde brasileiro esteja alinhado com as melhores práticas nacionais e internacionais.\n\n“Promover a segurança do paciente não só melhora os resultados de saúde, mas também reforça a confiança da população no sistema de saúde e promove o uso eficiente dos recursos públicos. A promoção de um ambiente seguro é essencial para garantir que todos recebam cuidados de alta qualidade, minimizando riscos e prevenindo eventos adversos”, pontua Tatiane.\n\nPara a OMS, esta agenda é uma prioridade global pois, além de afetar diretamente na saúde das pessoas, os eventos adversos custam aos sistemas de saúde cerca de US$ 42 bilhões anualmente, que poderia ser reduzido com práticas de segurança mais eficazes. Junto à organização, o ministério possui alguns objetivos acerca do tema deste ano. Um deles é o aumento da conscientização global sobre os erros de diagnóstico que contribuem para danos aos pacientes e a ênfase no papel fundamental do diagnóstico correto, oportuno e seguro para melhorar essa segurança.\n\nO relatório “Errar é Humano”, publicado em 1999 pelo Instituto de Medicina dos Estados Unidos, foi o marco inicial da conscientização sobre a segurança do paciente no mundo. Na época, o estudo revelou que erros médicos causavam até 98 mil mortes por ano nos hospitais americanos, despertando uma urgência em discutir a seguridade da população.\n\nEvento aberto no DF\n\nEm alusão à data, o Ministério da Saúde realiza um evento, nesta quarta-feira (18), para tratar da Segurança do Paciente no Auditório Emílio Ribas, sede da pasta, em Brasília (DF).\n\nO encontro será aberto ao público e contará com palestras, mesas redondas e painéis com especialistas sobre as propostas da OMS para promover e fomentar a cultura da segurança do paciente no Brasil."
}