{
    "url": "https://www.gov.br/saude/pt-br/assuntos/noticias/2024/junho/saude-eleva-em-51-o-valor-do-auxilio-a-pessoas-com-transtorno-mental",
    "titulo": "Saúde eleva em 51% o valor do auxílio a pessoas com transtorno mental",
    "descricao": "Benefício é concedido às pessoas que tiveram longa permanência em hospitais psiquiátricos e hospitais de custódia. Valor pago passa para R$ 755",
    "subtitulo": "DE VOLTA PARA CASA",
    "categoria": "Saúde e Vigilância Sanitária",
    "autora": "Nathan VictorMinistério da Saúde",
    "tags": [
        "atenção especializada à saúde",
        "saúde mental",
        "de volta para casa",
        "reinserção"
    ],
    "data_publi": "19/06/2024",
    "texto": "O Ministério da Saúde aumentou de R$ 500 para R$ 755 o valor mensal do auxílio-reabilitação psicossocial doPrograma \"De Volta para Casa\" (PVC). O PVC, criado pelo governo federal em 2003, é um programa de reinserção psicossocial de pessoas egressas de longas internações em hospitais psiquiátricos e hospitais de custódia. O aumento, de 51%, vai contemplar todos os beneficiários desse programa. Atualmente, mais de 4.100 pessoas recebem mensalmente o benefício.\n\nEssa estratégia busca favorecer a reinserção psicossocial por meio de um auxílio que garante mais conforto e estabilidade financeira. Com isso, amplia-se a rede de relações destas pessoas e o seu bem-estar, além de estimular o pleno exercício dos seus direitos civis, políticos e de cidadania.\n\nAcesse a portaria que institui o reajuste\n\nSaúde mental como prioridade\n\nTema caro à ministra da Saúde, Nísia Trindade, em 2023, ela determinou a criação de um departamento especial para tratar sobresaúde mental. Em caráter imediato, a pasta retomou a habilitação de novos serviços de saúde mental, bem como iniciou a recomposição do custeio dos Centros de Atenção Psicossocial (Caps) e dos Serviços Residenciais Terapêuticos (SRTs).\n\nPara reduzir vazios assistenciais e ampliar o acesso dos brasileiros ao cuidado e bem-estar, o novoPrograma de Aceleração do Crescimento (Novo PAC)vai construir 150 novos Caps em todas as regiões do país. Essa ampliação dos centros naRede de Atenção Psicossocial do Sistema Único de Saúde (SUS)alcança municípios que juntos somam 13,4 milhões de pessoas.\n\nA meta inicial da etapa de seleção de propostas, de construção de 75 centros de atenção, foi dobrada diante do grande número de pedidos – 1.429 propostas de 1.148 municípios. O investimento total é de R$ 339 milhões e os valores unitários variam entre R$ 2,1 e R$ 2,6 milhões, de acordo com o tipo de unidade.\n\nO Ministério da Saúde também vai investir R$ 101 milhões em ações do Plano Juventude Negra Viva. O programa coordenado pela pasta da Igualdade Racial, com participação de outros 18 órgãos, beneficiará 44 mil jovens com estratégias de saúde mental."
}