{
    "url": "https://www.gov.br/saude/pt-br/assuntos/noticias/2024/junho/mais-de-10-mil-atendimentos-foram-realizados-pela-forca-nacional-do-sus-no-estado",
    "titulo": "Mais de 10 mil atendimentos foram realizados pela Força Nacional do SUS no estado",
    "descricao": "Atualmente, Saúde conta com quatro hospitais de campanha em funcionamento e diversas frentes para atender a população gaúcha",
    "subtitulo": "RIO GRANDE DO SUL",
    "categoria": "Saúde e Vigilância Sanitária",
    "autora": "Igor TarcízioMinistério da Saúde",
    "tags": [
        "atenção especializada à saúde",
        "força nacional do sus",
        "atendimento",
        "rio grande do sul"
    ],
    "data_publi": "03/06/2024",
    "texto": "Após 29 dias de atuação na emergência em saúde pública após fortes chuvas atingirem o Rio Grande do Sul, os voluntários daForça Nacional do SUS (FN-SUS)somam mais de 10 mil atendimentos à população gaúcha. Os dados representam o acumulado de ações desde o início das operações no estado, em 5 de maio.\n\nAo todo, foram realizados 3.768 atendimentos no Hospital de Campanha (HCamp) de Canoas, 1.889 no HCamp de Porto Alegre e 664 no HCamp de São Leopoldo. O quarto hospital de campanha do Ministério da Saúde, que entrou em operação no município de Novo Hamburgo no sábado (25), registrou 581 atendimentos.\n\nAlém disso, o total inclui 2.700 atendimentos volantes e 66 remoções aéreas. Também foram registrados 229 atendimentos em saúde indígena no polo-base de Porto Alegre e 135 no de Barra do Ribeiro.\n\nAtualmente, cerca de 143 voluntários da Força Nacional do SUS atuam em território gaúcho. Desde o início da situação emergencial, o Ministério da Saúde mobilizou 364 profissionais de saúde — entre médicos, enfermeiros, técnicos em enfermagem, assistentes sociais, entre outros —, de 24 estados da federação e do Distrito Federal.\n\nConfira o detalhamento dos atendimentos abaixo:\n\nDados atualizados até 3 de junho"
}