{
    "url": "https://www.gov.br/saude/pt-br/assuntos/noticias/2024/setembro/prorrogado-o-prazo-para-envio-de-propostas-aos-programas-pdil-e-pdp",
    "titulo": "Prorrogado o prazo para envio de propostas aos programas PDIL e PDP",
    "descricao": "Além de orientações e Nota Informativa sobre o novo prazo, a pasta também disponibiliza FAQ de cada programa",
    "subtitulo": "COMPLEXO INDUSTRIAL",
    "categoria": "Saúde e Vigilância Sanitária",
    "autora": "Mônica OlisMinistério da Saúde",
    "tags": [
        "ciência e tecnologia em saúde",
        "ceis",
        "inovação",
        "programa de desenvolvimento produtivo"
    ],
    "data_publi": "23/09/2024",
    "texto": "O Ministério da Saúde prorrogou para o dia 30 de setembro o prazo final para submissão de propostas ao Programa de Desenvolvimento e Inovação Local (PDIL) e ao Programa para o Desenvolvimento Produtivo (PDP). O anúncio foi feito por meio daNota Informativa nº 5/2024, publicada na sexta-feira (20).\n\nInstituições que desejam participar desse processo devem estar atentas aos modelos de propostas de projetos e orientações disponibilizadas no site do Ministério da Saúde.\n\nAcesse modelos de projetos e orientações\n\nOs participantes também podem acessar material com Perguntas Frequentes (FAQ) para tirar dúvidas e obter mais informações sobre elaboração e submissão de propostas aos programas para o Desenvolvimento do Complexo Econômico-Industrial (Ceis).\n\nAcesse o FAQ sobre PDIL e PDP\n\nO novo marco regulatório dos programas foi lançado em junho deste ano, com o intuito de fortalecer apolítica do Ceis.\n\nOs programas\n\nOs dois programas compõem os seis instrumentos da Estratégia Nacional para o Desenvolvimento do Complexo Econômico-Industrial da Saúde, que é orientada pela Matriz de Desafios Produtivos e Tecnológicos em Saúde, e objetivam reduzir vulnerabilidades doSistema Único da Saúde (SUS)e ampliar o acesso universal à saúde.\n\nOPrograma de Parceria para o Desenvolvimento Produtivo (PDP)tem o objetivo de orientar o esforço nacional de investimento em inovação e produção, público e privado, por meio de transferências tecnológicas de produtos estratégicos. As parcerias são realizadas entre instituições públicas e ICTs e empresas privadas visando a produção nacional de produtos demandados pelo SUS.\n\nO desenvolvimento tecnológico, produção e inovação local, voltados aos desafios em saúde, a sustentabilidade e resiliência SUS, são focos doPrograma de Desenvolvimento e Inovação Local (PDIL). O PDIL visa a ampliação do acesso à saúde, a fim de reduzir a vulnerabilidade produtiva e tecnológica do SUS. Entre os objetivos do Programa está a contribuição para a transformação digital e ecológica e sustentabilidade do Ceis."
}