{
    "url": "https://www.gov.br/saude/pt-br/assuntos/noticias/2023/novembro/com-autores-do-saude-brasil-2023-painel-revela-situacao-de-saude-de-criancas-brasileiras",
    "titulo": "Com autores do Saúde Brasil 2023, painel revela situação de saúde de crianças brasileiras",
    "descricao": "Foram apresentados dados sobre vacinação, nascimentos, mortalidade por causas acidentais e saúde de crianças indígenas Yanomamis",
    "subtitulo": "17ª EXPOEPI",
    "categoria": "Saúde e Vigilância Sanitária",
    "autora": "Ministério da Saúde",
    "tags": [
        "vigilância em saúde e ambiente",
        "saúde brasil 2023",
        "saúde de crianças",
        "saúde de crianças yanomamis"
    ],
    "data_publi": "10/11/2023",
    "texto": "A publicação “Saúde Brasil 2023: análise de situação de saúde com o enfoque nas crianças brasileiras” ganhou painel exclusivo na programação da17ª Expoepi, na quinta-feira (9). Com a participação de autores da publicação, o painel apresentou dados sobre a situação de saúde das crianças: nascimentos, mortalidade por causas acidentais, aspectos sobre vacinação e situação de saúde de crianças indígenas Yanomamis.\n\nNa oportunidade, representando a Secretaria de Vigilância em Saúde e Ambiente (SVSA) do Ministério da Saúde, Roberta Mendes Abreu Silva falou sobre o calendário vacinal e sobre segurança e eficácia das vacinas. Já o representante da Secretaria de Saúde Indígena (Sesai), Lucas Felipe Carvalho Oliveira, mostrou resultados sobre a cobertura do acompanhamento nutricional de crianças menores de cinco anos, em relação a doenças diarreicas agudas, casos de malária por espécie parasitária e percentual do esquema vacinal completo.\n\nUma das autoras do Saúde Brasil 2023, Ana Maria Nogales Vasconcelos apresentou características dos nascimentos com base no Sistema de Informações sobre Nascidos Vivos (Sinasc), além de informações sobre nascimentos segundo características da mãe, consulta pré-natal, duração da gestação, tipo de parto, ocorrência de anomalias congênitas ao nascimento, entre outros dados.\n\nEncerrando o painel, também representando a SVSA, Ranielle de Paula Silva abordou o cenário de mortalidade por causas acidentais em crianças no Brasil, detalhando os fatores de risco que aumentam a ocorrência de acidentes e óbitos por essas causas. Além disso, mostrou ranking das principais causas de morte em crianças de 0 a 9 anos em 2021, sendo 44,4% mortes por asfixia e 34,8% óbitos por afogamento.\n\nA coordenadora da mesa, Cheila Marina de Lima, do Departamento de Análise Epidemiológica e Vigilância de Doenças Não Transmissíveis (Daent/SVSA), destacou a importância do painel para profissionais da área da saúde. “Esse painel é precioso, pois traduz o que está acontecendo e sendo pautado na política pública em saúde no Brasil, em especial na perspectiva das crianças. O Saúde Brasil é uma publicação voltada para o serviço, que apesar de ter o rigor científico, desperta o olhar cuidadoso de experiência em gestão. A evidência e ciência estão de novo na pauta do país. A Expoepi traz este resgate”, disse.\n\nA versão preliminar da publicação “Saúde Brasil 2023: análise de situação de saúde com o enfoque nas crianças brasileiras” já está disponívelno site do Ministério da Saúde. O lançamento oficial da publicação, que conta com 17 capítulos, ocorrerá no início de 2024.\n\nSobre o Saúde Brasil\n\nProduzido desde 2004, o Saúde Brasil é uma publicação que marca o compromisso do Ministério da Saúde em elaborar e disseminar análises de situação de saúde dos brasileiros, com o objetivo de fortalecer a capacidade analítica nas três esferas de gestão do Sistema Único de Saúde (SUS) e valorizar o uso dos dados secundários disponíveis em seus sistemas de informação, auxiliando seu permanente aperfeiçoamento.\n\nEm quase 20 anos de existência, a publicação firmou-se como um instrumento político-institucional aderido integralmente à Política Nacional de Vigilância em Saúde, na medida em que traduz em ações a definição de análise de situação de saúde estabelecida na Política. A edição de 2023 do livro tem a temática “Análise da situação de saúde com enfoque nas crianças brasileiras”.\n\nCada edição é tradicionalmente construída por profissionais de diferentes áreas do Ministério da Saúde em conjunto com especialistas vinculados a instituições nacionais e internacionais, os quais participam de diferentes etapas do processo, ocorridas a cada ano, sendo todo o processo editorial supervisionado pelo Departamento de Análise Epidemiológica e Vigilância de Doenças não Transmissíveis (Daent/SVSA).\n\nA avaliação da situação de saúde dos brasileiros é importante não apenas para o monitoramento de relevantes agendas e políticas públicas vigentes, mas sobretudo porque contribui com a definição de prioridades de ação e oportunidades de intervenção para subsidiar a construção de uma sociedade mais justa e saudável."
}