{
    "url": "https://www.gov.br/saude/pt-br/assuntos/noticias/2024/dezembro/quarta-fase-da-campanha-de-vacinacao-tem-como-foco-o-tetano",
    "titulo": "Quarta fase da campanha de vacinação tem como foco o tétano",
    "descricao": "A cada 100 pessoas que adoecem de tétano, cerca de 30 morrem. A principal forma de prevenção é a imunização, que é gratuita e está disponível em toda a rede do Sistema Único de Saúde (SUS)",
    "subtitulo": "VACINA É PRA TODA VIDA",
    "categoria": "Saúde e Vigilância Sanitária",
    "autora": "Vanessa RodriguesMinistério da Saúde",
    "tags": [
        "vigilância em saúde e ambiente",
        "vacinação",
        "tétano",
        "prevenção"
    ],
    "data_publi": "16/12/2024",
    "texto": "A campanha de comunicação sobre avacinaçãodo Ministério da Saúde está entrando em sua quarta fase. Após abordarcoqueluche,poliomieliteesarampo, o foco agora é a imunização contra otétano, que mata cerca de 30 de cada 100 pessoas infectadas pela doença. Com o tema “Vacinação de rotina: vacina é para toda vida”, a campanha reforça a importância de estar com a vacinação contra o tétano em dia, com indicações para todas as pessoas, de todas as idades. A vacina é a principal forma de prevenção contra esta doença.\n\nNo Brasil, vacinas para proteção contra o tétano estão disponíveis no SUS. E a imunização deve ser realizada conforme as recomendações doCalendário Nacional de Vacinação, nas rotinas dos serviços de vacinação daAtenção Primária à Saúde (APS), ou nos Centros de Referência para Imunobiológicos Especiais (CRIEs) para pessoas que apresentam algumas condições clínicas especiais.\n\nSaiba mais sobre a campanha\n\nEsquemas vacinais recomendados\n\nCrianças menores de 7 anos de idade:\n\nPessoas com 7 anos ou mais (crianças, adolescentes, adultos e idosos):\n\nGestantes:\n\nA atualização da vacinação contra o tétano em gestantes, a cada gestação, além de proteger a mãe contra a doença, tem como objetivo prevenir o tétano neonatal que pode acometer recém-nascidos, até os primeiros 28 dias de vida.\n\nNesse sentido, a campanha de comunicação, promovida pelo Ministério da Saúde, mobiliza profissionais e trabalhadores da saúde e a população geral quanto à importância da vacinação contra o tétano. Gestantes, trabalhadores rurais e da construção civil, idosos e pessoas que sofreram ferimentos recentes, devem manter a proteção em dia.\n\nSobre o tétano\n\nO tétano é uma doença aguda, não contagiosa, de ocorrência mundial. Representa um sério problema de saúde pública, sobretudo em países com baixas condições socioeconômicas e educacionais.\n\nEsta doença é causada pela bactériaClostridium tetani, que está presente no solo, na água, objetos enferrujados (pregos, madeiras e agulhas, por exemplo), fezes de animais, entre outros. A bactéria pode entrar no organismo, especialmente pelas mãos ou pés do indivíduo, por meio de cortes, perfurações ou feridas contaminadas.\n\nA doença ataca o sistema nervoso, provocando contrações musculares intensas e, em casos graves, pode levar à morte. Além da vacinação, a prevenção da doença também requer a utilização de equipamentos de proteção individual (botas, luvas e capacetes, etc) para evitar a ocorrência de acidentes durante a prática de atividades profissionais ou domésticas.\n\nViajantes e o tétano\n\nQuando a pessoa for viajar para local onde a vacina contra o tétano não esteja disponível ou necessite de prescrição, é prudente atualizar com antecedência o esquema vacinal, caso necessário. Atenção para a necessidade de reforço, a cada 10 anos, da última dose do esquema completo ou da última dose de reforço.\n\nAcesse os esquemas vacinais recomendados para a proteção contra o tétano, de acordo a idade e a condição clínica apresentada.\n\nMovimento Nacional pela Vacinação\n\nEm 2023, o governo federal lançou oMovimento Nacional pela Vacinaçãopara retomar e fortalecer a confiança na ciência, no SUS e nas vacinas. Graças ao esforço do movimento, ainda em 2023, 13 das 16 vacinas do calendário infantil registraram aumento de cobertura. Os avanços brasileiros também fizeram com que o Brasil saísse do ranking dos 20 países com mais crianças não imunizadas do mundo. Em 2021, o Brasil ocupava o 7º lugar nesse ranking e, desde o ano passado, deixou a lista. O Ministério da Saúde também atua para combater as fake news por meio do programaSaúde com Ciência.A campanha de comunicação é mais uma iniciativa que reafirma o compromisso do governo com a saúde pública e a equidade no acesso às vacinas.\n\nSaiba mais sobre a vacinação"
}