{
    "url": "https://www.gov.br/saude/pt-br/assuntos/noticias/2024/janeiro/saiba-o-que-e-capacitismo-e-a-importancia-de-combate-lo",
    "titulo": "Saiba o que é capacitismo e a importância de combatê-lo",
    "descricao": "Ministérios da Saúde e dos Direitos Humanos promovem cartilha para reforçar a importância da inclusão e combater o preconceito contra pessoas com deficiência",
    "subtitulo": "INCLUSÃO",
    "categoria": "Saúde e Vigilância Sanitária",
    "autora": "Ministério da Saúde",
    "tags": [
        "atenção especializada à saúde",
        "capacitismo",
        "pessoa com deficiência",
        "combate ao preconceito"
    ],
    "data_publi": "23/01/2024",
    "texto": "É possível medir as capacidades de outra pessoa pelo fato de ela ter alguma deficiência? Essa tentativa preconceituosa e comum é classificada como capacitismo. O ato ocorre por meio de determinadas formas de tratamento, comunicação e práticas, além de barreiras físicas, arquitetônicas e atitudinais que impedem o pleno exercício da cidadania por essas pessoas.\n\nPara reforçar a importância da inclusão e combater o preconceito, os ministérios da Saúde e o dos Direitos Humanos e da Cidadania estão promovendo a cartilha “Combata o capacitismo”. O documento foi lançado em 2023 pela Escola Nacional de Saúde Pública da Fundação Oswaldo Cruz (ENSP/Fiocruz). Com uma linguagem simples e direta, a cartilha apresenta dicas e orientações destinadas à população brasileira para o enfrentamento a este tipo de comportamento.\n\nO material traz ainda definições como a do capacitismo institucional, uma forma de discriminação que se manifesta pela reprodução de discursos que reforçam concepções de passividade, de opressão e de invisibilização. E aborda o contexto da deficiência como um produto social, alertando que naturalizar a exclusão é antiético e depõe contra a humanidade de quem faz isso.\n\nTermos capacitistas\n\nA cartilha “Combata o capacitismo” apresenta dicas para substituições de termos preconceituosos usados no dia a dia.\n\nConfira abaixo:\n\nConfira a cartilha"
}