{
    "url": "https://www.gov.br/saude/pt-br/assuntos/noticias/2024/dezembro/ministerio-da-saude-distribui-1-5-milhao-de-doses-de-vacina-contra-covid-19",
    "titulo": "Ministério da Saúde distribui 1,5 milhão de doses de vacina contra Covid-19",
    "descricao": "Meta é entregar 5 milhões de doses até o final de dezembro, com inclusão no calendário nacional para gestantes e idosos",
    "subtitulo": "VACINAÇÃO",
    "categoria": "Saúde e Vigilância Sanitária",
    "autora": "Ministério da Saúde",
    "tags": [
        "vigilância em saúde e ambiente",
        "calendário nacional de vacinação",
        "covid-19",
        "vacina"
    ],
    "data_publi": "08/12/2024",
    "texto": "Nesta semana, todos os estados e o Distrito Federal receberão cerca de 1,5 milhão de doses da vacina contra aCovid-19, com entregas previstas até terça-feira (10). Esse lote faz parte de mais de 8 milhões de doses adquiridas para manter os estoques doSistema Único de Saúde (SUS)abastecidos por até seis meses. A expectativa é entregar 5 milhões de doses até o final de dezembro.\n\nAs vacinas foram adquiridas em pregão de 69 milhões de doses, concluído neste semestre, garantindo abastecimento por dois anos. As entregas serão feitas de forma parcelada pelos fabricantes, conforme a adesão da população, com as vacinas mais atualizadas aprovadas pela Agência Nacional de Vigilância Sanitária (Anvisa) e seguindo a recomendação mais recente da Organização Mundial da Saúde (OMS).\n\nAs 1,5 milhão de doses distribuídas são da vacina da Serum, que chega pela primeira vez aos estados. Estudos de fase 3 mostraram segurança e eficácia de 90% contra casos sintomáticos em adultos, além de vantagens como maior prazo de validade, transporte e conservação simples (2°C a 8°C).\n\nA vacina da Zalika Farmacêutica, já usada nos EUA e Reino Unido, será aplicada no Brasil em pessoas a partir de 12 anos, faixa etária aprovada pela Agência Nacional de Vigilância Sanitária (Anvisa). Crianças abaixo dessa idade continuarão recebendo a vacina de RNA mensageiro da Pfizer.\n\nEconomia significativa\n\nConsiderando os preços praticados na aquisição anterior de vacinas para Covid-19, a nova compra gerou economia de R$ 1,05 bilhão, com redução de 26% no preço unitário, um dos menores preços do mundo. Enquanto os EUA já pagaram até US$ 30 por dose, o Brasil adquiriu por US$ 7.\n\nO pregão foi promovido por Ata de Registro de Preços (ARP), modalidade recomendada prioritariamente pela Advogado-Geral da União (AGU) para compras públicas, por permitir concorrência, economia de tempo e recursos, flexibilidade para realizar aquisições parceladas, garantia de preço fixo durante a vigência da ata, maior transparência e segurança jurídica. Vale ressaltar, ainda, que o contrato prevê a troca de doses em situações específicas.\n\nNovidades da vacinação contra Covid-19\n\nO Ministério da Saúde também enviou um documento aos estados que orienta a estratégia de vacinação contra a Covid-19, inclusive como as novas vacinas devem ser aplicadas.\n\nAgora, assim como a vacinação de crianças, a vacina Covid-19 a vacinação contra Covid-19 agora integra o calendário nacional para gestantes e idosos. Gestantes receberão uma dose por gestação, e idosos, uma dose a cada seis meses. Essa atualização reflete o compromisso do Ministério da Saúde com a proteção da população brasileira.\n\nOs demais grupos prioritários serão considerados vacinação de grupos especiais, realizada periodicamente em qualquer sala de vacina.\n\nOs grupos especiais recebem uma dose periódica, sendo a cada 6 meses para imunocomprometidos e a cada ano para os demais grupos."
}