{
    "url": "https://www.gov.br/saude/pt-br/assuntos/noticias/2024/maio/conheca-a-6a-edicao-da-2018caderneta-da-crianca-2013-passaporte-da-cidadania2019-lancada-pelo-ministerio-da-saude",
    "titulo": "Conheça a 6ª edição da ‘Caderneta da Criança – Passaporte da Cidadania’, lançada pelo Ministério da Saúde",
    "descricao": "100% das Secretarias de Saúde dos estados e os distritos indígenas já receberam o primeiro lote dos livretos, essenciais para acompanhar o crescimento, desenvolvimento e a situação vacinal das crianças",
    "subtitulo": "SAÚDE DA CRIANÇA",
    "categoria": "Saúde e Vigilância Sanitária",
    "autora": "Janine RussczykMinistério da Saúde",
    "tags": [
        "atenção primária",
        "caderneta da criança",
        "cidadania",
        "proteção integral"
    ],
    "data_publi": "02/05/2024",
    "texto": "A  ‘Caderneta da Criança - Passaporte da Cidadania’ é um livreto que a criança recebe nas maternidades e é utilizado pelas famílias e por profissionais como um registro abrangente da saúde da criança que acompanha seu crescimento e desenvolvimento desde o nascimento até os 9 anos. Entre os cuidados fundamentais para a atenção integral e proteção da saúde infantil, a caderneta também tem espaço para o registro da situação vacinal na infância. A impressão e distribuição dos exemplares pelo Ministério da Saúde em sua versão física está de volta, após ser interrompida há quatro anos.\n\nPara o secretário deAtenção Primária à Saúde, Felipe Proenço, aCaderneta da Criançarepresenta uma conquista de cidadania. “A sexta edição traz uma série de informações de promoção da saúde, de prevenção de doenças, de acompanhamento de assistência social e de acompanhamento da educação”, ressalta.  “Então, ter essa caderneta impressa é fundamental para que todos possam verificar se as fases do crescimento e desenvolvimento estão sendo atingidas conforme o esperado nas faixas etárias”, acrescenta o secretário.Distribuição gratuita\n\nEste ano, serão distribuídas cerca de 6,4 milhões de unidades de forma gratuita a todas as crianças do Brasil - tanto as nascidas em maternidades públicas como as que nascem em instituições privadas têm o direito a receber o seu livreto. No momento, todas as secretarias de saúde dos 26 estados, do DF e os distritos indígenas já receberam o primeiro lote dos livretos.\n\nNo momento da alta, a caderneta deve ser devidamente preenchida pelo profissional de saúde, assim como nas consultas de puericultura realizadas na Atenção Primária à Saúde (APS). Na primeira parte do material, as orientações são destinadas para as famílias e na segunda para os profissionais de saúde. Eles têm as melhores orientações e baseadas em evidências científicas, conforme lembra Felipe Proenço.\n\n“Saúde não é só ausência de doenças. É conseguir acompanhar e participar do desenvolvimento dos filhos. A importância dos pais, dos responsáveis em se envolverem, interagirem e estimularem a criança, principalmente nos três primeiros anos de vida, é fundamental. Isso tem reflexos no crescimento do indivíduo até a sua vida adulta. Então, ter essas informações disponíveis em uma caderneta, conseguir entender também qual é o melhor momento para cada interação e avaliar como está o desenvolvimento da criança é muito importante”, explica o secretário.Lançamento da 6ª edição da caderneta ocorreu durante a comemoração do centenário do Instituto Nacional deSaúde da Mulher, da Criança e do Adolescente Fernandes Figueira (IFF/Fiocruz), no Rio de Janeiro, em abril.(Foto: Rafael Nascimento/MS)\n\nDicas para o aleitamento materno e saúde bucal\n\nNo livreto, é possível encontrar orientações sobre os direitos e os deveres das crianças e dos pais, aleitamento materno, alimentação complementar saudável, vacinas, saúde bucal, marcos do desenvolvimento, consumo, além de informações sobre o acesso aos equipamentos e programas sociais e de educação.\n\nEntre os tópicos direcionados às famílias ou responsáveis, as orientações abrangem os seguintes temas:\n\nSegunda parte\n\nA segunda parte da Caderneta da Criança é destinada aos profissionais de saúde, com espaço para registro de informações importantes como acompanhamento das consultas desde o pré-natal e espaços para preenchimento das consultas de puericultura recomendadas pelo Ministério da Saúde. Contém, também, os gráficos de crescimento, peso, estatura, IMC, pressão arterial, instrumentos de vigilância do desenvolvimento (com instruções para interpretação) e tabelas para registro de vacinas aplicadas. Na parte da imunização, a 6ª edição traz como novidade a inclusão das vacinas de covid-19 noCalendário Nacional de Vacinação.\n\nAs marcações do acompanhamento odontológico ficam registradas desde a primeira dentição e com espaços para os apontamentos das consultas com os procedimentos e orientações dos profissionais.\n\nA última versão da caderneta também mantém os espaços para registros dos profissionais de outros setores, a fim de favorecer o diálogo entre as equipes de saúde, de assistência social e de educação, para que, de forma transversal e conjunta, família e profissionais possam acompanhar como a criança está crescendo e se desenvolvendo.\n\nAcesse a Caderneta da Criança para meninos\n\nAcesse a Caderneta da Criança para meninas"
}