{
    "url": "https://www.gov.br/saude/pt-br/assuntos/noticias/2024/maio/forca-nacional-do-sus-ultrapassa-3-5-mil-atendimentos-a-populacao-do-rio-grande-do-sul",
    "titulo": "Força Nacional do SUS ultrapassa 3,5 mil atendimentos à população do Rio Grande do Sul",
    "descricao": "Ao todo, 25% dos atendimentos são relacionadas a doenças respiratórias. Novo Hamburgo vai receber quarto hospital de campanha do Ministério da Saúde",
    "subtitulo": "RIO GRANDE DO SUL",
    "categoria": "Saúde e Vigilância Sanitária",
    "autora": "Otávio AugustoMinistério da Saúde",
    "tags": [
        "atenção especializada à saúde",
        "força nacional do sus",
        "rio grande do sul"
    ],
    "data_publi": "20/05/2024",
    "texto": "Em 15 dias, aForça Nacional do Sistema Único de Saúde (SUS)ultrapassou 3,5 mil atendimentos no Rio Grande do Sul. O estado sofre os impactos de severasenchentesdesde 3 de maio e tem 90% do território devastado. Somente o Hospital de Campanha de Canoas realizou 2.041 atendimentos. A unidade de Porto Alegre, 503. A estrutura de São Leopoldo, a mais recente a iniciar operações, acumula 47 atendimentos.\n\nAs equipes volantes atenderam 887 pessoas. Houve, no acumulado, 56 remoções aéreas e 120 atendimentos psicossociais. O volume de atendimentos reflete o pronto investimento do Ministério da Saúde na ampliação das equipes e da rede de assistência.\n\nSegundo os dados doComitê de Operações Emergenciais (COE)para o Rio Grande do Sul, 25% dos atendimentos são relacionadas a doenças respiratórias. Outros 7% são de diarreias.\n\nAmpliação da rede\n\nO município de Novo Hamburgo, distante 78 quilômetros de Porto Alegre, receberá o quarto hospital de campanha do Ministério da Saúde. A decisão foi divulgada neste domingo (19) pelo COE.\n\nA nova estrutura funcionará 100% com recursos daForça Nacional do SUSe do Grupo Hospitalar Conceição (GHC). O hospital terá seis médicos e três enfermeiros, além de técnicos de enfermagem. A unidade receberá pacientes 24 horas por dia e tem capacidade para entre 150 e 200 atendimentos diários.\n\nNesta semana, será iniciada a montagem e o início do funcionamento será divulgado nos próximos dias."
}