{
    "url": "https://www.gov.br/saude/pt-br/assuntos/noticias/2023/outubro/ministra-nisia-trindade-defende-parceria-entre-setores-publico-e-privado-para-a-sustentabilidade-do-sus",
    "titulo": "Ministra Nísia Trindade defende parceria entre setores público e privado para a sustentabilidade do SUS",
    "descricao": "Durante o Congresso Nacional de Hospitais Privados, ministra também debateu a integração para o desenvolvimento do Complexo Econômico-Industrial da Saúde",
    "subtitulo": "SUS MAIS FORTE",
    "categoria": "",
    "autora": "Nathan VictorMinistério da Saúde",
    "tags": [
        "ciência e tecnologia em saúde",
        "complexo econômico industrial da saúde",
        "parceria público privado"
    ],
    "data_publi": "18/10/2023",
    "texto": "A ministra da Saúde, Nísia Trindade, participou, nesta quarta-feira (18), em São Paulo, da abertura do Congresso Nacional de Hospitais Privados (Conahp 2023). O evento, que reúne mais de 5 mil pessoas, tem esta edição dedicada ao debate sobre integração pública e privada nos serviços de saúde, um tema caro à ministra que aproveitou a oportunidade para ressaltar a importância da pauta.\n\n“O SUS mostrou a sua potência com todos os problemas que enfrentamos durante a pandemia de Covid-19, mas nós temos que avançar na integralidade. A organização, a partir da atenção primária, tem que se tornar de fato uma realidade. E a atenção em saúde de média e alta complexidade precisa avançar com a mesma compreensão. Para isso, a parceria entre o setor público e o setor privado é fundamental”, disse a ministra.\n\nNo encontro, Nísia também enfatizou que a integração público-privada é essencial para o alcance do desenvolvimento do Complexo Econômico-Industrial da Saúde. “Ao anunciarmos com o presidente Lula a estratégia para o complexo da saúde, afirmamos que essa estratégia precisa interagir com todo o setor de serviços. Então, este é um dos desafios para nós, saber como avançarmos nesse ponto”, acrescentou.\n\nNo mês de setembro, o Governo Federal lançou aEstratégia Nacional para o Desenvolvimento do Complexo Econômico-Industrial da Saúdecom investimento de R$ 42 bilhões até 2026. Com seis programas estruturantes, o objetivo é expandir a produção nacional de itens prioritários para o SUS e reduzir a dependência do Brasil de insumos, medicamentos, vacinas e outros produtos de saúde estrangeiros. A maior autonomia do país é fundamental para reduzir a vulnerabilidade do setor e assegurar o acesso universal à saúde para todos.\n\nA programação da Conahp 2023 segue até quinta-feira (19). Entre as autoridades que participam dos painéis de discussão, estão o secretário de Atenção Especializada à Saúde, Helvécio Magalhães, a secretária de Informação e Saúde Digital, Ana Estela Haddad, e o presidente da Empresa Brasileira de Serviços Hospitalares (Ebserh), Arthur Chioro."
}