{
    "url": "https://www.gov.br/saude/pt-br/assuntos/noticias/2024/agosto/ministerio-da-saude-investe-r-1-milhao-para-financiar-pesquisas-de-evidencias-em-saude",
    "titulo": "Ministério da Saúde investe R$ 1 milhão para financiar pesquisas de Evidências em Saúde",
    "descricao": "Inscrições vão até 30 de agosto. Propostas devem contemplar Sínteses de Evidências para Políticas e Diálogos Deliberativos",
    "subtitulo": "CHAMADA PÚBLICA",
    "categoria": "Saúde e Vigilância Sanitária",
    "autora": "Vicente RamosMinistério da Saúde",
    "tags": [
        "ciência e tecnologia em saúde",
        "pesquisa",
        "cnpq",
        "evidências em saúde"
    ],
    "data_publi": "08/08/2024",
    "texto": "A valorização da ciência é uma prioridade do Governo Federal. Por isso, o Ministério da Saúde, por meio daSecretaria de Ciência, Tecnologia e Inovação e do Complexo Econômico-Industrial da Saúde (Sectics), vai investir R$ 1 milhão em uma chamada pública destinada à Sínteses de Evidências para Políticas e Diálogos Deliberativos.\n\nO prazo final de submissão das propostas é dia 30 de agosto, nosite do Conselho Nacional de Desenvolvimento Científico e Tecnológico (CNPq), parceiro dessa chamada. O objetivo da ação é qualificar e fortalecer as políticas e os programas doSistema Único de Saúde (SUS), por meio do desenvolvimento científico, tecnológico e de inovação. A estratégia visa subsidiar e apoiar a tomada de decisão dos gestores do Ministério da Saúde.\n\nAs linhas de pesquisa foram estruturadas em 2 eixos e 6 subeixos, elaborados a partir de consulta junto às áreas técnicas das secretarias do Ministério da Saúde, em uma ação estratégica para alinhar as prioridades da saúde pública com o desenvolvimento científico e tecnológico.\n\nConheça os eixos e subeixos da chamada:\n\nSubeixo 1.1: Vigilância AmbientalSubeixo 1.2: Doenças Crônicas não TransmissíveisSubeixo 1.3: Violências e Acidentes\n\nSubeixo 2.1: Saúde da MulherSubeixo 2.2: Doenças Crônicas não TransmissíveisSubeixo 2.3: Violência na escola\n\nAcesse o edital da chamada pública"
}