{
    "url": "https://www.gov.br/saude/pt-br/assuntos/noticias/2024/marco/ministerio-da-saude-investe-r-101-milhoes-em-acoes-do-plano-juventude-negra-viva",
    "titulo": "Ministério da Saúde investe R$ 101 milhões em ações do Plano Juventude Negra Viva",
    "descricao": "Programa coordenado pela pasta de Igualdade Racial, com participação de outros 18 órgãos, foi anunciado pelo presidente Lula e beneficiará 44 mil jovens com estratégias de saúde mental",
    "subtitulo": "EQUIDADE",
    "categoria": "Saúde e Vigilância Sanitária",
    "autora": "Ministério da Saúde",
    "tags": [
        "atenção especializada à saúde",
        "saúde da população negra",
        "saúde mental",
        "saúde dos jovens negros"
    ],
    "data_publi": "21/03/2024",
    "texto": "Saúde mental dos jovens negros é destaque entre as ações do Ministério da Saúde noPlano Juventude Negra Viva (PJNV), anunciado nesta quinta-feira (21) pelo presidente Lula, em Ceilândia, Distrito Federal. Com investimento de R$ 101 milhões, estratégia da pasta beneficiará 44 mil brasileiros. O PJNV é uma ação interministerial coordenada pelo Ministério de Igualdade Racial (MIR) e com participação de outros 18 órgãos. O investimento total é de R$ 600 milhões em ações transversais.\n\nO PJNV terá a duração de 12 anos e será renovado a cada quatro. A meta do plano é garantir o acesso à saúde, educação, cultura, segurança pública e justiça social, além de contribuir para a redução da vulnerabilidade e letalidade de jovens negros e de periferia. A política é a resposta do Governo Federal a uma das principais demandas da população negra: viver em um país que respeita e investe na vida dos jovens negros, aproximadamente 23% dos brasileiros.\n\nA Saúde conta ainda com 51 ações que serão desenvolvidas em conjunto com o MIR. Além disso, foi realizado o processo de escuta ativa das caravanas da juventude, que contou com a participação de 6 mil jovens de todo o Brasil ao longo de 2023. O chefe da Assessoria Especial da Igualdade Racial da Saúde, Luís Eduardo Batista, representou a ministra Nísia Trindade no evento. Ele destacou a importância do investimento feito pelo Ministério da Saúde no plano, um dos maiores da Esplanada.\n\nBatista também falou sobre a importância do cuidado emocional com a população negra. Segundo o assessor, há duas perspectivas dentro da ação de saúde mental: a questão da juventude em si e um olhar especial para as mães que tiveram filhos mortos pela violência. “São duas ações pesadas, tanto para os jovens que estão em sofrimento mental, álcool e outras drogas, como para as mães que perderam seus filhos pela violência”, enfatizou.\n\nNos investimentos em saúde dentro do PNJV, estão previstos, ainda, R$ 225 mil para aprimorar o tratamento da doença falciforme e R$ 7 milhões para formação de multiplicadores no Programa Saúde na Escola. O objetivo desta última ação é fomentar o protagonismo juvenil negro, com a disponibilização de mil vagas para estudantes da rede pública.\n\nSaúde mental é também é prioridade no Novo PAC\n\nPara reduzir vazios assistenciais e ampliar o acesso dos brasileiros ao cuidado e bem-estar, o novoPrograma de Aceleração do Crescimento (Novo PAC)vai construir 150 novos Centros de Atenção Psicossocial (Caps) em todas as regiões do país. Essa ampliação inclui13,4 milhões de pessoas na Rede de Saúde Mentaldo Sistema Único de Saúde (SUS). A meta inicial da etapa de seleção de propostas, de construção de 75 novos Caps, foi dobrada diante do grande número de pedidos – 1.429 propostas de 1.148 municípios. O investimento total é de R$ 339 milhões e os valores unitários variam entre R$ 2,1 e R$ 2,6 milhões, de acordo com o tipo de unidade."
}