{
    "url": "https://www.gov.br/saude/pt-br/assuntos/noticias/2024/outubro/primeira-edicao-da-caravana-forma-sus-inicia-atividades-pela-regiao-norte",
    "titulo": "Primeira edição da Caravana Forma SUS inicia atividades pela Região Norte",
    "descricao": "Evento, nesta quinta (17) e sexta-feira (18) em Manaus, percorrerá todas as regiões do Brasil até março de 2025",
    "subtitulo": "EDUCAÇÃO NA SAÚDE",
    "categoria": "Saúde e Vigilância Sanitária",
    "autora": "Victor AlmeidaMinistério da Saúde",
    "tags": [
        "trabalho e educação na saúde",
        "caravana forma sus",
        "formação profissional",
        "mobilização"
    ],
    "data_publi": "15/10/2024",
    "texto": "Na próxima quinta-feira (17), o Ministério da Saúde, por meio daSecretaria de Gestão do Trabalho e da Educação na Saúde (SGTES), inicia aCaravana Forma SUSem Manaus. A iniciativa, que irá percorrer todas as regiões brasileiras até março de 2025, promoverá mobilizações em todo o território nacional para atender às demandas da formação dos futuros profissionais doSistema Único de Saúde (SUS). A ação também busca articular docentes, estudantes, residentes, trabalhadores e gestores do SUS, bem como movimentos sociais em torno da discussão sobre a formação profissional no âmbito da saúde.\n\nEntre os objetivos da caravana está a ampliação das discussões acerca do processo formativo de estudantes de diversos cursos de graduação, a pactuação entre instituições de ensino e serviços de saúde, vivências no SUS por diferentes atores, a garantia da permanência estudantil para grupos mais vulneráveis, além do fortalecimento de atividades e programas que integram ensino, pesquisa e extensão com o mundo do trabalho e a sociedade.\n\nSerão sete paradas – em Manaus, Fortaleza, São Paulo, Florianópolis, Belém, Recife e Brasília –, que irão contemplar todas as regiões, com a previsão de participação de 60 pessoas por estado, que totalizará aproximadamente 1,8 mil envolvidos durante a realização da iniciativa. Cada edição ocorrerá em quatro turnos de trabalho, distribuídos em dois dias de atividades.\n\nOs encontros proporcionados pela Caravana Forma SUS possibilitarãodiscutir o conceito do SUS como escola; monitorar a execução dos projetosPrograma de Educação pelo Trabalho para a Saúde (PET Saúde– com o tema Equidade); promover o debate acerca das Diretrizes Curriculares Nacionais (DCNs) dos cursos de graduação da saúde; além de debater o Contrato Organizativo de Ação Pública de Ensino-Saúde (Coapes) como instrumento de pactuação e organização dos cenários de prática.\n\nPara a secretária da SGTES, Isabela Pinto, a caravana irá estabelecer um diálogo próximo entre a pasta e as entidades participantes sobre as ações desenvolvidas para a formação de profissionais de saúde, além de elencar desafios que são postos para essa qualificação. “Queremos identificar, junto com as pessoas participantes, todas as ações em que devemos trabalhar de forma conjunta e articulada, contribuindo para a permanência de estudantes nos territórios, fortalecendo o vínculo desses futuros profissionais com o SUS”, afirma.\n\nConfira o cronograma:"
}