{
    "url": "https://www.gov.br/saude/pt-br/assuntos/noticias/2024/dezembro/investimentos-na-atencao-primaria-do-maranhao-sao-acompanhados-pelo-ministerio-da-saude",
    "titulo": "Investimentos na atenção primária do Maranhão são acompanhados pelo Ministério da Saúde",
    "descricao": "Secretário Felipe Proenço esteve no estado e vistoriou serviços em unidade prisional e em UBS",
    "subtitulo": "SAÚDE PRISIONAL",
    "categoria": "Saúde e Vigilância Sanitária",
    "autora": "Camila RochaMinistério da Saúde",
    "tags": [
        "atenção primária",
        "saúde da família",
        "saúde prisional",
        "novo pac saúde"
    ],
    "data_publi": "10/12/2024",
    "texto": "Na sexta-feira (6) e sábado (7), o Ministério da Saúde visitou o Maranhão para verificar a aplicação dos investimentos realizados no estado emAtenção Primária. O secretário deAtenção Primária à Saúde (Saps), Felipe Proenço, visitou Unidades Básicas de Saúde (UBS) no município de Raposa e a Unidade Prisional Feminina de São Luís (UPFEM). Além disso, participou do evento de 30 anos daEstratégia de Saúde da Família (ESF), promovido pelo governo estadual.\n\nDurante a visita, o secretário conheceu o trabalho da equipe de atenção primária no sistema prisional, que tem se destacado por iniciativas como telemedicina, práticas integrativas e pré-natal qualificado para mulheres privadas de liberdade. “Foi fundamental presenciar o impacto dessas ações no cuidado integral a populações vulnerabilizadas. Experiências como essa mostram que é possível levar oSUSaonde ele é mais necessário”, afirmou.\n\nAcompanhado por autoridades estaduais e municipais, Felipe Proenço destacou a expansão das equipes de saúde prisional no Maranhão, que passaram de 11 para 29, graças a parcerias entre o Ministério da Saúde, o Governo do Estado e a Secretaria de Administração Penitenciária (SEAP). Entre as recentes ações federais no estado, está a ampliação do programa Mais Médicos a fim de chegar em áreas mais vulneráveis. Ao todo, o programa conta com 1.194 médicos distribuídos em 211 municípios maranhenses. Além disso, a pasta anunciou o investimento para construção de 77 UBS em 55 municípios, como parte doPrograma de Aceleração do Crescimento (Novo PAC Saúde).\n\nSaúde da Família\n\nO evento de 30 anos da Estratégia de Saúde da Família reuniu gestores, profissionais de saúde e lideranças locais. Na ocasião, o secretário ressaltou o impacto transformador da estratégia e os avanços alcançados no Maranhão, que conta hoje com mais de 2.590 equipes de saúde da família.  “A ESF representa um marco no cuidado humanizado e integral à população. É emocionante ver como essa estratégia cresceu e continua sendo essencial para promover equidade e qualidade no SUS”, declarou.\n\nJá no sábado, Felipe Proenço visitou as UBS Maresia e Carlos Vidal de Souza, no município de Raposa, que têm se destacado pela qualidade no atendimento e pela atuação de 11 profissionais do programa Mais Médicos.\n\nA agenda também incluiu a inspeção do terreno onde será construída uma nova UBS, selecionada pelo Programa de Aceleração do Crescimento (PAC). A unidade reforçará a infraestrutura de saúde local, garantindo maior acesso aos serviços básicos."
}