{
    "url": "https://www.gov.br/saude/pt-br/assuntos/noticias/2024/outubro/estados-recebem-orientacoes-para-periodo-de-baixa-temporada-da-dengue",
    "titulo": "Estados recebem orientações para período de baixa temporada da dengue",
    "descricao": "São Paulo, Mato Grosso, Paraná e Rio Grande do Sul participaram de reunião com equipe técnica do Ministério da Saúde para aprimorar as ações contra dengue e outras arboviroses",
    "subtitulo": "CONTRA O MOSQUITO",
    "categoria": "Saúde e Vigilância Sanitária",
    "autora": "Swelen BotaroMinistério da Saúde",
    "tags": [
        "vigilância em saúde e ambiente",
        "arboviroses",
        "dengue",
        "vigilância epidemiológica"
    ],
    "data_publi": "24/10/2024",
    "texto": "O Ministério da Saúde convocou quatro estados brasileiros e seus respectivosDistritos Sanitários Especiais Indígenas (Dseis)para uma reunião virtual nesta quarta-feira (23), para orientá-los quanto as ações que devem ser realizadas no período de baixa transmissão dadengue, com objetivo de diminuir os impactos daarbovirosesapós o período de chuvas.\n\nA equipe técnica da Coordenação Geral de Arboviroses (CGARB) realizou uma análise dos dados de julho a setembro, para identificar a situação epidemiológica atual de São Paulo, Mato Grosso, Paraná e Rio Grande do Sul e apoiar os estados nas ações de controle das arboviroses. De acordo com o secretário adjunto deVigilância em Saúde e Ambiente (SVSA), Rivaldo Cunha, “ o período de baixa ocorrência de dengue é ideal para unir esforços com estados e municípios e implementar ações que vão impactar positivamente no próximo período sazonal de arboviroses”.\n\nCerca de 80 pessoas participaram da reunião, incluindo representantes da gestão estadual nas áreas de vigilância epidemiológica e de assistência à saúde. Os entes foram estimulados a realizarem mais testagem laboratorial de dengue, reforçar as ações de controle vetorial e a fazer uma força tarefa para encerramento dos óbitos em investigação. \"O diagnóstico da dengue pode ser feito por critério clínico e epidemiológico, mas é essencial que os casos sejam testados laboratorialmente, para identificação dos sorotipos de dengue em circulação e também para diagnóstico diferencial de outras arboviroses. Esse monitoramento laboratorial nos ajuda a planejar as ações a longo prazo”, ressaltou a coordenadora-geral da CGARB, Lívia Vinhal.\n\nA pasta disponibilizou sua equipe técnica para ir aos territórios, apoiar os estados em suas ações.\n\nPlano de Ação\n\nEm setembro, o Presidente Lula lançou oPlano de Ação para redução da dengue e outras arboviroses no Brasil. O documento foi construído de forma tripartite e com a participação de pesquisadores e de profissionais de saúde que atuam na ponta, em contato direto com as comunidades e que conhecem de perto os desafios em cada região do país, com atenção às regiões de maior vulnerabilidade social.\n\nO objetivo do plano é agir preventivamente, envolvendo sociedade civil e poder público, para reduzir potencialmente os focos de proliferação dos vetores e para ampliar o acesso dos casos suspeitos à assistência médica em tempo hábil, minimizando o risco de evolução para formas graves da doença."
}