{
    "url": "https://www.gov.br/saude/pt-br/assuntos/noticias/2024/outubro/tecnicos-do-ministerio-da-saude-avaliam-impactos-da-seca-em-aldeias-de-bom-jesus-do-tocantins-pa",
    "titulo": "Técnicos do Ministério da Saúde avaliam impactos da seca em aldeias de Bom Jesus do Tocantins (PA)",
    "descricao": "De acordo com dados da Secretaria de Saúde Indígena (Sesai), 1.269 indígenas vivem na região. Diagnóstico situacional com os prejuízos deixados pela estiagem será elaborado",
    "subtitulo": "SECA EXTREMA",
    "categoria": "Saúde e Vigilância Sanitária",
    "autora": "Gabriel BandeiraMinistério da Saúde",
    "tags": [
        "vigilância em saúde e ambiente",
        "saúde indígena",
        "mudanças climáticas",
        "queimadas"
    ],
    "data_publi": "18/10/2024",
    "texto": "ASala de Situação Nacional de Emergências Climáticas do Ministério de Saúdevisitou quatro aldeias indígenas do território Mãe Maria, em Bom Jesus do Tocantins, no Pará, esta semana. Os técnicos da pasta estão realizando um diagnóstico situacional dos impactos da estiagem e dasqueimadasno estado.\n\nO documento será entregue ao Ministério da Saúde para elaboração de ações estratégicas de enfrentamento à emergência. Segundo o Instituto Nacional de Pesquisas Espaciais (Inpe), o Pará figura em segundo lugar no número de focos de incêndio no Brasil em 2024, com mais de 39 mil casos.\n\n“O processo de escuta com as comunidades afetadas está em andamento e as informações coletadas serão apresentadas ao Comitê de Resposta aos Eventos Extremos na Saúde Indígena (Cresi) para deliberação e ação daSecretaria de Saúde Indígena”, explica o técnico Genilson Lima, que acompanha as visitas técnicas em Marabá e Itupiranga. A missão também ocorre nos municípios paraenses de Altamira e Santarém.\n\nDurante a visita técnica, as comunidades indígenas relataram problemas de saúde como dificuldade respiratória, sangramento nasal, ardência nos olhos e impacto nasaúde mental, ocasionados pela fumaça gerada pelas queimadas. Outro ponto levantado pelas lideranças foi a necessidade de Equipamentos de Proteção Individual (EPIs) para combate ao fogo.\n\nCom 29 aldeias, o Território Indígena Mãe Maria faz parte doDistrito Sanitário Especial IndígenaGuamá-Tocantins (Dsei-Guato), que organiza a rede de saúde, práticas sanitárias e desenvolve ações administrativo-gerenciais de prestação de assistência a cerca de 24 mil indígenas no Pará.\n\nMissão de Emergências Climáticas\n\nNesta sexta-feira (18), a sala de situação, comandada pelo Departamento de Emergências em Saúde Pública do Ministério da Saúde (DEMSP), encerrou a missão no estado com uma reunião com a Vigilância em Saúde Ambiental (VISAMB) do Pará. Além da Sesai, a ação é composta por técnicos das secretarias deVigilância em Saúde e Ambiente (SVSA),Atenção Primária à Saúde (Saps),Atenção Especializada à Saúde (Saes)e representantes das secretarias de Saúde e dos Povos Indígenas locais."
}