{
    "url": "https://www.gov.br/saude/pt-br/assuntos/noticias/2024/novembro/mais-de-60-municipios-serao-contemplados-com-90-unidades-de-saude-por-meio-do-novo-programa-de-aceleracao-do-crescimento",
    "titulo": "Mais de 60 municípios serão contemplados com 90 unidades de saúde por meio do novo Programa de Aceleração do Crescimento",
    "descricao": "Entre as modalidades estão a construção de Unidades Básicas de Saúde, Centros de Parto Normal, Centros de Atenção Psicossocial, Centro de Regulação Samu, maternidades e aquisição de ambulâncias Samu 192",
    "subtitulo": "NOVO PAC",
    "categoria": "Saúde e Vigilância Sanitária",
    "autora": "Vanessa RodriguesMinistério da Saúde",
    "tags": [
        "secretaria executiva",
        "novo pac saúde",
        "unidades de saúde"
    ],
    "data_publi": "22/11/2024",
    "texto": "A ministra da Saúde, Nísia Trindade, divulgou, por meio das PortariasGM/MS nº 5.677eGM/MS nº 5.675– ambas de 4 de novembro de 2024 – a relação dos 62 municípios que receberão 90 unidades de saúde, por meio do novoPrograma de Aceleração do Crescimento (PAC).\n\nA contemplação dos novos municípios se deu por conta dos processos de trocas, desistências, não formalização e substituição das propostas aprovadas anteriormente. “Os entes municipais que desistiram da proposta, trocaram a modalidade ou não apresentaram a documentação completa no tempo solicitado foram substituídos por novos municípios que preencheram todos os requisitos para aprovação da proposta, seguindo os critérios de priorização estabelecidos no edital”, afirma o diretor de Programa da Secretaria- Executiva do Ministério da Saúde, Henrique Chaves.\n\nA formalização das novas propostas selecionadas se dará por meio de assinatura de Termo de Compromisso, se tratando de maternidades. Para asCentrais de Regulação do Samu 192,Centros de Parto NormaleCentros de Atenção Psicossocial, a formalização será via transferências Fundo a Fundo. Já a formalização do atendimento para novasAmbulâncias do Samu 192se dará por Termo de Doação.\n\nAgora cabe ao Comitê Gestor do PAC, coordenado pela Casa Civil, confirmar a inclusão no Programa, mas os municípios já estão autorizados a procurar o ministério para dar início aos trâmites necessários à continuidade do processo. A pasta poderá editar normas complementares para orientar prazos e disposições relativas à formalização das parcerias tratadas nas portarias."
}