{
    "url": "https://www.gov.br/saude/pt-br/assuntos/noticias/2024/novembro/gestores-da-saude-de-minas-gerais-agradecem-renovacao-da-frota-do-samu",
    "titulo": "Gestores da saúde de Minas Gerais agradecem renovação da frota do SAMU",
    "descricao": "Ministra Nísia Trindade recebeu deputados e prefeitos do estado mineiro nesta terça-feira (26). Novo PAC está possibilitando a universalização de serviços essenciais na rede pública do país, como é o caso do SAMU",
    "subtitulo": "SAMU 192",
    "categoria": "Saúde e Vigilância Sanitária",
    "autora": "Ministério da Saúde",
    "tags": [
        "atenção especializada à saúde",
        "samu 192",
        "parlamentares",
        "minas gerais"
    ],
    "data_publi": "26/11/2024",
    "texto": "Nesta terça-feira (26), a ministra Nísia Trindade recebeu, em Brasília, parlamentares e gestores de 11 municípios do norte de Minas Gerais. Uma das pautas foi a ampliação da frota doServiço de Atendimento Móvel de Urgência (SAMU)do Macro Norte. A comitiva mineira agradeceu pela entrega de ambulâncias, uma vez que os veículos estavam sem renovação desde a gestão anterior. Na ocasião, a ministra da Saúde reforçou a importância do diálogo tripartite. “É por meio desta troca que fortalecemos o nosso SUS”, disse.\n\n“O SAMU é um serviço de extrema importância para a população. Iniciamos o processo de renovação da frota na região norte de Minas. Entre o fim desse ano até o início de 2025, os municípios devem receber os novos veículos”, declarou a ministra Nísia Trindade.\n\nONovo PACestá possibilitando a universalização de serviços essenciais na rede pública, como é o caso do SAMU. O Ministério da Saúde estima que mais 6,6 milhões de brasileiros passem a receber cobertura de emergência. Em quatro anos, a cobertura vai passar de 87% para mais de 90% da população brasileira, ampliando o acesso a esse serviço que estava estagnado desde 2017.\n\nO deputado federal Paulo Guedes, presente na agenda, estacou a agilidade do Ministério da Saúde. “Desde o primeiro momento em que apresentamos a nossa demanda para a ministra Nísia, ela e toda a equipe do Ministério da Saúde se prontificaram em nos ajudar na renovação das ambulâncias do SAMU”, frisou.\n\nA ministra Nísia também reforçou que além das entregas das novas frotas, a pasta tem reforçado a atenção à saúde no estado. “O programaMais Acesso a Especialistasjá está recebendo planos das ações regionais para melhorar o cuidado com a população. Com isso, poderemos reduzir o tempo de espera e as filas por procedimentos”, explicou.\n\nO Serviço de Atendimento Móvel de Urgência é um dos componentes da Política Nacional de Atenção às Urgências do Ministério da Saúde. O serviço pode ser acessado pelo número \"192\", que oferece orientações à população e envia veículos tripulados por equipes especializadas.\n\nAlém do parlamentar e de prefeitos mineiros, estavam presentes na reunião o coordenador-geral de Assuntos Parlamentares do Ministério da Saúde, Marroni dos Santos, e o secretário deAtenção Primária, Felipe Proenço."
}