{
    "url": "https://www.gov.br/saude/pt-br/assuntos/noticias/2024/maio/ministerio-da-saude-amplia-vacinacao-contra-a-gripe",
    "titulo": "Ministério da Saúde amplia vacinação contra a gripe",
    "descricao": "Agora, todas as pessoas acima de 6 meses de idade podem se vacinar",
    "subtitulo": "AMPLIAÇÃO",
    "categoria": "Saúde e Vigilância Sanitária",
    "autora": "Ministério da Saúde",
    "tags": [
        "vigilância em saúde e ambiente",
        "influenza",
        "vacina",
        "ampliação"
    ],
    "data_publi": "01/05/2024",
    "texto": "A partir de agora, todas as pessoas com mais de 6 meses de idade já podem se vacinar contra a gripe. O Ministério da Saúde anunciou a ampliação da campanha para todas as faixas etárias. A ministra da Saúde, Nísia Trindade, destacou a importância dessa medida. “A vacinação é essencial para proteger a saúde da população e evitar a propagação, especialmente durante as estações mais frias, quando a incidência da gripe tende a aumentar”.\n\nVale lembrar que a Região Norte do país iniciou avacinaçãocontra a gripe em novembro do ano passado, tornando-se pioneira nessa antecipação. Por esse motivo, essa região não está incluída nesta nova etapa da campanha.\n\nInício da campanha em públicos prioritários aconteceu em março\n\nAcampanha de vacinação contra a gripeem 2024 começou mais cedo nas Regiões Nordeste, Centro-Oeste, Sul e Sudeste, com as vacinas sendo distribuídas para as Unidades Federadas e seus respectivos municípios logo no início de março, focada em grupos prioritários.\n\nCom a ampliação, o Ministério da Saúde busca garantir uma maior cobertura vacinal e, consequentemente, uma redução nas complicações e internações causadas pelagripe. A vacinação é uma das ferramentas mais eficazes para evitar surtos e garantir a saúde da população durante as estações do outono e inverno.\n\nMesmo com a ampliação para todas as pessoas acima de 6 meses, o Ministério da Saúde ressalta a importância de proteger os grupos mais vulneráveis a complicações da gripe, como gestantes, puérperas, idosos, crianças menores de cinco anos e pessoas com comorbidades ou condições clínicas especiais.\n\nEstados e municípios\n\nCom a ampliação da campanha, os estados e municípios têm autonomia para definir os públicos, de acordo com seus estoques de vacina."
}