{
    "url": "https://www.gov.br/saude/pt-br/assuntos/noticias/2024/junho/saude-seleciona-projetos-com-foco-no-uso-de-evidencias-para-a-tomada-de-decisao",
    "titulo": "Saúde seleciona projetos com foco no uso de evidências para a tomada de decisão",
    "descricao": "Manifestações de interesse devem ser enviadas até 19 de julho de 2024",
    "subtitulo": "COOPERAÇÃO TÉCNICA",
    "categoria": "Saúde e Vigilância Sanitária",
    "autora": "Vicente RamosMinistério da Saúde",
    "tags": [
        "ciência e tecnologia em saúde",
        "políticas de saúde",
        "desenvolvimento institucional",
        "hospital sírio-libanês"
    ],
    "data_publi": "28/06/2024",
    "texto": "O Ministério da Saúde, em parceria com o Hospital Sírio-Libanês, o Conselho Nacional de Secretários de Saúde (Conass) e o Conselho Nacional de Secretarias Municipais de Saúde (Conasems), está selecionando organizações doSistema Único de Saúde (SUS)interessadas em participar do projeto de Apoio à Institucionalização de Políticas Informadas por Evidências, no triênio 2024/2026.\n\nA manifestação de interesse em participar da seleção deve ser feita por meio de formulário, até 19 de julho. A divulgação das organizações selecionadas será no dia 5 de agosto. Para mais detalhes, consulte oedital do Hospital Sírio-Libanês.\n\nPodem se candidatar secretarias estaduais e municipais de saúde, além de secretarias do próprio Ministério da Saúde, assim como departamentos ou setores específicos destas instituições, com a anuência dos responsáveis das respectivas organizações.\n\nO projeto visa contribuir na institucionalização da gestão de Políticas de Saúde Informadas por Evidências (Espie), por meio do estabelecimento de cooperação técnica para capacitação de pessoas e apoio institucional no desenvolvimento de análise situacional. Além disso, visa a implementação de planos para fortalecer o uso de evidências no processo de tomada de decisão.\n\nCritérios de seleção\n\nAs manifestações de interesse serão analisadas pelos representantes do Ministério da Saúde, por meio do Departamento de Ciência e Tecnologia daSecretaria de Ciência, Tecnologia e Inovação e do Complexo Econômico-Industrial da Saúde (Sectics), assim como representantes do Conass e Conasems, considerando: 1) o adequado preenchimento do formulário de inscrição; 2) a representatividade das regiões brasileiras; e 3) a justificativa da organização em participar do projeto, conforme explicitado no formulário de inscrição.\n\nAs organizações selecionadas firmarão termo de cooperação com o Hospital Sírio-Libanês para participar do projeto. Esta cooperação não implicará em obrigações de natureza financeira que envolvam transferências de recursos entre os participantes.\n\nProadi-SUS\n\nO projeto de Apoio à Institucionalização de Políticas Informadas por Evidências (Espie), no triênio 2024/2026, integra oPrograma de Apoio ao Desenvolvimento Institucional do Sistema Único de Saúde (Proadi-SUS), desenvolvido para colaborar com o fortalecimento do SUS."
}