{
    "url": "https://www.gov.br/saude/pt-br/assuntos/noticias/2024/novembro/ministra-da-saude-e-consorcio-nordeste-debatem-mais-acesso-a-especialistas-e-acoes-para-a-reducao-da-dengue",
    "titulo": "Ministra da Saúde e Consórcio Nordeste debatem Mais Acesso a Especialistas e ações para a redução da dengue",
    "descricao": "Durante o encontro, Nísia Trindade reforçou os compromissos do Ministério da Saúde com as demandas e ressaltou a importância da parceria para fortalecer o SUS",
    "subtitulo": "INTEGRAÇÃO",
    "categoria": "Saúde e Vigilância Sanitária",
    "autora": "Edjalma BorgesMinistério da Saúde",
    "tags": [
        "atenção especializada à saúde",
        "mais acesso a especialistas",
        "telessaúde",
        "saúde da família"
    ],
    "data_publi": "07/11/2024",
    "texto": "A ministra da Saúde, Nísia Trindade, se reuniu nesta quinta-feira (7), em Brasília, com representantes do Consórcio Interestadual de Desenvolvimento Sustentável do Nordeste (Consórcio Nordeste) para debater sobre oPrograma Mais Acesso a Especialistas (PMAE)e o plano de ação para o controle da dengue e outras arboviroses, além de outros temas prioritários para o fortalecimento doSistema Único de Saúde (SUS)na região.\n\nDurante a agenda, foram alinhadas estratégias para o plano regional do PMAE,ações para a redução de impactos da dengue e outras arboviroses, entre outras iniciativas como o telessaúde.\n\nA ministra da Saúde, Nísia Trindade, reforçou os compromissos do Ministério da Saúde com as demandas do Consórcio Nordeste e destacou as contribuições fundamentais da região para o desenvolvimento do Programa Mais Acesso a Especialistas (PMAE) e para ações de controle da dengue.\n\n“O PMAE é um programa que promove reformas estruturais essenciais para garantir cuidado integrado e, sobretudo, integral aos pacientes que dependem do SUS. É fundamental que discutamos ações para o enfrentamento à dengue e outras arboviroses, que afetam tanto a nossa população. Quero destacar também que temos tido uma dinâmica produtiva e muita cooperação entre secretários e secretárias, e agradeço a todos pela colaboração em todos esses temas”, ressaltou a ministra.\n\nA presidente do Consórcio Nordeste, Fátima Bezerra, destacou que a oportunidade da reunião para reforçar o valor do diálogo federativo na expansão e fortalecimento do SUS, especialmente no Nordeste.\n\n“Os temas aqui discutidos, como o combate às arboviroses e o atendimento social inclusivo, são essenciais e refletem os desafios que enfrentamos. A parceria com o Ministério da Saúde é fundamental para essa reconstrução”, afirmou Fátima.\n\nO encontro contou com a presença da governadora do Rio Grande do Norte e presidente do Consórcio Nordeste, Fátima Bezerra, dos governadores do Piauí, Rafael Fonteles, do Ceará, Elmano de Freitas e da Bahia, Jerônimo Rodrigues, que participou por videoconferência, e secretários de saúde dos estados.  O encontrou também contou com a presença dos secretários do Ministério da Saúde: Swendeberguer Barbosa, secretário Executivo, Felipe Proenço, secretário de Atenção Especializada; Adriano Massuda, secretário de Atenção Especializada à Saúde; Ana Estela Haddad, secretária da Saúde Digital; e Rivaldo Venâncio, secretário adjunto de Vigilância em Saúde e Ambiente.\n\nConheça mais sobre o financiamento e contratualização do PMAE"
}