{
    "url": "https://www.gov.br/saude/pt-br/assuntos/noticias/2023/outubro/conheca-detalhes-da-acao-do-governo-federal-para-enfrentar-a-estiagem-e-os-incendios-no-amazonas",
    "titulo": "Conheça detalhes da ação do Governo Federal para enfrentar a estiagem e os incêndios no Amazonas",
    "descricao": "Reforço nas equipes de combate a incêndio, ações para recuperar navegabilidade de rios, medidas de assistência social e antecipação de benefícios para reduzir efeitos da seca e de incêndios na região",
    "subtitulo": "ESTIAGEM NO AMAZONAS",
    "categoria": "",
    "autora": "\"Desde o primeiro momento, estamos garantindo total apoio ao governo estadual e às prefeituras. Nossa missão é auxiliar na elaboração de planos de trabalho e fornecer, com a maior brevidade, ajuda humanitária ao povo da Amazônia neste momento desafiador\"",
    "tags": [
        "estiagem",
        "incêndio",
        "seca",
        "amazonas"
    ],
    "data_publi": "13/10/2023",
    "texto": "Com 58 dos 62 municípios do Amazonas em estado de calamidade e/ou de emergência em função da intensa estiagem na região, o Governo Federal mobilizou técnicos, secretários, ministros e instituições para articular parcerias com o estado e municípios para ajudar a mitigar os efeitos das queimadas e da seca nos rios. Nas últimas semanas, já foram anunciadas ações de defesa civil, de dragagem de rios, de antecipação de benefícios, de parcerias para elaborar planos de trabalho para a defesa civil, de repasses de cestas básicas e de aumento do efetivo de combate a incêndios.\n\nConfira as principais atualizações por tema e outras ações já anunciadas:\n\nMeio Ambiente\n\nIbama\n\nAtuação contra incêndios\n\nPlano de contingência\n\nDesenvolvimento e Assistência Social\n\nPortos e Aeroportos\n\nMinas e Energia (MME)\n\nMinistério da Saúde\n\nEstiagem extrema e queimada no Amazonas: saiba quais são as recomendações do Ministério da Saúde para proteger a população\n\nO Ministério da Saúde recomenda uma série de medidas para a população do Amazonas, que enfrenta um período de seca severa nas últimas semanas. As orientações foram apresentadas nesta sexta-feira (13) pelo diretor do Departamento de Emergências em Saúde Pública do Ministério da Saúde, Márcio Garcia, em entrevista coletiva em Brasília (DF).\n\n\"Temos que tentar evitar a exposição à fumaça e à poluição do ar. Para quem pode, é ficar dentro de casa. Evitar estar próximo aos locais de queimadas. Fechar a porta e a janela, manter o ambiente ventilado e beber muita água. Cuidar da limpeza de mãos e do rosto diminui a contaminação na pele. É o que pode ser feito nesse momento para a saúde. É o que a gente está orientando para a população\", resumiu o diretor Marcio Garcia.\n\nAs principais recomendações para a população amazonense e de outras cidades da região Norte do país que tiveram o céu coberto por fumaça são:\n\nO estado do Amazonas enfrenta um período de seca severa que, até o momento, já afetou 60 municípios, sendo 10 em estado de alerta e 50 em situação de emergência, atingindo aproximadamente mais de 134 mil famílias. Com a condição extrema de falta de chuvas, há o aumento do risco de focos de queimadas e incêndios florestais, que já se aproximam da área urbana de Manaus, gerando níveis elevados de poluição.\n\nNesta segunda-feira (16), a ministra da Saúde, Nísia Trindade, vai a Manaus (AM) para tratar do enfrentamento à estiagem e incêndios no Amazonas. Ela irá se reunir com gestores locais e irá anunciar recursos do Ministério da Saúde para ampliar o atendimento da população na região.\n\nAté o momento, o Ministério da Saúde já enviou para o estado do Amazonas sete kits calamidade, com capacidade de atender 10,5 mil pessoas por até um mês, e mais 71,5 mil unidades de medicamentos para intubação orotraqueal (IOT). Além disso, cinco técnicos da Pasta estão no Amazonas para apoiar a gestão da emergência e na vigilância da água e ar com o objetivo de articular ações de saúde a serem realizadas emergencialmente.\n\nO Ministério da Saúde segue monitorando a situação no Amazonas e outros estados impactados pela seca, e mais insumos podem ser enviados a partir novas solicitações.\n\nMinistério da Saúde\n\nO que disseram na Coletiva de 13/10\n\nMarina Silva, ministra do Meio Ambiente e das Mudanças Climáticas\n\n“Não é apenas o estado do Amazonas, são várias frentes que estão sendo afetadas pelo El Niño, seja por chuvas extremas ou estiagem extrema. Nesse momento estamos vivendo uma situação de emergência climática no Brasil”.\n\n\"A atitude correta é atacar as causas, por isso que desde o começo nossa abordagem é enfrentar o desmatamento, mudar o modelo de desenvolvimento, porque as pessoas precisam continuar trabalhando, se alimentando, vivendo. Por isso o plano de transformação ecológica, por isso os investimentos em bioeconomia, por isso investimentos em agricultura regenerativa, por isso o plano safra já com base de transição para agricultura de baixo carbono\".\n\n“Nós temos duas frentes de incêndios: uma é o incêndio por desmatamento, que é mais no Sul do Amazonas. A outra é no entorno de Manaus, onde há incêndios urbanos, como queima e limpeza de quintais. Isso cria uma situação insustentável para a população, com prejuízos grandes, principalmente para crianças e idosos”.\n\nWaldez Góes, ministro da Integração e Desenvolvimento Regional"
}