{
    "url": "https://www.gov.br/saude/pt-br/assuntos/noticias/2024/setembro/iec-sedia-treinamento-sobre-vigilancia-de-arboviroses-e-uso-de-plataforma-de-monitoramento",
    "titulo": "IEC sedia treinamento sobre vigilância de arboviroses e uso de plataforma de monitoramento",
    "descricao": "Evento capacitou profissionais para fortalecer a vigilância de arboviroses na Amazônia, além de trazer informações sobre o uso da plataforma SISS-Geo",
    "subtitulo": "VIGILÂNCIA",
    "categoria": "Saúde e Vigilância Sanitária",
    "autora": "Vanessa CampêloMinistério da Saúde",
    "tags": [
        "vigilância em saúde e ambiente",
        "arboviroses",
        "monitoramento",
        "instituto evandro chagas"
    ],
    "data_publi": "06/09/2024",
    "texto": "Entre segunda (2) e hoje (6), o Instituto Evandro Chagas (IEC) sediou o 'Treinamento em Vigilância de Arboviroses Zoonóticas Aplicado à Vigilância Animal e Oficina para Formação de Multiplicadores no Uso da Plataforma SISS-Geo'. Promovido pela Coordenação Geral de Vigilância das Arboviroses (CGARB) do Ministério da Saúde, com o apoio do Centro Nacional de Primatas (CENP), o evento teve como objetivo capacitar profissionais para fortalecer a vigilância dearbovirosessilvestres na Amazônia. A ideia é possibilitar a melhoria da qualidade dos dados de vigilância e dos fluxos de notificação e investigação de eventos suspeitos (humanos e animais), além de favorecer a produção de informação oportuna e aumentar a capacidade de vigilância e resposta dos serviços de saúde.\n\nA metodologia utilizada durante o treinamento envolveu tanto a teoria quanto a prática, com atividades realizadas no CENP, na mata do IEC e nos laboratórios da Seção de Arbovirologia e Febres Hemorrágicas. O treinamento também incluiu a formação de multiplicadores no uso da plataforma SISS-Geo, uma ferramenta importante para o monitoramento em tempo real de doenças na fauna silvestre, ajudando a antecipar surtos que possam afetar os seres humanos.\n\nSegundo Pedro Henrique Passos, consultor técnico da CGARB, o Ministério da Saúde vem aprimorando a utilização do SISS-Geo desde 2019 como uma ferramenta estratégica para a detecção precoce de surtos de arboviroses em animais. “O fortalecimento dessa vigilância é crucial, especialmente na Região Norte, onde essas doenças são endêmicas. A antecipação na detecção dos vírus em animais pode impedir que eles se espalhem para a população humana”, ressaltou.\n\nCerca de 30 pessoas participaram da capacitação, incluindo gestores e técnicos especializados nas áreas de vigilância animal, epizootias, zoonoses, vigilância epidemiológica e ambiental das secretarias estaduais e municipais de saúde do estado do Pará, além de pesquisadores e tecnologistas do IEC e do CENP.\n\nSobre o SISS-Geo\n\nO SISS-Geo é uma plataforma computacional que tem como um dos principais objetivos gerar, a partir dos registros georreferenciados informados pelos usuários, modelos de alerta de ocorrências de agravos na fauna silvestre, especialmente aqueles com potencial de acometimento humano, e modelos de previsão de oportunidades ecológicas para a emergência de doenças.\n\nSobre as arboviroses\n\nAsarbovirosessão um grupo de doenças virais transmitidas principalmente por artrópodes, como mosquitos e carrapatos. A palavra 'arbovirose' deriva de 'arbovírus', que significa 'vírus transmitido por artrópodes'. Essas enfermidades podem causar uma variedade de sintomas, desde febre leve até complicações mais sérias, sendo algumas delas potencialmente fatais. Dentre as arboviroses mais conhecidas, destacam-se dengue, Zika, chikungunya, oropouche e febre amarela."
}