{
    "url": "https://www.gov.br/saude/pt-br/assuntos/noticias/2024/dezembro/hoje-e-o-dia-d-mobilizacao-nacional-contra-a-dengue-acontece-em-todo-o-pais-neste-sabado-14",
    "titulo": "Hoje é o DIA D: Mobilização nacional contra a dengue acontece em todo o país neste sábado (14)",
    "descricao": "Iniciativa une Governo Federal, estados, municípios e sociedade civil com ações por todo o Brasil. Ministério da Saúde ampliou recursos para o controle da doença em 50%, totalizando R$ 1,5 bilhão",
    "subtitulo": "DIA D CONTRA DENGUE",
    "categoria": "Saúde e Vigilância Sanitária",
    "autora": "Edjalma BorgesMinistério da Saúde",
    "tags": [
        "vigilância em saúde e ambiente",
        "arboviroses",
        "dengue",
        "dia d"
    ],
    "data_publi": "14/12/2024",
    "texto": "O Dia D de Mobilização contra a Dengue acontece neste sábado (14) em todas as regiões do país. Realizado pelo Ministério da Saúde, o evento conta com a participação da população para conter o mosquitoAedes aegypti, transmissor dadengue,zikaechikungunya.\n\nA mobilização nacional é um chamado para que cada brasileiro tome medidas simples e eficazes para eliminar os focos do mosquito. “Com apenas 10 minutos por semana, podemos salvar vidas. Precisamos eliminar criadouros dentro de casa e descartar corretamente recipientes que acumulam água. Este é um esforço conjunto e contamos com a participação de todos”, anuncia a ministra da Saúde, Nísia Trindade.\n\nAções educativas\n\nAo longo do dia, agentes comunitários de saúde e de combate às endemias estarão uniformizados e identificados, visitando residências para orientar as famílias e ajudar a eliminar focos do mosquito. “Receber bem os agentes doSistema Único de Saúde (SUS)é fundamental para que a prevenção seja eficiente”, reforça a ministra.\n\nAlém das visitas domiciliares, ações educativas, mutirões de limpeza e outras iniciativas estão sendo realizadas em todo o território nacional.\n\nCenário epidemiológico\n\nDe acordo com oBoletim InfoDengue, os casos de dengue continuam a crescer, especialmente nas regiões Sul e Sudeste. Minas Gerais, Paraná e Distrito Federal lideram em número de casos.\n\nInvestimentos e tecnologias\n\nComo parte doPlano de Ação 2024/2025de enfrentamento às arboviroses, o Ministério da Saúde investiu R$ 1,5 bilhão no controle da dengue, um aumento de 50% em relação ao ciclo anterior.\n\nEntre as ações estão:\n\nPrevenção é a melhor alternativa\n\nPara conter a dengue, a principal medida é eliminar os focos de água parada, ambiente propício para a reprodução do mosquitoAedes aegypti. É fundamental virar garrafas e recipientes com a boca para baixo, tampar caixas d’água, tambores e cisternas, além de limpar e trocar regularmente a água de vasos de plantas e pratos. Manter o quintal limpo também é essencial: terrenos baldios e áreas externas devem estar livres de entulhos, enquanto os pratinhos de plantas devem conter areia para evitar o acúmulo de água. O descarte correto do lixo é outra prática indispensável.\n\nA limpeza frequente de recipientes que armazenam água, como bebedouros de animais, utilizando escova e sabão, deve ser uma rotina. Calhas também precisam ser inspecionadas e desobstruídas para prevenir o acúmulo de água. Objetos desnecessários, como pneus velhos, latas e plásticos, devem ser descartados ou armazenados de forma que não acumulem líquidos. Lonas e plásticos devem ser dobrados adequadamente para evitar a formação de poças.\n\nA proteção contra as picadas do mosquito é outra etapa importante. Utilizar telas em janelas e portas, aplicar repelentes durante o dia e vestir roupas claras que cubram braços e pernas são medidas eficazes. Além disso, piscinas, fontes e reservatórios de água devem ser inspecionados regularmente, principalmente em áreas com grande incidência da doença. Participar de ações comunitárias, como mutirões de limpeza, e conscientizar vizinhos sobre os cuidados necessários fortalece o combate ao mosquito.\n\nEm caso de suspeita de dengue, cujos sintomas incluem febre alta, dor de cabeça, dores no corpo e manchas na pele, é essencial buscar atendimento médico imediato. A prevenção continua sendo a melhor arma contra a doença, e cada cidadão tem um papel crucial nesse esforço coletivo.\n\nCampanha nacional de conscientização\n\nO Ministério da Saúde também intensificaa segunda fase da campanha nacionalcontra a dengue, zika e chikungunya. O slogan “Tem sintomas? A hora de ficar atento à dengue, zika e chikungunya é agora” alerta para sinais como febre, manchas vermelhas no corpo e dores atrás dos olhos, incentivando a busca por atendimento nas Unidades Básicas de Saúde (UBSs).\n\nConheça a campanha\n\nAssista ao convite da ministra da Saúde e participe do Dia D\n\n"
}