{
    "url": "https://www.gov.br/saude/pt-br/assuntos/noticias/2024/agosto/abertas-ate-30-de-agosto-inscricoes-para-submissao-de-pesquisas-em-avaliacoes-de-acoes-em-saude",
    "titulo": "Abertas até 30 de agosto inscrições para submissão de pesquisas em avaliações de ações em saúde",
    "descricao": "Trabalhos selecionados irão subsidiar a tomada de decisão por parte dos gestores do Ministério da Saúde",
    "subtitulo": "CHAMADA PÚBLICA",
    "categoria": "Saúde e Vigilância Sanitária",
    "autora": "Vicente RamosMinistério da Saúde",
    "tags": [
        "ciência e tecnologia em saúde",
        "pesquisa",
        "cnpq",
        "avaliações de políticas"
    ],
    "data_publi": "09/08/2024",
    "texto": "O Ministério da Saúde lançou a Chamada Pública de Avaliações de Políticas, Programas, Projetos e Ações em Saúde, com o investimento de R$ 1,5 milhão. Desenvolvida pelaSecretaria de Ciência, Tecnologia e Inovação e do Complexo Econômico-Industrial da Saúde (Sectics), a iniciativa é resultado de uma parceria com o Conselho Nacional de Desenvolvimento Científico e Tecnológico (CNPq). Pesquisadores doutores podem submeter propostas de pesquisas até o dia 30 de agosto.\n\nAcesse o edital da chamada pública\n\nAs linhas de pesquisa abrangem saúde indígena, educação em saúde, doenças crônicas não transmissíveis, promoção da saúde, saúde da criança, saúde da população negra e plantas medicinais e fitoterápicos.\n\nO objetivo da chamada é apoiar projetos de estudos que visem contribuir significativamente para o desenvolvimento científico, tecnológico e de inovação do país. Além disso, que subsidiem e apoiem a tomada de decisão por parte dos gestores do Ministério da Saúde."
}