{
    "url": "https://www.gov.br/saude/pt-br/assuntos/noticias/2024/dezembro/conheca-5-passos-para-enfrentar-o-capacitismo-e-promover-inclusao",
    "titulo": "Conheça 5 passos para enfrentar o capacitismo e promover inclusão",
    "descricao": "Redes Sociais do Ministério da Saúde reforçam a importância de ações simples, mas essenciais, para promover a desconstrução do capacitismo. Pasta lança também cartilha com orientações para o respeito à diversidade humana",
    "subtitulo": "INCLUSÃO E EQUIDADE",
    "categoria": "Saúde e Vigilância Sanitária",
    "autora": "Vanessa RodriguesMinistério da Saúde",
    "tags": [
        "atenção especializada à saúde",
        "capacitismo",
        "pessoa com deficiência",
        "inclusão"
    ],
    "data_publi": "05/12/2024",
    "texto": "No Dia Internacional das Pessoas com Deficiência, celebrado em 3 de dezembro, o Ministério da Saúde lançou uma campanha nasredes sociaisque destaca o enfrentamento ao capacitismo como tema central. A proposta é promover o letramento da sociedade sobre essa forma de discriminação, destacando como ela impacta a vida das pessoas com deficiência e reforçando a necessidade de construir uma sociedade mais inclusiva. A pasta criou ainda uma cartilha que traz orientações para o respeito à diversidade humana, promovendo uma comunicação mais respeitosa.\n\nConheça a cartilha 'Combata o Capacitismo'\n\nO que é capacitismo?\n\nCapacitismo é qualquer tipo de discriminação ou exclusão direcionada a pessoas com deficiência, seja por ação ou omissão, que prejudique ou negue o reconhecimento de seus direitos fundamentais.\n\nEssa forma de discriminação está enraizada em atitudes, políticas e estruturas que limitam a dignidade e as oportunidades das pessoas com deficiência. Superar o capacitismo requer mudanças estruturais de comportamento no âmbito pessoal, social e institucional.\n\nCinco passos para enfrentar o capacitismo\n\nPromovendo a inclusão e o bem-estar\n\nO capacitismo faz mal à saúde. Ele impacta o bem-estar emocional e psicológico das pessoas com deficiência, gerando isolamento, estresse e sofrimento. Além disso, perpetua desigualdades que limitam o acesso à saúde de qualidade e a uma vida plena. São ações simples, mas essenciais, para começar a mudar suas atitudes e contribuir ativamente para a desconstrução do capacitismo.\n\nAcompanhe a entrevista com Arthur de Almeida Medeiros, coordenador-Geral deSaúde da Pessoa com Deficiênciado Ministério da Saúde, que trouxe informações relevantes sobre o tema e a importância de rever comportamentos e atitudes.\n\nComo enfrentar o capacitismo?\n\nArthur Medeiros:O primeiro passo para combater o capacitismo é reconhecer sua existência e compreender como ele opera. Muitas vezes, crenças capacitistas são normalizadas, como assumir que pessoas com deficiência são menos capazes ou que precisam constantemente de ajuda. É importante refletir sobre essas ideias, buscar educação sobre o tema e ouvir as vivências das pessoas com deficiência.\n\nComo o Ministério ampliou a participação das pessoas com deficiência na formulação de políticas públicas de saúde?\n\nArthur Medeiros:Em 2023, houve o processo de reformulação e atualização da Política Nacional de Atenção Integral à Saúde das Pessoas com Deficiência, e este processo contou com duas consultas públicas. Estas consultas públicas foram fundamentais para identificar as reais demandas da sociedade para que pudéssemos avançar em uma política que de fato busca atender as necessidades de saúde da população.\n\nQual a participação da sociedade no enfrentamento ao capacitismo?\n\nArthur Medeiros:Reconhecer o capacitismo é o primeiro passo: É preciso identificar ideias preconcebidas e buscar aprendizado sobre o tema. Promover a acessibilidade é outro ponto importante e vai além de rampas. Inclui recursos digitais e atitudes respeitosas. E por último, uma sociedade inclusiva exige ação coletiva. Empresas, escolas e órgãos governamentais devem adotar práticas inclusivas.\n\nO senhor poderia exemplificar alguns termos capacitistas?\n\nArthur Medeiros:Alguns termos que podem ter substituições práticas:\n\nEssas adaptações ajudam a construir uma comunicação mais respeitosa. Enfrentar o capacitismo e promover a inclusão é um compromisso coletivo que beneficia toda a sociedade. Uma comunidade verdadeiramente inclusiva valoriza a dignidade humana, celebra a diversidade e garante que todas as pessoas tenham as mesmas oportunidades para prosperar e participar plenamente."
}