{
    "url": "https://www.gov.br/saude/pt-br/assuntos/noticias/2024/julho/ministra-nisia-participa-de-caminhada-pelos-201-anos-da-independencia-da-bahia",
    "titulo": "Ministra Nísia participa de caminhada pelos 201 anos da Independência da Bahia",
    "descricao": "Acompanhada do presidente Lula e da ministra da Cultura, Margareth Menezes, a gestora do Ministério da Saúde participou da comemoração e seguiu para agenda em Recife",
    "subtitulo": "2 DE JULHO",
    "categoria": "Saúde e Vigilância Sanitária",
    "autora": "Ana FreireMinistério da Saúde",
    "tags": [
        "atenção especializada à saúde",
        "mais médicos",
        "caminhada",
        "bahia"
    ],
    "data_publi": "02/07/2024",
    "texto": "Nesta terça-feira, 2 de julho, as ruas de Salvador foram tomadas pela comemoração dos 201 anos da Independência da Bahia. A ministra da Saúde, Nísia Trindade, participou de uma caminhada ao lado da ministra da Cultura, Margareth Menezes, e do presidente Luiz Inácio Lula da Silva, que exaltou a força dos movimentos populares. Após o compromisso, Nísia e Lula seguiram para Recife (PE) para realizar o anúncio de entregas na região.\n\nO dia 2 de julho de 1823 foi marcado pela resistência do povo ao expulsarem as tropas portuguesas que resistiam à independência do Brasil, declarada no ano anterior por Dom Pedro II. Para Lula, a data tem o mesmo peso que o 7 de setembro, celebrado e relembrado todos os anos no território nacional.\n\n“A nossa independência foi um acordo feito entre a elite que governava o Brasil naquela época e transformaram aquilo na data oficial, mas a verdadeira independência se deu aqui na Bahia. Foi aqui que o povo foi para a rua defender a expulsão dos portugueses e a ascensão dos brasileiros, dos negros, dos indígenas, das pessoas que moravam na Bahia”, afirmou o presidente.\n\nAções na Bahia\n\nOntem (1º), Nísia e Lula anunciaram, na capital baiana, a abertura de mais 3,1 mil oportunidades para oPrograma Mais Médicos. A novidade deste ciclo é que o governo federal vai disponibilizar vagas no regime de cotas para pessoas com deficiência e grupos étnico- raciais, como negros, quilombolas e indígenas. Com o incremento de profissionais na rede pública de saúde, mais de 10,6 milhões de brasileiros serão beneficiados.\n\nTambém foram anunciadas a construção de três policlínicas por meio doNovo PAC – Eixo Saúde. As cidades contempladas são Camaçari, Remanso e Itapetinga, somando investimento de R$ 90 milhões nas três unidades, que vão contar com consultas presenciais, teleconsultas em diferentes especialidades e serviços de diagnóstico e terapia em nível ambulatorial."
}