{
    "url": "https://www.gov.br/saude/pt-br/assuntos/noticias/2024/novembro/saude-raca-e-clima-sao-temas-de-boletim-informativo-apoiado-pelo-ministerio-da-saude",
    "titulo": "Saúde, raça e clima são temas de boletim informativo apoiado pelo Ministério da Saúde",
    "descricao": "Publicação destaca a importância de reconhecer e combater o racismo ambiental e suas implicações na saúde das populações vulnerabilizadas",
    "subtitulo": "­­BRASIL SAUDÁVEL",
    "categoria": "Saúde e Vigilância Sanitária",
    "autora": "Swelen BotaroMinistério da Saúde",
    "tags": [
        "vigilância em saúde e ambiente",
        "racismo ambiental",
        "populações vulnerabilizadas",
        "mudanças climáticas"
    ],
    "data_publi": "29/11/2024",
    "texto": "No mês dedicado à consciência negra, oCentro Brasileiro de Justiça Climática(CBJC) lança oBoletim Saúde, Raça e Clima 2024. O documento tem como objetivo mobilizar e engajar pessoas e instituições sobre o tema da incidência do racismo ambiental e saúde das populações vulnerabilizadas, além de inspirar políticas públicas mais inclusivas e sustentáveis, que garantam a justiça social e ambiental para todos.\n\n“O boletim está em total sintonia com o trabalho desenvolvido no Ministério da Saúde, dando destaque à urgência de enfrentar o racismo ambiental e promover a equidade em saúde, especialmente em tempos de crises climáticas”, ressalta aSecretária de Vigilância em Saúde e Ambiente (SVSA), Ethel Maciel.\n\nAnalisando dados e políticas públicas, o boletim faz um retrato da população brasileira, demonstrando que as injustiças sociais e ambientais afetam desproporcionalmente grupos étnicos, especialmente a população negra, povos indígenas e comunidades tradicionais. “Os dados do censo de 2022 do IBGE sobre acesso aos serviços públicos, como saneamento básico, confirmam a estrutura de racismo ambiental. Em todo país, a proporção pelo quesito raça/cor, mostrou que existem desigualdades no acesso às redes de serviços de saneamento básico e instalações sanitárias nos domicílios: declararam ter acesso 91,8% das pessoas amarelas, 83,5% das pessoas brancas, 75,0% das pessoas pretas, 68,9% das pessoas pardas e 29,9% das pessoas indígenas”, relata o texto.\n\nEm sua estrutura, o documento apresenta e discute os impactos do racismo ambiental e das mudanças climáticas na saúde da população. Além disso, apresenta importantes experiências territoriais, como doCentro de Medicina Indígena Bahserikowiem Manaus e oCentro de Integração na Serra da Misericórdiano Rio de Janeiro, como modelos de promoção da saúde e justiça ambiental.\n\nPor parte do Ministério da Saúde, o CBJC destaca ações como a publicação doGuia de Bolso: Mudanças Climáticas para Profissionais de Saúde, o incentivo à criação doObservatório de Clima e Saúde(Fiocruz), o desenvolvimento doPainel Vigiar, a publicação do Boletim Epidemiológica: Saúde da População NegraVolume 1eVolume 2, além da criação da Assessoria para Equidade Racial em Saúde, vinculada ao gabinete da Ministra Nísia Trindade, e replicadas nas secretarias da pasta."
}