{
    "url": "https://www.gov.br/saude/pt-br/assuntos/noticias/2024/fevereiro/abertas-inscricoes-para-processo-seletivo-do-curso-de-aperfeicoamento-de-preceptores",
    "titulo": "Abertas inscrições para processo seletivo do Curso de Aperfeiçoamento de Preceptores",
    "descricao": "Edital publicado hoje (21) vai disponibilizar 2.800 vagas. Inscrições serão abertas na próxima segunda-feira (26)",
    "subtitulo": "RESIDÊNCIAS EM SAÚDE",
    "categoria": "Saúde e Vigilância Sanitária",
    "autora": "Ministério da Saúde",
    "tags": [
        "trabalho e educação na saúde",
        "preceptores",
        "residência médica",
        "residências em saúde"
    ],
    "data_publi": "21/02/2024",
    "texto": "Visando qualificar e fortalecer asresidências em saúdeno país, o Ministério da Saúde publicoueditalpara a seleção de preceptores de Programas de Residência Médica ou Residência em Área Profissional da Saúde (uniprofissional e multiprofissional) para o Curso de Aperfeiçoamento de PreceptoresdeResidências em Saúde.\n\nO edital disponibiliza 2.800 vagas para o curso, que será ofertado na modalidade EaD pela Secretaria de Gestão do Trabalho e da Educação na Saúde (SGTES), em parceria com a Fundação Oswaldo Cruz (Fiocruz) e a Secretaria-Executiva da Universidade Aberta do SUS (SE/UnaSUS).  Ao realizar a qualificação, o profissional receberá mensalmente um incentivo financeiro no valor de R$ 2.100, pelo período máximo de seis meses.\n\nAs inscrições podem ser feitas no período de 26 de fevereiro a 21 de março, por meio deformulário eletrônico disponível no portal. Para mais informações, o e-mail de contato é:edital-residencia@saude.gov.br.\n\nA preceptoria é um componente fundamental na qualidade do processo formativo de residentes visto que preceptores são responsáveis por integrar o ensino e o serviço, a teoria e a prática, além de compartilhar experiências e conhecimentos junto ao residente, contribuindo para o desenvolvimento de competências para a realização de atividades profissionais confiáveis.Nove áreas temáticas\n\nA oferta educacional terá uma carga horária mínima de 180 horas e carga horária máxima de 245 horas a serem cumpridas no prazo de 6 meses, composto por 23 microcursos, abrangendo nove áreas temáticas:\n\nO público-alvo do edital são preceptores de Programas de Residência Médica ou de Residência em Área Profissional da Saúde, vinculados às instituições proponentes, credenciadas pela Comissão Nacional de Residência Médica (CNRM) ou pela Comissão Nacional de Residência Multiprofissional (CNRMS), cuja natureza jurídica seja pública ou privada sem fins lucrativos."
}