{
    "url": "https://www.gov.br/saude/pt-br/assuntos/noticias/2024/janeiro/primeiro-biobanco-de-tumores-em-minas-gerais-prioriza-pesquisa-sobre-mama-e-ovario",
    "titulo": "Primeiro biobanco de tumores de Minas Gerais prioriza pesquisa sobre mama e ovário",
    "descricao": "Criado e mantido com financiamento do Programa Nacional de Apoio à Atenção Oncológica, reservatório ajuda a identificar marcadores de tumores para tratamento no SUS",
    "subtitulo": "SAÚDE DA MULHER",
    "categoria": "Saúde e Vigilância Sanitária",
    "autora": "Ministério da Saúde",
    "tags": [
        "secretaria executiva",
        "pronon",
        "atenção oncológica "
    ],
    "data_publi": "26/01/2024",
    "texto": "Em Belo Horizonte, uma pesquisa inédita ajuda a identificar marcadores de tumores de mama ou de ovários de 250 mulheres, pacientes do Instituto Mário Penna. Em pouco mais de um ano, com cerca de 1500 tubos armazenados no 1º Biobanco de Tumores de Minas Gerais, a pesquisa em andamento identifica as mutações e as respostas das pacientes ao tratamento. Tanto o reservatório, quanto a pesquisa são desenvolvidos viaPrograma Nacional de Apoio à Atenção Oncológica (Pronon).\n\nO principal objetivo do estudo é buscar a identificação de marcadores tumorais teciduais na biópsia tumoral e de biomarcadores tumorais circulantes no sangue das pacientes, a fim de permitir o desenvolvimento de um painel de biomarcadores para câncer de mama e ovário, como uma estratégia de oncologia de precisão, por biópsia líquida, acessível no Sistema Único de Saúde (SUS).\n\n“Queremos fazer com que tecnologias de última geração possam se tornar mais acessíveis para os pacientes que fazem tratamento oncológico no SUS”, diz a pesquisadora e coordenadora do projeto, Letícia Braga.\n\nSegundo a pesquisadora, alguns resultados já podem ser observados. “Nós estamos identificando mutações nos tumores das pacientes, que podem ser detectadas circulando no sangue dessas mulheres, como uma estratégia de biópsia líquida, ou seja, como uma estratégia de diagnóstico minimamente invasiva”.\n\nAlgumas amostras já foram sequenciadas pela pesquisa e as detecções no sangue das pacientes estão sendo padronizadas por ensaios de PCR digital, para desenvolvimento da tecnologia. “Além desse estudo, estamos trabalhando com a caracterização da resposta imune das pacientes para entender qual seria o conjunto de marcadores que poderiam mostrar quais tumores mais agressivos ou menos agressivos e as pacientes elegíveis para imunoterapia”, destaca Letícia.\n\nEntenda o que é um Biobanco\n\nOs biobancos são reservatórios de materiais biológicos - tecidos, sangue, material genético, entre outros - de longa duração, que ficam disponíveis para serem utilizados em várias pesquisas científicas.\n\nEles são responsáveis pelo armazenamento e gerenciamento de amostras de diversos tipos de materiais humanos, sob responsabilidade da instituição coletora, de acordo com normas e padrões nacionais e internacionais.\n\nTodo e qualquer material coletado pertence ao indivíduo de origem, mas pode ser armazenado e administrado em estruturas adequadas para fins específicos de pesquisa. Isso pressupõe o consentimento prévio, livre e esclarecido, do participante, bem como a aprovação do Comitê de Ética em Pesquisa da instituição onde o material será armazenado."
}