{
    "url": "https://www.gov.br/saude/pt-br/assuntos/noticias/2024/junho/coordenacao-de-vigilancia-em-saude-ambiental-participa-de-workshop-internacional",
    "titulo": "Coordenação de Vigilância em Saúde Ambiental participa de workshop internacional",
    "descricao": "Encontro tratou da acessibilidade econômica no desenvolvimento do saneamento rural e reuniu entidades da América Latina",
    "subtitulo": "TREINAMENTO",
    "categoria": "Saúde e Vigilância Sanitária",
    "autora": "Marcella MotaMinistério da Saúde",
    "tags": [
        "vigilância em saúde e ambiente",
        "saneamento rural",
        "workshop"
    ],
    "data_publi": "12/06/2024",
    "texto": "Nos dias 4 e 5 de junho, a Coordenação de Vigilância em Saúde Ambiental do Departamento de Vigilância em Saúde Ambiental e Saúde do Trabalhador (CGVAM), vinculada àSecretaria de Vigilância em Saúde e Ambiente (SVSA), esteve presente no workshop internacional \"Diálogos SIRWASH: políticas públicas para acessibilidade econômica aos serviços de água e saneamento rural no contexto dos países da América Latina e Caribe\". A iniciativa é uma parceria entre a Agência Suíça para o Desenvolvimento e Cooperação (COSUDE) e o Banco Interamericano de Desenvolvimento (BID), com apoio da Fundação Nacional de Saúde (Funasa).\n\nO workshop teve como objetivo fomentar o diálogo entre os países da América Latina e Caribe (ALC) e outras nações envolvidas na cooperação Sul-Sul, visando analisar e propor políticas públicas que garantam a acessibilidade econômica aos serviços de saneamento rural. O evento destacou a importância de respeitar os direitos humanos e promover o esgotamento sanitário de forma sustentável e adequada ao contexto rural dos países participantes.\n\nRepresentando a SVSA, o servidor Fábio David Vasconcelos Reis, coordenador-geral substituto de Vigilância em Saúde Ambiental, ressaltou a importância da colaboração internacional para o desenvolvimento de soluções inovadoras e sustentáveis para os desafios de saneamento nas áreas rurais.\"Foi um evento onde foram discutidas algumas experiências exitosas de políticas de saneamento rural, com o foco na acessibilidade econômica, em busca de encontrar orientações sobre mecanismos e estratégias adequadas\", afirmou Fábio.\n\nO encontro proporcionou um espaço para a troca de experiências e conhecimentos, com a apresentação de casos de sucesso e a discussão de estratégias que possam ser adaptadas e implementadas em diferentes contextos rurais da região ALC. A colaboração entre os diferentes países e organizações envolvidas é vista como fundamental para alcançar soluções efetivas e duradouras para os desafios de saneamento rural, promovendo a saúde pública e o bem-estar das comunidades rurais.\n\nPrograma SIRWASH\n\nO programa SIRWASH, uma colaboração entre o BID e a COSUDE, visa melhorar os ambientes de inovação, promover o intercâmbio de conhecimento e disseminar regulamentos facilitadores. O objetivo é capacitar comunidades rurais, especialmente as populações vulneráveis, a obterem serviços de água, saneamento e higiene de qualidade e sustentáveis.\n\nCom um foco especial em Brasil, Bolívia, Haiti e Peru, o programa  também atua em nível regional e global. No Brasil, em parceria com a Funasa, o programa tem como objetivo geral ampliar o acesso das populações rurais e comunidades tradicionais a serviços de saneamento básico adequados e sustentáveis. Esta iniciativa é vista como um importante impulsor para a implantação do Programa Nacional de Saneamento Rural do país."
}