{
    "url": "https://www.gov.br/saude/pt-br/assuntos/noticias/2024/julho/ministerio-da-saude-investe-r-234-milhoes-em-nove-chamadas-publicas-para-pesquisa-em-saude",
    "titulo": "Ministério da Saúde investe R$ 234 milhões para pesquisas em saúde",
    "descricao": "Até o fim do ano, será destinado um total de R$ 400 milhões. Editais de chamadas públicas envolvem temáticas diversas, de genômica à prevenção à desinformação",
    "subtitulo": "CHAMADAS PÚBLICAS",
    "categoria": "Saúde e Vigilância Sanitária",
    "autora": "Para saber mais sobre editais, acesse osite do CNPq",
    "tags": [
        "ciência e tecnologia em saúde",
        "chamadas públicas",
        "conferência nacional",
        "pesquisas"
    ],
    "data_publi": "31/07/2024",
    "texto": "A ministra da Saúde, Nísia Trindade, anunciou, nesta quarta-feira (31), a publicação de nove Chamadas Públicas de incentivo à pesquisa em saúde com investimento de R$ 234 milhões. O lançamento ocorreu hoje durante o segundo dia de atividades da V Conferência Nacional de Ciência, Tecnologia & Inovação (5ª CNCT&I).\n\nO objetivo é promover atividades de pesquisa, desenvolvimento e inovação em saúde, além de implantar e recuperar infraestruturas institucionais de ciência, tecnologia e inovação. Elas são elaboradas com foco nas prioridades de saúde do Brasil, abordando temas estratégicos e prioritários para oSistema Único de Saúde (SUS).\n\nAs chamadas, conforme explicou a ministra, são orientadas por princípios estratégicos. “Esses princípios revelam uma visão de ciência também, a exemplo da importância da transdisciplinaridade e o fortalecimento de redes pesquisa”, disse. “As inovações e o desenvolvimento tecnológico em saúde devem ser pensados e inseridos nos sistemas de saúde e não como algo à parte”, completou.\n\nOs editais são parte integrante da Estratégia Nacional de Ciência e Tecnologia de 2024, que inclui 11 Chamadas Públicas destinadas ao incentivo à pesquisa em saúde este ano, totalizando um investimento anual de R$ 406,2 milhões. No segundo semestre de 2024, está previsto o lançamento da 8ª edição doPrograma Pesquisa para o SUS (PPSUS). No primeiro semestre do mesmo ano, foi divulgada a Chamada Pública Nº 12/2024 de Apoio a Eventos Técnico-Científicos em Saúde, no valor de R$ 2 milhões.\n\nEm 2024, o orçamento total do Ministério da Saúde para a Política Nacional de CT&I totaliza R$ 556,3 milhões, cinco vezes mais do que o de 2022, quando o investimento foi de R$ 116,7 milhões. As ações no campo da pesquisa, por meio do Ministério da Saúde, representam ações concretas do governo em prol da Ciência, Tecnologia e Inovação (CT&I) como ponto central de uma política de Estado capaz de transformar a saúde em vetor de desenvolvimento. As Chamadas foram lançadas em parceria com o Conselho Nacional de Desenvolvimento Científico e Tecnológico (CNPq), parceiro do Ministério da Saúde.\n\nO lançamento das nove chamadas públicas para seleção de pesquisas contemplam as seguintes temáticas:\n\nSobre as chamadas públicas\n\nAs pesquisas contratadas por meio de Chamada Pública estão sujeitas às regras previstas no edital e possuem fases e de monitoramento e de avaliação dos projetos, para que os resultados tenham a maior potencialidade de implementação no SUS. As propostas contempladas deverão ser executadas em até três anos. Ao longo da execução das pesquisas, os resultados serão apresentados aos gestores do Ministério da Saúde, para que políticas públicas sejam aprimoradas e para que a sociedade tenha acesso a novas tecnologias em saúde.\n\nEssas ações refletem a prioridade do Governo Federal em fortalecer e aprimorar políticas públicas em saúde baseadas na ciência, com as melhores evidências científicas disponíveis. As Chamadas Públicas promovem o desenvolvimento científico e tecnológico e a inovação em saúde, considerando os compromissos político, ético e técnico, que contribuem para a equidade em saúde e a sustentabilidade do SUS."
}