{
    "url": "https://www.gov.br/saude/pt-br/assuntos/noticias/2024/janeiro/governo-lanca-os-editais-do-concurso-publico-nacional-unificado",
    "titulo": "Governo lança os editais do Concurso Público Nacional Unificado",
    "descricao": "Ministra da Gestão anuncia formato de inscrições, taxas e editais do processo que selecionará, de uma só vez, 6.640 servidores para 21 órgãos públicos federais",
    "subtitulo": "RECONSTRUÇÃO",
    "categoria": "Saúde e Vigilância Sanitária",
    "autora": "Com informações do Ministério da Gestão e da Inovação em Serviços Públicos",
    "tags": [
        "reconstrução",
        "cpnu",
        "editais cpnu",
        "blocos temáticos cpnu"
    ],
    "data_publi": "10/01/2024",
    "texto": "O governo federal, por meio do Ministério da Gestão e Inovação em Serviços Públicos (MGI), lança nesta quarta-feira (10/1), um conjunto de oito editais do Concurso Público Nacional Unificado (CPNU). Esses oito editais representam os diferentes blocos temáticos contemplados nesse processo de seleção (confira abaixo), em modelo que amplia a possibilidade de escolha da vaga, respeitando a vocação e o perfil profissional de cada candidato. Isso ocorre porque o CPNU permitirá a inscrição para mais de um cargo, desde que no mesmo eixo temático. A prova será realizada no dia 5 de maio e contará com avaliações objetivas específicas e dissertativas, por área de atuação.\n\nO CPNU representa um passo essencial para o processo de reconstrução do Estado brasileiro, ao promover a recuperação das capacidades das organizações governamentais afetadas pelas políticas de redução do papel do Estado e de desmantelamento institucional praticadas pelos últimos governos. Nos últimos seis anos, o governo federal perdeu 73 mil servidores.\n\nO “Enem dos concursos” vai selecionar, de uma só vez, 6.640 servidores para 21 órgãos públicos federais (órgãos e entidades da Administração Pública Federal direta, autárquica e fundacional). As inscrições estarão abertas entre 19 de janeiro e 9 de fevereiro. A prova do dia 5 de maio será aplicada em 220 cidades, localizadas em todas as Unidades da Federação, com questões objetivas específicas e dissertativas por área de atuação. O MGI estima que o certame receba de 2 milhões a 3 milhões de inscritos.\n\nA divulgação dos resultados das provas objetivas e preliminares das provas discursivas e redações será no dia 3 de junho. Os resultados finais serão anunciados em 30 de julho. Em 5 de agosto terá início a etapa de convocação para posse e realização de cursos de formação.\n\nInscrições\n\nA taxa de inscrição será de R$ 60 para vagas de nível médio; e de R$ 90 para vagas de nível superior. Estão isentos desse pagamento os candidatos que integram o Cadastro Único para Programas Sociais (CadÚnico); aqueles que cursam ou cursaram faculdade pelo Fundo de Financiamento ao Estudante do Ensino Superior (Fies) ou pelo Programa Universidade para Todos (ProUni); assim como aqueles que realizaram transplante de medula óssea.\n\nPara se inscrever, o candidato deve acessar sua conta na plataforma Gov.br. A conta Gov.br garante a correta identificação de cada cidadão que acessa os serviços digitais do governo. Em seguida, é necessário preencher os formulários e anexar os documentos exigidos no edital. No momento da inscrição, o candidato fará a escolha pelas carreiras, que estarão divididas em oito blocos temáticos. Cada bloco reúne as carreiras que possuem semelhanças entre si.\n\nAs inscrições devem feitas pelo próprio candidato e apenas pela plataforma Gov.br. Serão aceitos todos os níveis de conta na plataforma Gov.br (ouro, prata ou bronze).\n\nO CPNU permitirá a inscrição para a disputa por vagas para mais de um cargo, desde que dentro do mesmo bloco temático, com taxa de inscrição única. Ao concorrer a mais de um cargo, o candidato deverá classificar as vagas de interesse por ordem de preferência para definir a prioridade em uma possível chamada, que será baseada na nota alcançada.\n\nEm política afirmativa e inclusiva, o MGI reservou percentuais para cotas específicas no CPNU: 5% do total de vagas de cada um dos cargos a candidatos com deficiência e 20% a candidatos negros, além de 30% das vagas para a Fundação Nacional dos Povos Indígenas (Funai) para candidatos de origem indígena.\n\nRecomposição\n\nAo longo de 2023, o governo autorizou uma primeira rodada de concursos, em esforço inicial para a recomposição das necessidades de alguns órgãos públicos federais em termos de pessoal, para fazer frente às aposentadorias ocorridas na última década. O CPNU vai aprofundar esse processo, indo além da contratação de novos profissionais, e também permitindo que seja construído um serviço público com a cara do Brasil. O MGI já autorizou concursos para mais de 8 mil vagas, visando reforçar principalmente as áreas finalísticas de atuação do governo.\n\nA retomada dos concursos públicos é uma das partes mais importantes da estratégia de Transformação do Estado do Governo Lula. A recomposição da força de trabalho do setor público é fundamental para a entrega dos serviços públicos pelas quais o governo federal é responsável.\n\nO pagamento de benefícios da seguridade social, a fiscalização trabalhista, o licenciamento ambiental, as políticas educacionais, a proteção dos povos indígenas, dentre outras, são exemplos de áreas em que o estrago derivado da quase uma década de suspensão de reposição de servidores públicos causou na administração pública federal.\n\nO processo de reconstrução do Estado brasileiro já contou com medidas como aEmenda Constitucional nº 126, de 21 dezembro de 2022, que permitiu aprovar o aumento do salário mínimo, o reforço do Bolsa Família e a recomposição dos salários dos servidores públicos; e aLei nº 14.600, de 19 de junho de 2023, que recriou e criou ministérios, permitindo ao governo fortalecer o Estado e reerguer as políticas públicas.\n\nOs blocos temáticos estão divididos da seguinte forma:\n\n•        Bloco 1 – Infraestrutura, Exatas e Engenharias\n\n•        Bloco 2 – Tecnologia, Dados e Informação\n\n•        Bloco 3 – Ambiental, Agrário e Biológicas\n\n•        Bloco 4 – Trabalho e Saúde do Servidor\n\n•        Bloco 5 – Educação, Saúde, Desenvolvimento Social e Direitos Humanos\n\n•        Bloco 6 – Setores Econômicos e Regulação\n\n•        Bloco 7 – Gestão Governamental e Administração Pública\n\n•        Bloco 8 – Nível Intermediário\n\nAcesse os blocos temáticos, órgãos, cargos, especialidades e quantidade de vagas."
}