{
    "url": "https://www.gov.br/saude/pt-br/assuntos/noticias/2024/dezembro/expansao-dos-servicos-de-saude-mental-ultrapassa-meta-prevista-para-2024",
    "titulo": "Expansão dos serviços de saúde mental ultrapassa meta prevista para 2024",
    "descricao": "Entre janeiro e novembro deste ano, foram habilitados 134 novos Caps. Além disso, 26 serviços foram qualificados para aprimorar a atenção oferecida",
    "subtitulo": "ATENÇÃO PSICOSSOCIAL",
    "categoria": "Saúde e Vigilância Sanitária",
    "autora": "Pedro SibahiMinistério da Saúde",
    "tags": [
        "atenção especializada à saúde",
        "saúde mental",
        "centro de convivência",
        "atenção psicossocial"
    ],
    "data_publi": "13/12/2024",
    "texto": "O Ministério da Saúde habilitou 3.019Centros de Atenção Psicossocial (Caps)em todo o país, o que corresponde a 100,2% da meta prevista noPlano Nacional de Saúde (PNS)para 2024.\n\nEste é um importante marco do fortalecimento daRede de Atenção Psicossocial (Raps)no Brasil. Os CAPS oferecem serviços em caráter aberto e comunitário, destinados ao atendimento de pessoas com sofrimento mental, incluindo aquele decorrente do uso de álcool e outras drogas, seja em situações de crise ou nos processos de reabilitação psicossocial. Os CAPS contam com equipes diversificadas trabalhando em conjunto para atender às necessidades da população.\n\nA rede atualmente é composta por:\n\nEntre janeiro e novembro deste ano, foram habilitados 134 novos Caps. Além disso, 26 serviços foram qualificados para aprimorar a atenção oferecida.\n\nAtualmente, estão em tramitação processos para habilitação de mais 16 unidades. Essa ampliação reflete as articulações da pasta para promover o acesso mais amplo e qualificado aos serviços de saúde mental em todo o Brasil, bem como garantir atenção integral à saúde mental da população.\n\nRegulamentação\n\nNa segunda-feira (9), foi publicada aPortaria nº 5.738/2024, que regulamenta a inclusão dos Centros de Convivência (CeCo) como parte integrante da Rede de Atenção Psicossocial.\n\n“Trinta e dois anos após a primeira experiência dessa iniciativa, o Ministério da Saúde entra no circuito para assumir o compromisso de encontrar uma solução e alcançar essa conquista para a população brasileira”, comentou a diretora doDepartamento para Saúde Mental, Álcool e Outras Drogas (Desmad), Sônia Barros.\n\nO documento define o centro de convivência como um ponto de atenção de saúde mental complementar e potencializador das ações de cuidados em saúde, sendo um espaço de convívio entre diferentes pessoas e grupos da comunidade, com intervenção nas dimensões individual e coletiva.\n\nEsses espaços são destinados ao acolhimento e convivência e promovem reabilitação psicossocial, autonomia e fortalecimento de laços sociais."
}