{
    "url": "https://www.gov.br/saude/pt-br/assuntos/noticias/2024/outubro/as-arboviroses-tambem-decorrem-das-mudancas-climaticas-diz-secretario-executivo-em-entrevista",
    "titulo": "“As arboviroses também decorrem das mudanças climáticas”, diz secretário-executivo em entrevista",
    "descricao": "Secretário Swedenberger Barbosa concedeu entrevista ao programa ‘CB Poder’, do Correio Braziliense. As ações de promoção à saúde do idoso também foram citadas",
    "subtitulo": "NA MÍDIA",
    "categoria": "Saúde e Vigilância Sanitária",
    "autora": "Ana FreireMinistério da Saúde",
    "tags": [
        "secretaria executiva",
        "arboviroses",
        "mudanças climáticas",
        "saúde do idoso"
    ],
    "data_publi": "01/10/2024",
    "texto": "Durante entrevista ao programa ‘CB Poder’, do Correio Braziliense, nesta terça-feira (1º), o secretário executivo do Ministério da Saúde, Swedenberger Barbosa, reforçou as ações da pasta em relação às mudanças climáticas e a sua correlação com o aumento dasarbovirosesno país. Outro tema do bate-papo foi a celebração do Dia Nacional e Internacional do Idoso, com abordagem sobre oscuidados em saúde desse público.\n\nNos últimos meses, o Brasil tem enfrentado situações extremas em relação ao clima. Após asenchentesque assolaram o Rio Grande do Sul, a população está vivenciando o aumento exponencial dasqueimadasem todo o território nacional. Sobre essa pauta, o secretário explicou o papel da pasta no enfrentamento à crise climática.\n\n“É uma agenda internacional que implica em ações imediatas do nosso governo. Estamos atuando em diversos biomas para controlar a fragilidade da população em relação às doenças respiratórias, infecções, desnutrição, insegurança alimentar e até mesmo a saúde mental. As emergências climáticas não estão restritas à saúde. É um problema para todo o Brasil”, declarou Swedenberger.\n\nO secretário lembrou ainda a influência que as mudanças climáticas têm no aumento das arboviroses. E citou oplano de açãopara redução dos impactos das arboviroses, lançado no último mês pelo presidente Lula e o Ministério da Saúde, que marcou a antecipação das estratégias de prevenção àdenguee outras enfermidades. “Temos umasala permanente de situaçãono ministério integrada com o Conass, Conasems e Anvisa de acompanhamento e monitoramento para adequar as políticas públicas a esse cenário”, informou.\n\n“Desde já, estamos trabalhando no plano de emergência, em campanhas de educação e conscientização da população, que têm papel fundamental nesse combate, e em mudanças nos serviços de saúde junto aos gestores públicos. Precisamos adequar a atenção às pessoas com estrutura resiliente, sistema de monitoramento e avaliação, além de colaboração multissetorial”, observou.\n\nSaúde da população idosa\n\nPerguntado sobre as políticas implementadas para melhorar a saúde da população acima de 60 anos, Swedenberger destacou o aumento da expectativa de vida como resultado dos serviços prestados pelo governo. Atualmente, os idosos representam 33 milhões de brasileiros, uma média de 16% da população. Desde 2010, são 56% pessoas a mais dentro dessa faixa etária.\n\n“Há um aumento, em média, de 1,2 milhão de idosos por ano, o que exige maior complexidade dos nossos sistemas. Para isso, estamos trabalhando no cuidado integral à saúde do idoso  juntamente com os ministérios dos Direitos Humanos e do Desenvolvimento Social”, finalizou o secretário."
}