{
    "url": "https://www.gov.br/saude/pt-br/assuntos/noticias/2024/setembro/programas-de-residencia-medica-sao-discutidos-durante-plenaria-da-comissao-nacional",
    "titulo": "Programas de residência médica são discutidos durante plenária da comissão nacional",
    "descricao": "Colegiado se reuniu às vésperas do Congresso Brasileiro de Residência Médica, que será realizado até domingo (15), em Belo Horizonte",
    "subtitulo": "RESIDÊNCIA MÉDICA",
    "categoria": "Saúde e Vigilância Sanitária",
    "autora": "Anna IungMinistério da Saúde",
    "tags": [
        "atenção primária",
        "residência médica",
        "congresso",
        "ensino-serviço"
    ],
    "data_publi": "12/09/2024",
    "texto": "O secretário-adjunto deAtenção Primária à Saúde (Saps), Jérzey Timóteo, participou, na quarta-feira (11), da7ª reunião ordinária da Comissão Nacional de Residência Médica (CNRM), para discutir ações que auxiliem a melhoria do exercício da medicina, principalmente noSistema Único de Saúde. A plenária aconteceu antes da abertura do Congresso Brasileiro de Residência Médica (Cobem), realizado de hoje (12) a domingo (15), em Belo Horizonte.\n\nJérzey destacou a importância de debater o diagnóstico situacional daresidência médicano Brasil com todos os membros das entidades médicas, estados e municípios com o objetivo de qualificar os programas de residência médica.\n\n“A Saps, assim como a atenção primária em todo o Brasil, tem um interesse especial na discussão da residência médica, não só os programas de Medicina de Família e Comunidade, que para nós é referência de formação, mas também das demais especialidades que usam a atenção primária à saúde (APS) como campo de prática. E como podemos garantir unidades de integração ensino-serviço e qualidade a todos os residentes que passam por esse nível de atenção”, destacou o secretário-adjunto.\n\nCNRM\n\nA comissão é composta por 12 organizações, entre elas o Conselho Nacional de Secretários de Saúde (Conass) e o Conselho Nacional de Secretarias Municipais de Saúde (Conasems).\n\nEntre suas competências estão a regulação, supervisão e avaliação dos programas de residência médica, o credenciamento e descredenciamento de instituições para a oferta desses programas, a organização de avaliações educacionais referentes ao tema e a promoção da participação da sociedade no aprimoramento da residência médica no país, entre outras."
}