{
    "url": "https://www.gov.br/saude/pt-br/assuntos/noticias/2024/outubro/abertas-as-inscricoes-para-seminario-sobre-uso-de-evidencias-cientificas-na-producao-de-politicas-publicas",
    "titulo": "Abertas as inscrições para seminário sobre uso de evidências científicas na produção de políticas públicas",
    "descricao": "Evento é direcionado a pesquisadores, gestores públicos, além de estudantes, e ocorrerá na primeira semana de novembro, em formato híbrido",
    "subtitulo": "POLÍTICAS PÚBLICAS",
    "categoria": "Saúde e Vigilância Sanitária",
    "autora": "Ministério da Saúde",
    "tags": [
        "ciência e tecnologia em saúde",
        "evidências científicas",
        "políticas públicas",
        "seminário"
    ],
    "data_publi": "29/10/2024",
    "texto": "Estão abertas as inscrições para participação no “Seminário Políticas Públicas Informadas por Evidências: práticas e desafios para avaliação, monitoramento e uso de evidências”, que será realizado entre os dias 5 e 7 de novembro, em Brasília. O evento é direcionado a pesquisadores, gestores públicos das esferas federal, estadual e municipal, além de estudantes. Para participar, basta acessara página do seminárioe realizar sua inscrição.\n\nConfira a programação completa do Seminário Políticas Públicas Informadas por Evidências\n\nOrganizado pela Fiocruz Brasília em parceria com o Instituto de Pesquisa Econômica Aplicada (Ipea), o seminário conta com apoio do Ministério da Saúde, da Empresa Brasileira de Pesquisa Agropecuária (Embrapa), da Escola Nacional de Administração Pública (Enap) e do Conselho Nacional de Desenvolvimento Científico e Tecnológico (CNPq).\n\nDurante o encontro, serão apresentadas mesas temáticas abordando a aplicação de metodologias de monitoramento, avaliação e uso de evidências em políticas públicas, além de uma oficina voltada para o fortalecimento da produção conjunta entre as instituições participantes.\n\nO evento será realizado em formato híbrido, com sessões presenciais nas sedes das instituições organizadoras e transmissão on-line peloscanais oficiais da Fiocruz Brasíliae doIpea no YouTube.\n\nServiço:Seminário Políticas Públicas Informadas por Evidências: práticas e desafios para avaliação, monitoramento e uso de evidências\n\nData:5 de novembro, das 8h30 às 18h– primeiro diaLocal:Sede do Ipea - Auditório Anna Peliano - SEPS 702/902 Sul - Bloco C – Brasília/DFTransmissão pelo canal do Ipea no YouTube\n\nData:6 de novembro, das 8h30 às 18h– segundo diaLocal:Auditório externo da Fiocruz Brasília - Avenida L3 Norte, s/n, Campus Universitário Darcy Ribeiro, UnBTransmissão pelo canal da Fiocruz Brasília no YouTube\n\nData:7 de novembro, das 9h às 12h– terceiro diaLocal:Auditório ​externo da Fiocruz Brasília - Avenida L3 Norte, s/n, Campus Universitário Darcy Ribeiro, UnB"
}