{
    "url": "https://www.gov.br/saude/pt-br/assuntos/noticias/2024/outubro/webinario-debate-as-acoes-da-participacao-social-diante-da-emergencia-climatica",
    "titulo": "Webinário debate as ações da participação social diante da emergência climática",
    "descricao": "Iniciativa é do Mapa Colaborativo dos Movimentos Sociais em Saúde (MapaMovSaúde) e será na próxima segunda (28), às 10h30",
    "subtitulo": "SAÚDE E MEIO AMBIENTE",
    "categoria": "Saúde e Vigilância Sanitária",
    "autora": "Ministério da Saúde",
    "tags": [
        "secretaria executiva",
        "mudanças climáticas",
        "mapa colaborativo",
        "webinário"
    ],
    "data_publi": "25/10/2024",
    "texto": "Inundações,secaseincêndiosrecentemente vivenciados em nosso país mostram a ligação direta das emergências sanitárias com as mudanças estruturais, numa escala sem precedentes, pelas quais o meio ambiente vem passando, e a necessidade de um amplo debate social com participação ativa dos movimentos sociais. Suas experiências, vivências e reivindicações junto às esferas governamentais e articulações com as demais instâncias da sociedade civil vão estar no centro do debate do1º Webinário MapaMovSaúde: Emergência climática e o papel da participação social no processo de transição socioecológica, que acontece na segunda-feira (28), às 10h30, com transmissão online pelos canais doMapaMovSaúdee doConselho Nacional de Saúde(CNS), noYoutube.\n\nPara abordar o tema, o evento online terá como convidados Moisés Borges, da coordenação nacional do Movimento dos Atingidos por Barragens (MAB); de Marta de Freitas, da coordenação do Movimento pela Soberania Popular na Mineração (MAM); e de Sergio “Chocolate” Reis, de setorial saúde do Movimento dos Trabalhadores Rurais Sem Terra (MST).\n\nEm comum, estes movimentos representam populações com forte vinculação ao território nos quais habitam e atuam, além de pautarem a necessidade da transição energética e da adoção de modelos sustentáveis e cooperados de produção e consumo como alternativa às iniquidades em saúde e resposta social aos impactos da crise climática.\n\nLarissa Barros, coordenadora executiva da5ª Conferência Nacional do Meio Ambiente (CNMA), prevista para ser realizada no próximo ano, completa a lista de debatedores. A mediação será de Lucia Souto, assessora-chefe da Assessoria de Participação Social e Diversidade do Ministério da Saúde (APSD/MS) e de Fernando Pigatto, presidente do CNS.\n\n“A emergência climática é um tema estratégico diante das mudanças estruturais do clima que nosso país e todo o planeta vêm passando, motivando esta escolha para nosso primeiro webinário, juntando, assim, os debates da saúde e do meio ambiente”, explica Lucia Souto, que destaca o papel dos três movimentos nacionais convidados para este web-encontro. “Nosso olhar será para as ações e experiências concretas que MST, MAB e MAM têm tido junto ao cotidiano dos territórios nos quais atuam e os diálogos necessários para essa transição socioecológica tão necessária para o Brasil”.\n\nSobre o MapaMovSaúde\n\nOMapa Colaborativo dos Movimentos Sociais em Saúde - MapaMovSaúde- é uma plataforma online colaborativa que visa dar visibilidade aos movimentos sociais em saúde em todo o Brasil. Iniciativa conjunta do Ministério da Saúde, Fundação Oswaldo Cruz (Fiocruz) e Conselho Nacional de Saúde (CNS), o projeto, por meio de suas ferramentas abertas e colaborativas, busca fortalecer a participação social no Sistema Único de Saúde (SUS).\n\nServiço\n\nWebinário MapaMovSaúde: Emergência climática e o papel da participação social no processo de transição socioecológicaData:28 de outubroHorário:10h30 às 12h"
}