{
    "url": "https://www.gov.br/saude/pt-br/assuntos/noticias/2024/setembro/mais-medicos-ganha-forca-em-um-ano-de-retomada-e-conta-com-mais-de-26-mil-profissionais-ativos",
    "titulo": "Mais Médicos ganha força em um ano de retomada e conta com mais de 26 mil profissionais ativos",
    "descricao": "O programa foi um dos temas de discussão da 9ª Reunião da Comissão Intergestores Tripartite (CIT)",
    "subtitulo": "ATENÇÃO PRIMÁRIA",
    "categoria": "Saúde e Vigilância Sanitária",
    "autora": "Ministério da Saúde",
    "tags": [
        "atenção primária",
        "mais médicos",
        "provimento",
        "intergestores tripartite"
    ],
    "data_publi": "27/09/2024",
    "texto": "A distribuição de vagas de provimento do Programa Mais Médicos foi uma das pautas da9ª Reunião da Comissão Intergestores Tripartite (CIT), realizada nesta quinta-feira (26), na sede da Organização Pan-Americana da Saúde (Opas), em Brasília.\n\nNa reunião, aSecretaria de Atenção Primária à Saúde (Saps)apresentou proposta de ajustes na portaria que trata da distribuição de vagas, as diretrizes e os critérios para seu dimensionamento e a metodologia de sua priorização nos municípios.\n\nA ideia é que, com a mudança, os critérios para o dimensionamento que interligam o Mais Médicos e o Médicos pelo Brasil sejam aperfeiçoados. Também haverá ampliação no limite da distribuição de vagas. Outra novidade é a atualização periódica dapágina do Mais Médicos.\n\n“Acredito que hoje apresentamos o primeiro balanço sistemático do Mais Médicos após a sua retomada no ano passado. É a primeira vez que temos a maior permanência de médicos no programa”, declarou a ministra da saúde, Nísia Trindade, durante o evento.\n\nO Mais Médicos foi relançado em 2023. Após um ano e meio de retomada programa, 26,5 mil profissionais estão atuando em 4,5 mil municípios brasileiros. Os dados em tempo real podem ser acompanhados no Painel de Monitoramento do programa.\n\nO programa ganhou força ao levar profissionais para regiões onde há escassez ou ausência deles e investir na qualificação e formação desses profissionais, buscando, assim, resolver a questão emergencial do atendimento básico ao cidadão, mas também criando condições para continuar a garantir um atendimento qualificado no futuro para aqueles que acessam cotidianamente o SUS.\n\nO mais recente edital de contratação contou com oferta de vagas afirmativas, no regime de cotas, para pessoas com deficiência e grupos étnico-raciais, como negros, quilombolas e indígenas. Mais de 10,6 milhões de brasileiros serão beneficiados.\n\nComissão Intergestores Tripartite\n\nAComissão Intergestores Tripartite (CIT)atua como um espaço de negociação, articulação e diálogo aberto entre os gestores do Sistema Único de Saúde. A CIT é composta por representantes do Ministério da Saúde, do Conselho Nacional de Secretário de Saúde (Conass) e do Conselho Nacional de Secretaria Municipais de Saúde (Conasems).\n\nA CIT tem como objetivos fortalecer a governança do SUS, priorizar a responsabilidade das instituições, além de garantir a transparência nas decisões e também assegurar o acesso integral à saúde.\n\nTemas em debate\n\nAlém da apresentação sobre o Programa Mais Médicos, a reunião também abordou as seguintes discussões:\n\nPactuações\n\nOs gestores também pactuaram na reunião:\n\nAlém disso, também houve a pactuação da alteração da minuta de resolução de consolidação CIT, que dispõe sobre as Macrorregiões Interestaduais de Saúde (MIS), apresentada pela Secretaria Executiva (SE).\n\nPara o secretário executivo, Swedenberger Barbosa, as pactuações fazem com que o funcionamento do SUS seja mais eficiente. “As pactuações são de extrema importância para o avanço da relação intergestores”, explicou.\n\nAssista a reunião na íntegra\n\n"
}