{
    "url": "https://www.gov.br/saude/pt-br/assuntos/noticias/2023/dezembro/dr-antonio-carlos-figueira",
    "titulo": "Dr. Antônio Carlos Figueira",
    "descricao": "",
    "subtitulo": "NOTA DE PESAR",
    "categoria": "Saúde e Vigilância Sanitária",
    "autora": "A importante e ativa voz de Dr. Antônio Carlos Figueira na luta pelo fortalecimento do sistema público de saúde é um legado e estará para sempre em nossas memórias. O Ministério da Saúde se solidariza com os familiares, amigos e deseja que encontrem conforto e paz neste momento de dor.",
    "tags": [
        "sus",
        "provab",
        "mais médicos",
        "imip"
    ],
    "data_publi": "24/12/2023",
    "texto": "O Ministério da Saúde lamenta profundamente a morte do Dr. Antônio Carlos Figueira, médico respeitado por ter sido um dos grandes gestores públicos do Sistema Único de Saúde (SUS) no Brasil e, em especial, no estado de Pernambuco. Foi um conceituado parceiro do Governo Federal em iniciativas como o Programa de Valorização do Profissional da Atenção Básica (Provab) e o Programa Mais Médicos, além de ter colaborado com o SOS Emergência.\n\nAo longo de sua trajetória, foi secretário Estado de Saúde e presidente do Instituto de Medicina Integral Professor Fernando Figueira (IMIP), onde conduziu a expansão e o fortalecimento da instituição, que acabou se tornando um dos maiores complexos brasileiros hospitalares 100% SUS.\n\nÀ frente da Secretaria de Saúde em Pernambuco inaugurou o Hospital Pelópidas Silveira - novo prédio do Hospital do Câncer, projetou a obra do Hospital da Mulher de Caruaru e deu início à construção do Hospital Mestre Vitalino, também em Caruaru. Diversas unidades da rede de atendimento ambulatorial especializado, conhecidas como UPAE (Unidade Pernambucana de Atenção Especializada), foram entregues em sua gestão. Também foi o primeiro representante do Conselho Nacional de Secretários de Saúde (Conass) na Comissão Nacional de Médicos Residentes (CNRM)."
}