{
    "url": "https://www.gov.br/saude/pt-br/assuntos/noticias/2024/fevereiro/instabilidade-no-e-mail-da-assessoria-de-imprensa",
    "titulo": "Instabilidade no e-mail da Assessoria de Imprensa",
    "descricao": "",
    "subtitulo": "COMUNICADO",
    "categoria": "Saúde e Vigilância Sanitária",
    "autora": "informamos que o e-mail da Assessoria de Imprensa do Ministério da Saúde apresenta instabilidade no recebimento de mensagens. Demandas de imprensa devem ser encaminhadas pelo número detelefone (61) 99215-4579. O Datasus trabalha para que o sistema seja restabelecido o mais breve possível.",
    "tags": [
        "comunicado",
        "ascom"
    ],
    "data_publi": "01/02/2024",
    "texto": "Prezados,"
}