{
    "url": "https://www.gov.br/saude/pt-br/assuntos/noticias/2024/maio/saude-cria-grupo-de-trabalho-para-discutir-reconstrucao-da-rede-de-assistencia-do-rs",
    "titulo": "Saúde cria grupo de trabalho para discutir reconstrução da rede de assistência do RS",
    "descricao": "Unidades básicas de saúde, postos de saúde e até hospitais foram totalmente perdidos e dificilmente serão recuperados",
    "subtitulo": "RIO GRANDE DO SUL",
    "categoria": "Saúde e Vigilância Sanitária",
    "autora": "Otávio AugustoMinistério da Saúde",
    "tags": [
        "atenção primária",
        "vigilância em saúde e ambiente",
        "atendimento",
        "rio grande do sul"
    ],
    "data_publi": "13/05/2024",
    "texto": "Equipes técnicas do Ministério da Saúde começaram as discussões para a segunda fase de enfrentamento da calamidade no Rio Grande do Sul: a reconstrução da rede de assistência em saúde no estado. As estruturas foram duramente afetadas pelasenchentesdos últimos dias.\n\nNa prática, a pasta está organizando as primeiras informações que estão chegando das missões, ou seja, das visitas das equipes aos municípios. São duas frentes de análise: os municípios menos prejudicados e os que apresentam mais danos.\n\nSão avaliadas questões como o que se perdeu, se houve dano estrutural da edificação, qual a dimensão dos estragos, das perdas, e se é possível uma reestruturação. Os dados são preliminares, mas já se sabe que unidades básicas de saúde (UBSs), unidades de pronto atendimento (UPAs) e até hospitais têm poucas chances de serem retomados.\n\nNesta segunda-feira (13), o secretário deAtenção Primária à Saúde, Felipe Proenço, detalhou a situação dos hospitais e afirmou que alguns casos são dramáticos. “Sabemos de unidades que foram totalmente evacuadas. Além disso, outras fizeram a transferência dos pacientes de menor gravidade para atender os de maior gravidade”, disse.\n\nUtilização dos leitos\n\nProenço afirma que o grupo de trabalho foi criado para analisar a situação das unidades, ou seja, fazer um diagnóstico, mas também nortear como melhor utilizar leitos do estado e verificar a necessidade de ajuda nos municípios.\n\nO grupo envolve o Ministério da Saúde, a Secretaria Estadual de Saúde, as secretarias municipais de Saúde e o Conselho de Secretarias Municipais de Saúde do Rio Grande do Sul (Cosems-RS).\n\n“Temos nosso olhar, nossos instrumentos e mapeamento, mas precisamos escutar a avaliação do estado, do Cosems. Eles avaliam a necessidade e conhecem bem o estado”, pondera."
}