{
    "url": "https://www.gov.br/saude/pt-br/assuntos/noticias/2024/julho/ministerio-da-saude-destina-mais-r-143-7-milhoes-para-os-hospitais-filantropicos-do-rs",
    "titulo": "Ministério da Saúde destina mais R$ 143,7 milhões para os hospitais filantrópicos do RS",
    "descricao": "Todos os 217 estabelecimentos privados sem fins lucrativos serão beneficiados, o que representa 72% do total de leitos SUS no estado gaúcho",
    "subtitulo": "RIO GRANDE DO SUL",
    "categoria": "Saúde e Vigilância Sanitária",
    "autora": "Ministério da Saúde",
    "tags": [
        "atenção especializada à saúde",
        "hospitais filantrópicos",
        "rio grande do sul"
    ],
    "data_publi": "18/07/2024",
    "texto": "Para ampliar a assistência especializada em saúde no Rio Grande do Sul, o Ministério da Saúde destina mais R$ 143,7 milhões para a rede de hospitais filantrópicos do estado. Todos os 217 estabelecimentos privados sem fins lucrativos serão beneficiados, o que representa 62% do total de hospitais que atendem oSistema Único de Saúde (SUS)e 72% dos leitos SUS no Rio Grande do Sul. O governo federal garante assistência à população gaúcha afetada pelas fortes chuvas desde o início da emergência no estado.\n\n“Teremos uma segunda parcela mais à frente que corresponderá ao trabalho realizado pelo setor que aderiu aoPrograma Mais Acesso a Especialistas. Isso demonstra nosso compromisso e ciência sobre a importância que tem esse setor”, destacou a ministra da Saúde, Nísia Trindade.\n\n“É mais uma ação concreta na área da saúde que se soma a tantas outras iniciativas que foram tomadas, desde a ampliação de leitos, de teto [MAC], da presença daForça Nacional do SUS, dos hospitais de campanhas, dos kits que chegaram ao Rio Grande do Sul”, disse o ministro de Apoio à Reconstrução do Rio Grande do Sul, Paulo Pimenta.\n\nCom o novo repasse, o governo federal soma mais de R$ 277 milhões destinados às instituições filantrópicas, reforçando a atenção especializada no Rio Grande do Sul. No último mês, 68 unidades já haviam recebido R$ 133,6 milhões para enfrentamento à calamidade e emergência de saúde pública. O recurso é adicional às despesas regulares do SUS no estado. Essas unidades, que historicamente desempenham papel fundamental no acesso à saúde da população brasileira e na oferta de serviço no SUS, destinam, pelo menos, 60% dos seus leitos para o SUS.\n\nConfira a lista dos 217 estabelecimentos filantrópicos\n\nO valor será disponibilizado em parcela única e poderá ser utilizado em ações da atenção especializada ambulatorial e hospitalar e aquisição de suprimentos, insumos e produtos hospitalares. Também será possível definir protocolos assistenciais específicos para o enfrentamento da situação emergencial, realizar campanhas educativas e garantir a manutenção de equipamentos de apoio à assistência especializada.\n\nA disponibilização do recurso atende a uma demanda da Federação das Santas Casas e Hospitais Beneficentes, Religiosos e Filantrópicos do Rio Grande do Sul. Em junho, a ministra Nísia Trindade se reuniu com os representantes, quando defendeu a importância das unidades para o pleno funcionamento da rede pública. “O SUS tem a visão da participação da sociedade. Vamos trabalhar para dar sustentabilidade para estas instituições, que são tão importantes para o sistema de saúde”, comentou.\n\nConfira a apresentação dos hospitais filantrópicos do Rio Grande do Sul"
}