{
    "url": "https://www.gov.br/saude/pt-br/assuntos/noticias/2024/novembro/revistinha-da-saude-leva-ciencia-e-meio-ambiente-ao-publico-da-snct-em-brasilia",
    "titulo": "Revistinha da Saúde leva ciência e meio ambiente ao público da SNCT, em Brasília",
    "descricao": "Ministério da Saúde reforça conscientização e conhecimento científico em ação interativa para crianças e adultos, promovendo temas como saúde, biomas e vacinas, durante evento na capital federal",
    "subtitulo": "INCENTIVO À CIÊNCIA",
    "categoria": "Saúde e Vigilância Sanitária",
    "autora": "Edjalma BorgesMinistério da Saúde",
    "tags": [
        "ciência e tecnologia em saúde",
        "mudanças climáticas",
        "educação em saúde",
        "inovação"
    ],
    "data_publi": "15/11/2024",
    "texto": "A21ª Semana Nacional de Ciência e Tecnologia (SNCT),realizada de 5 a 10 de novembro, encerrou suas atividades, mas deixou um impacto duradouro nos visitantes que tiveram a oportunidade de explorar temas essenciais para o bem-estar e a saúde pública. Um dos destaques do evento foi o estande do Ministério da Saúde, promovido pelaSecretaria de Ciência, Tecnologia, Inovação e Complexo Econômico-Industrial da Saúde (Sectics), com atividades interativas, materiais educativos e a revistinha infantil “Saúde e Biomas do Brasil – Ciência pela Vida!” que estimulou a conscientização sobre o papel da ciência e a preservação ambiental.\n\nEntre as experiências vividas, o Grupo Escoteiro do Mar Corsários do Cerrado – 61º de Brasília, formado por crianças entre 5 e 6 anos, participou animadamente das atividades e interagiu com o personagem Zé Gotinha. “Gostamos muito, achamos muito legal. Ciência, natureza e saúde são muito importantes! ”, disseram com a empolgação típica da infância, Augusto Ferreira Ramos e Luisa Moura Vidal.\n\nCiência e conhecimento são para todos e nunca é tarde para aprender mais. Glória Albino, 56, do Instituto Federal do Rio Grande do Norte (IFRN), expressou entusiasmo pela iniciativa. \"É uma ação fundamental para que a população conheça o trabalho efetivo do ministério no combate ao negacionismo científico em todas as áreas, principalmente na Saúde\". Segundo ela, quanto mais a ciência é divulgada, maior será o desenvolvimento do país.\n\nAmadeu Albino, 57, também do IFRN, destacou a importância de divulgar as ações doSistema Único de Saúde (SUS)e ressaltou a relevância da popularização científica. “O papel do SUS no Brasil é essencial, pois alcança toda a população. Divulgar suas ações contribui para combater o negacionismo sobre mudanças climáticas e vacinas\", assegurou.\n\nPara Isabela Aragão, 28, professora de Brasília, o evento foi uma oportunidade de expandir sua prática em sala de aula. “O material didático para apoiar metodologias ativas foi o mais interessante. Com certeza, vamos aplicar os jogos educativos nas aulas”, elogiou. Ela também valoriza o impacto do evento na formação dos jovens, ressaltando que ciência e tecnologia devem ser divulgadas para toda a sociedade.\n\nConscientização ambiental\n\nA revistinha atraiu a atenção de educadores, profissionais de saúde e visitantes em geral. O material, distribuído gratuitamente, abordasaúde ambiental,mudanças climáticas, controle dadenguee a importância dasvacinas, reforçando o compromisso do Ministério da Saúde com a promoção do conhecimento científico.\n\n“O material é fruto de um trabalho conjunto de toda a pasta, idealizado pela Sectics, e produzido pelo nosso Departamento de Ciência e Tecnologia (Decit). Tenho muito orgulho de toda equipe envolvida neste projeto, pelo empenho e dedicação em levar ciência, saúde e inovação com uma linguagem acessível para pessoas de todas as idades”, finalizou Mônica Felts, diretora do Decit."
}