{
    "url": "https://www.gov.br/saude/pt-br/assuntos/noticias/2024/junho/ministerio-da-saude-realiza-missoes-no-vale-do-taquari-e-em-pelotas",
    "titulo": "Ministério da Saúde realiza missões no Vale do Taquari e em Pelotas",
    "descricao": "Locais já foram acompanhados pelas equipes da Força Nacional do SUS nas enchentes do ano passado",
    "subtitulo": "RIO GRANDE DO SUL",
    "categoria": "Saúde e Vigilância Sanitária",
    "autora": "Otávio AugustoMinistério da Saúde",
    "tags": [
        "vigilância em saúde e ambiente",
        "atenção primária",
        "força nacional do sus",
        "rio grande do sul"
    ],
    "data_publi": "04/06/2024",
    "texto": "O Ministério da Saúde realiza, nesta terça-feira (4), missões em três municípios do Rio Grande do Sul: Estrela e Cruzeiro do Sul, no Vale do Taquari, e Pelotas. Além de verificar a situação dos locais, as equipes vão checar novas demandas ocasionadas pelas cheias, como a necessidade de mais recursos e apoio. As atividades seguem até quarta (5).\n\nNo Vale do Taquari, a missão vai verificar se os recursos enviados anteriormente na enchente de setembro de 2023 foram totalmente executados. Em Pelotas, o Ministério da Saúde verifica a situação atual, acompanha o apoio que já está disponível e analisa novas necessidades.\n\nEquipes técnicas também vão vistoriar uma comunidade de pescadores que foi durante atingida pelas cheias e verificar as necessidades do grupo.\n\nSegundo o secretário deAtenção Primáriado Ministério da Saúde, Felipe Proenço, a presença da pasta nas regiões é importante para o planejamento das ações futuras.\n\n“Os locais já foram acompanhados pelas equipes daForça Nacional do SUS. Voltamos agora para fazer um balanço da reconstrução. Esse retorno é fundamental para planejar a presença e a ação do Ministério da Saúde na região”, explica.\n\nO presidente do Conselho de Secretarias Municipais de Saúde do Rio Grande do Sul (COSEMS/RS), Diego Espíndola, salienta que a parceria entre o Ministério da Saúde e os municípios é importante para a reconstrução das unidades de saúde. “Esse acompanhamento faz com que tenhamos um panorama da realidade do local atingido. Conversando com os gestores, sabemos o real afetamento dos municípios. Dessa forma, teremos uma reconstrução organizada, segura e mais rápida para unidades de saúde no estado”, destaca."
}