{
    "url": "https://www.gov.br/saude/pt-br/assuntos/noticias/2024/julho/secretaria-de-vigilancia-participa-de-encontro-das-comissoes-intersetoriais-de-saude-do-trabalhador-e-da-trabalhadora",
    "titulo": "Secretaria de Vigilância participa de encontro das Comissões Intersetoriais de Saúde do Trabalhador e da Trabalhadora",
    "descricao": "Evento em Brasília proporcionou um espaço de debate sobre os avanços e desafios na saúde e segurança no trabalho",
    "subtitulo": "10º CISTTÃO",
    "categoria": "Saúde e Vigilância Sanitária",
    "autora": "João MoraesMinistério da Saúde",
    "tags": [
        "vigilância em saúde e ambiente",
        "saúde ocupacional",
        "condições de trabalho",
        "doenças"
    ],
    "data_publi": "19/07/2024",
    "texto": "No último dia do 10º Encontro Nacional das Comissões Intersetoriais de Saúde do Trabalhador e da Trabalhadora (Cisttão), realizado em Brasília de 16 a 18 de julho, Agnes Soares, Diretora do Departamento de Vigilância em Saúde Ambiental e Saúde do Trabalhador (DSAST) daSecretaria de Vigilância em Saúde e Ambiente do Ministério da Saúde (SVSA), ministrou uma palestra sobre a importância da vigilância em saúde do trabalhador. O evento, promovido pelo Conselho Nacional de Saúde (CNS) em parceria com a SVSA, contou com a participação de aproximadamente 300 profissionais de todo o país.\n\nDurante a palestra, Agnes Soares destacou o compromisso da secretaria com a saúde dos trabalhadores, detalhando a estrutura do departamento e o papel da Coordenação-Geral de Vigilância em Saúde do Trabalhador. \"É fundamental entender que estamos inseridos em um contexto mais amplo, o que justifica a integração da vigilância em saúde ambiental e do trabalhador dentro da nossa secretaria. Vigilância não é apenas sobre coletar dados, mas sobre intervir nas causas das doenças e agravos, e é essa intervenção que faz a diferença \", enfatizou.\n\nAgnes explicou que as ações de vigilância em saúde do trabalhador estão previstas na constituição de 1988 e detalhou a evolução normativa desde então, incluindo a criação daRede Nacional de Atenção Integral à Saúde do Trabalhador (Renast)e a implementação da Política Nacional de Vigilância e Saúde. A diretora também ressaltou a importância da notificação de doenças e riscos no ambiente de trabalho, afirmando que essa prática é essencial para a análise de situação e para a implementação de medidas de prevenção e controle.\n\nOutro ponto abordado no evento foi a necessidade de adaptar as ações de vigilância às realidades locais, considerando as peculiaridades de cada território. Além disso, foi destacado o papel dos Centros de Referência em Saúde do Trabalhador (Cerests) como pontos centrais na articulação das ações de vigilância. \"Os Cerests funcionam como serviços especializados e retaguarda técnica para todos os serviços de saúde doSUS. Eles precisam estar capacitados para orientar e articular o trabalho na sua região de cobertura\", afirmou.\n\nA palestrante também apontou os desafios e prioridades da vigilância em saúde do trabalhador, incluindo a necessidade de qualificar as ações de apoio institucional, consolidar a vigilância de ambientes e processos de trabalho e enfrentar os impactos das mudanças climáticas na saúde dos trabalhadores.\n\nO 10º Encontro Nacional das Comissões Intersetoriais de Saúde do Trabalhador e da Trabalhadora, proporcionou um espaço de reflexão e debate sobre os avanços e desafios na saúde do trabalhador, reafirmando o compromisso das instituições participantes em garantir condições de trabalho seguras e saudáveis para todos os brasileiros."
}