{
    "url": "https://www.gov.br/saude/pt-br/assuntos/noticias/2024/maio/mais-medicos-comecam-as-tutorias-virtuais-da-especializacao-em-medicina-de-familia-e-comunidade",
    "titulo": "Mais Médicos: começam as tutorias virtuais da especialização em Medicina de Família e Comunidade",
    "descricao": "Encontros abordam situações-problemas relacionadas às atividades dos profissionais estudantes, visando à resolutividade nas rotinas de trabalho na atenção primária",
    "subtitulo": "APRENDIZADO",
    "categoria": "Saúde e Vigilância Sanitária",
    "autora": "Ministério da Saúde",
    "tags": [
        "atenção primária",
        "mais médicos",
        "tutoria",
        "medicina de família"
    ],
    "data_publi": "20/05/2024",
    "texto": "A especialização em Medicina de Família e Comunidade doPrograma Mais Médicos para o Brasilestá a todo vapor, e nos últimos dias teve início uma nova etapa: as tutorias virtuais. O objetivo das atividades é fornecer aos médicos espaço para discussão e orientação, além de desenvolver e aplicar as competências abordadas no curso de especialização, visando à resolutividade no cotidiano de trabalho da atenção primária à saúde com acesso, integralidade, longitudinalidade, coordenação do cuidado, abordagem familiar e comunitária.\n\nAs atividades somam 420h. Nos encontros, cujo ambiente proporciona um espaço colaborativo e de intercâmbio de experiências, os momentos de interação planejados promovem uma compreensão sólida e dinâmica dos conceitos abordados, aprimorando inclusive a construção de aptidões, um grande diferencial desse curso de especialização.\n\n\"Esta nova fase representa um avanço na trajetória formativa do Mais Médicos. As sessões de tutoria proporcionarão um espaço para os médicos do programa dialogarem entre si e com especialistas em medicina de família, compartilhando dúvidas, enfrentando desafios e aplicando os conhecimentos adquiridos durante o curso. Com base nessas interações, poderemos direcionar melhor os conteúdos, oferecendo suporte eficaz para lidar com os desafios reais enfrentados por nossos médicos\", reforça o diretor do Departamento de Apoio à Gestão da Atenção Primária (Dgaps), Wellington Mendes Carvalho.\n\nAs tutorias tiveram início no dia 29 de abril e seguem até maio de 2026.\n\nMetodologia e avaliação\n\nAs 1.300 turmas vinculadas às instituições de ensino superior parceiras da iniciativa participam de duas reuniões semanais, com duas horas de duração cada uma. O tutor é responsável por um grupo de 12 estudantes e conta com a orientação da coordenação pedagógica da universidade ofertante. Os temas são trabalhados seguindo a grade curricular do curso, por meio de webconferências, aulas, atividades didáticas e webinários.\n\nOs tutores utilizam metodologias ativas e seguem o manual orientador, elaborado pela equipe de professores especialistas responsáveis, a fim de manter a homogeneidade das informações. Essa abordagem envolve os alunos no desenvolvimento de suas próprias habilidades, por meio da promoção do pensamento crítico, da resolução de problemas e das tomadas de decisões. Nesse sentido, são realizados, por exemplo, desafios práticos, instrução por pares, aprendizagem baseada em problemas (APB) e simulações e discussão de casos complexos.\n\nOs profissionais serão avaliados em atividades de aprendizagem, que incluem a participação ativa em atividades de apresentação ou fóruns de discussão, desafio prático, orientado pelo tutor, e testes online, levando em consideração as competências relacionadas na matriz da especialização.\n\nOs encontros têm como objetivo construir relações mais próximas entre os participantes, envolvendo os tutores e os profissionais estudantes. Dessa forma, o ambiente de aprendizagem se torna mais colaborativo e reforça o engajamento e o apoio mútuo sobre questões inusitadas e complexas, relacionadas ao cotidiano da assistência médica."
}