{
    "url": "https://www.gov.br/saude/pt-br/assuntos/noticias/2024/setembro/curitiba-sedia-o-segundo-seminario-saude-indigena-um-sasisus-para-o-bem-viver",
    "titulo": "Curitiba sedia o segundo Seminário Saúde Indígena: Um SasiSUS para o Bem-Viver",
    "descricao": "Encontro segue até sexta (6) e foca no fortalecimento da saúde indígena respeitando a diversidade e interculturalidade de cada região",
    "subtitulo": "DIVERSIDADE",
    "categoria": "Saúde e Vigilância Sanitária",
    "autora": "Leidiane SouzaMinistério da Saúde",
    "tags": [
        "saúde indígena",
        "sasisus",
        "povos originários",
        "seminário sesai"
    ],
    "data_publi": "05/09/2024",
    "texto": "Na quarta-feira (4), aSecretaria de Saúde Indígena (Sesai)iniciou o segundoSeminário Saúde Indígena: Um SasiSUS para o Bem-Viver, desta vez com foco nas regiões Sul e Sudeste. O evento, que se estende até sexta-feira (6), ocorre em Curitiba.\n\nA abertura contou com um Ritual Sagrado dos povos originários, seguido por uma plenária de boas-vindas aos cerca de 150 participantes, que incluem usuários do Subsistema de Atenção à Saúde Indígena (SasiSUS), conselheiros de saúde indígena, gestores e trabalhadores.\n\nEstruturado em seis eixos temáticos, o seminário é um espaço de escuta e debate, com o objetivo central de aprimorar e fortalecer o sistema de saúde indígena, respeitando a diversidade e interculturalidade de cada região.\n\nO secretário da Sesai, Weibe Tapeba, enfatizou a importância de regionalizar o seminário. “Nosso sistema precisa ser aprimorado, e com a realização dos seminários em todas as regiões, queremos garantir que todos sejam ouvidos. Este evento histórico permitirá gerar contribuições valiosas, pois, pela primeira vez, reunimos em um só espaço colaboradores, gestores e guardiões dos conhecimentos ancestrais”, afirmou.\n\nMilena Kanindé, chefe de gabinete da Sesai, reforçou que cada etapa do seminário é fruto de demandas específicas. Ela explicou que os povos originários brasileiros possuem uma imensa diversidade étnica – com mais de 300 etnias espalhadas pelo país. Por isso, o aperfeiçoamento da Política Nacional de Atenção à Saúde dos Povos Indígenas (PNASPI) deve considerar essa pluralidade.\n\n“Cada região tem sua própria maneira de conceber e complementar o que é saúde em determinados territórios. Dessa forma, construímos uma corrente única para aperfeiçoar a PNASPI. Este seminário é um marco importante para o Ministério da Saúde, especialmente na valorização e ampliação das práticas medicinais indígenas”, destacou.\n\nA diretora do Departamento de Atenção à Saúde Indígena, Putira Sacuena, também ressaltou a relevância das práticas e inclusão das medicinas indígenas, profundamente enraizadas na sabedoria ancestral. “É essencial ouvir os envolvidos para desenvolver um sistema de saúde mais direcionado, que possa ser integrado ao modelo existente. Nosso objetivo é promover uma saúde mais inclusiva e diversa, valorizando e reconhecendo as diferentes formas de conhecimento que enriquecem o bem-estar integral das comunidades”, acrescentou.\n\nAs próximas etapas estão previstas para ocorrer nas regiões Norte e Centro-Oeste.\n\nConfira abaixo os eixos temáticos abordados:\n\nConheça a página do seminário Saúde Indígena: Um SasiSUS para o Bem Viver"
}