{
    "url": "https://www.gov.br/saude/pt-br/assuntos/noticias/2024/setembro/povos-indigenas-de-guajara-mirim-ro-recebem-atendimento-de-tecnicos-da-saude",
    "titulo": "Povos indígenas de Guajará-Mirim (RO) recebem atendimento de técnicos da Saúde",
    "descricao": "População local sofre com a estiagem e 23 aldeias estão com o acesso fluvial comprometido, afetando mais de 2 mil indígenas",
    "subtitulo": "SECA EXTREMA",
    "categoria": "Saúde e Vigilância Sanitária",
    "autora": "João Vitor MouraMinistério da Saúde",
    "tags": [
        "atenção especializada à saúde",
        "saúde indígena",
        "força nacional do sus",
        "queimadas"
    ],
    "data_publi": "25/09/2024",
    "texto": "A equipe técnica do Ministério da Saúde que está no estado de Rondônia para elaborar um diagnóstico situacional devido a seca extrema equeimadas, esteve nesta quarta-feira(25), em Guajará-Mirim, a 327,9 km da capital Porto Velho, para se reunir com as secretarias de saúde municipal e estadual, Defesa Civil e Corpo de Bombeiros e entender a situação do município, que sofre com a ação das queimadas. A reunião ocorreu na Universidade Federal de Rondônia, campus Guajará-Mirim.\n\nGuajará-Mirim é o município com a maior população indígena do estado, com 5.175 indígenas divididos em 46 aldeias. Dessas, 23 estão com o acesso fluvial comprometido, afetando cerca de 2.500 indígenas.\n\nDevido ao nível baixo dos rios, o acesso às aldeias de Cristo Reis, Laranjal, Pedreira e São Luiz dura até sete dias e em alguns trechos o barco precisa ser empurrado já que não há água. Antes, esse acesso era feito em dois dias no máximo. Essas aldeias e outras 7 (Castanheira,Comi Wa Wan, Ocaia 3, Palhal, Pantirop, Piranha e Rio Negro Ocaia) estão sem água e sem alimento.\n\nSegundo a assistente social da Casa de Saúde Indígena (Casai) local, Greice Quele Peixe, o cuidado com a saúde da população é muito dificultado pela estiagem. “A equipe de saúde não consegue chegar em algumas aldeias e muitas vezes o barqueiro tem que puxar o barco por falta de navegabilidade e limpar o caminho com motosserra”, relata.\n\nAlém dos obstáculos naturais como pedras, bancos de areia e árvores caídas, há desafios logísticos como a conservação de imunobiológicos, que dependem de uma temperatura específica e possuem uma vida útil limitada.\n\nA equipe daForça Nacional do SUS (FN-SUS)atravessou o Rio Pacaás para visitar a aldeia indígena Poeirinha, porém teve dificuldades de acesso. Um indígena da região que necessitava de atendimento médico foi removido de balsa pelos técnicos da Força. Por fim, a equipe visitou o Hospital Regional Perpétuo Socorro e o Laboratório de Fronteiras (Lafron-RO).\n\nAcesse a página da campanha \"Se tem fumaça, tem que ter cuidado\""
}