{
    "url": "https://www.gov.br/saude/pt-br/assuntos/noticias/2024/julho/forca-nacional-do-sus-vacinou-mais-de-mil-indigenas-no-acre",
    "titulo": "Força Nacional do SUS vacinou mais de mil indígenas no Acre",
    "descricao": "Meta do Ministério da Saúde e da secretaria de saúde local é imunizar uma população de aproximadamente 2 mil pessoas",
    "subtitulo": "SAÚDE INDÍGENA",
    "categoria": "Saúde e Vigilância Sanitária",
    "autora": "Otávio AugustoMinistério da Saúde",
    "tags": [
        "saúde indígena",
        "força nacional do sus",
        "vacinação",
        "acre"
    ],
    "data_publi": "14/07/2024",
    "texto": "A campanha de imunização contra a influenza A em comunidades indígenasdo Acre já vacinou 1.165 pessoas. AForça Nacional do Sistema Único de Saúde (FN-SUS)atua na região desde 1º de julho, após o aumento de casos de casos de Síndrome Gripal (SG), Síndrome Respiratória Aguda Grave (SRAG) eDoenças Diarreicas Agudas (DDA)em aldeias do municípioAssis Brasil.\n\nA meta do Ministério da Saúde e da Secretaria Estadual de Saúde do Acre é vacinar uma população indígena decerca de2 mil pessoas.\n\nA equipe da Força Nacional — composta por dois médicos, dois enfermeiros e dois técnicos — está concentrada nas aldeias do Rio Iaco, no Distrito Sanitário Especial Indígena (Dsei) Alto Rio Purus. Ao todo, foram registrados 337 casos de gripe e diarreia. Duas crianças morreram.\n\n“A melhor forma de prevenção é a vacinação, por isso montamos uma campanha na região e começamos a imunizar todos que ali residem”, explica o coordenador da FN-SUS, Rodrigo Stabeli.\n\nComo reforço, oministério enviou caixas térmicas e insumos para estruturar as ações de imunização no local. Além disso, umfreezerfoi encaminhado para a aldeia Jatobá e Extrema, para fortalecer a rede de frio local.\n\nSegundo a secretaria, as notificações têm mostrado que crianças de 1 a 5 anos e idosos acima de 60 anos são desproporcionalmente afetados com as doenças.\n\nAssis Brasil é um município acreano de mais de 7 mil habitantes. A cidade está localizada na tríplice fronteira entre o Brasil, o Peru e a Bolívia.\n\nO Sistema de informação da Atenção à Saúde indígena (SIASI) registra que duas etnias —Jaminawa e Manchineri— residem na localidade, totalizando 2,1 mil indígenas, distribuídos em 32 aldeias.\n\nCasos registrados:"
}