{
    "url": "https://www.gov.br/saude/pt-br/assuntos/noticias/2024/julho/ministerio-da-saude-e-prefeitura-do-rio-fecham-acordo-sobre-gestao-do-hospital-federal-andarai",
    "titulo": "Ministério da Saúde e Prefeitura do Rio fecham acordo sobre gestão do Hospital Federal do Andaraí",
    "descricao": "O processo visa, entre outras ações, ampliar e qualificar a oferta de serviços no hospitalares no Rio",
    "subtitulo": "HOSPITAIS FEDERAIS",
    "categoria": "Saúde e Vigilância Sanitária",
    "autora": "Otávio AugustoMinistério da Saúde",
    "tags": [
        "atenção especializada à saúde",
        "hospitais federais",
        "gestão hospitalar rj",
        "rio de janeiro"
    ],
    "data_publi": "17/07/2024",
    "texto": "O Ministério da Saúde e a Prefeitura do Rio de Janeiro acertaram as etapas do processo de descentralização da gestão doHospital Federal do Andaraí. Em reunião ocorrida nesta terça-feira (16), a ministra da Saúde, Nísia Trindade, e o chefe do Executivo local, Eduardo Paes, definiram a criação de grupo de trabalho e a elaboração dos atos preparatórios para a parceria.\n\nNa sexta-feira (5) foi publicadauma portaria no Diário Oficial da União (DOU), estabelecendo a necessidade de um procedimento de descentralização dos serviços do Hospital do Andaraí.\n\nA reestruturação dos hospitais federais do Rio de Janeiro que está em curso pelo Ministério da Saúde visa, entre outras ações, ampliar a oferta e a qualidade dos serviços hospitalares no Rio de Janeiro."
}