{
    "url": "https://www.gov.br/saude/pt-br/assuntos/noticias/2024/maio/ispor-ministerio-apresenta-estudos-em-um-dos-maiores-eventos-sobre-economia-da-saude",
    "titulo": "Ispor: Ministério apresenta estudos em um dos maiores eventos sobre Economia da Saúde",
    "descricao": "Gestão de financiamento e eficiência de recursos no SUS foram temas abordados pelo Brasil na conferência",
    "subtitulo": "SAÚDE INTEGRAL",
    "categoria": "Saúde e Vigilância Sanitária",
    "autora": "Priscilla LeonelMinistério da Saúde",
    "tags": [
        "ciência e tecnologia em saúde",
        "economia da saúde",
        "pesquisa",
        "ist"
    ],
    "data_publi": "15/05/2024",
    "texto": "O Ministério da Saúde foi convidado a apresentar, na segunda-feira (6), dois trabalhos científicos durante a Ispor 2024 (Sociedade Internacional de Pesquisa em Economia da Saúde e Desfechos Clínicos). A edição deste ano aconteceu em Atlanta, nos Estados Unidos, entre 5 e 8 de maio, e trata-se de um dos maiores eventos sobre Economia da Saúde do mundo.\n\nNa agenda do evento, figuraram tópicos avançados em métodos de análise, que garantem uma plataforma de discussões interdisciplinares. Um dos objetivos é promover a colaboração entre economistas, profissionais de saúde, legisladores e líderes do setor, que poderão se aprofundar nas metodologias mais recentes, na análise de dados e nas abordagens baseadas em evidências que devem promover mudanças transformadoras na saúde e no bem-estar.\n\nOs dois estudos exploram questões críticas relacionadas à gestão de financiamento e à eficiência de recursos noSistema Único de Saúde (SUS). São eles: avaliação econômica em saúde como ferramenta para a sustentabilidade do financiamento do SUS: o caso da hemodiálise; e o impacto dos gastos com medicamentos paraISTe aids sobre o orçamento instituído após o fim do regime que estabelecia teto dos gastos públicos no Brasil.\n\nO primeiro analisou como a avaliação econômica ajudou a revisar o valor pago pelo SUS para clínicas que fazem hemodiálise. A diferença entre o valor solicitado pelas clínicas condenadas e o valor final aprovado resultou em economia de recursos para o SUS. Os resultados mostram que é essencial adotar abordagens baseadas em evidências para garantir que as políticas sejam eficazes e financeiramente sustentáveis, especialmente em serviços assistenciais que demandam grande volume de recursos, como a hemodiálise.\n\nJá o segundo trabalho calculou como os investimentos com medicamentos para infecções sexualmente transmissíveis e síndrome da imunodeficiência adquirida (IST e aids) impactam o orçamento de 2024, comparando com as projeções feitas sob o modelo fiscal anterior. As projeções mostram que, agora, o Brasil tem mais capacidade de financiar medicamentos para a aids, ao contrário do regime extinto em 2023, que dificultava o tratamento das pessoas. Com essa nova abordagem, a pasta consegue tratar mais pessoas do que antes.\n\nContribuição nacional\n\nOs trabalhos apresentados foram desenvolvidos no âmbito da Coordenação de Avaliação em Economia da Saúde doDepartamento de Economia e Desenvolvimento em Saúde (Desid), que é responsável por elaborar estudos para subsidiar decisões sobre o financiamento e gasto em saúde; bem como disseminar o conhecimento e informações em Economia da Saúde.\n\n“Nossa participação reafirmou a importância da internacionalização da contribuição brasileira para a Economia da Saúde, para o intercâmbio de informações nessa área e para o contato com a sua fronteira de conhecimento, de forma a aperfeiçoar os processos do nosso trabalho”, pontuou a representante do ministério na ocasião, Mariana Marzullo.\n\nIspor 2024\n\nO evento que coloca em foco a Economia da Saúde e a Pesquisa de Resultados (em inglêsHealth Economics and Outcomes Research - Heor) tem o potencial de abordar o bem-estar dos indivíduos e promover a saúde integral ao contribuir com percepções cruciais sobre o impacto econômico e a eficácia das intervenções de saúde.\n\nPor isso, a conferência da Ispor de 2024 destaca os esforços realizados para equilibrar acessibilidade econômica e acesso e eficácia com foco nos desenvolvimentos em preços, reembolso e avaliação de tecnologias em saúde. Os conteúdos reunidos no evento devem refletir os avanços na análise de custo-efetividade, evidências do mundo real, Inteligência Artificial (IA) em métodosHeor, além de pesquisa centrada nas pessoas e na equidade em saúde.\n\nVeja como foi a programação do evento"
}