{
    "url": "https://www.gov.br/saude/pt-br/assuntos/noticias/2023/novembro/ress-lanca-chamada-para-textos-originais-sobre-20-anos-de-visibilidade-trans",
    "titulo": "RESS lança chamada para textos originais sobre 20 anos de visibilidade trans",
    "descricao": "Publicação vai reunir artigos com dados sobre população trans no Brasil",
    "subtitulo": "REVISTA DO SUS",
    "categoria": "Saúde e Vigilância Sanitária",
    "autora": "Ministério da Saúde",
    "tags": [
        "vigilância em saúde e ambiente",
        "revista do sus",
        "visibilidade trans"
    ],
    "data_publi": "21/11/2023",
    "texto": "A Epidemiologia e Serviços de Saúde: revista do SUS (RESS) abriu edital de chamamento de manuscritos temáticos sobre os 20 anos da Visibilidade Trans no Brasil.\n\nO envio dos textos deve ser feito até 29 de fevereiro de 2024\n\nOs textos aprovados serão publicados em um número histórico da RESS, previsto para ser lançado em 2024. A iniciativa faz referência ao dia 29 de janeiro de 2004, quando um grupo de travestis lançou a campanha “Travesti e Respeito” no Congresso Nacional, com apoio do Ministério da Saúde. A data ficou conhecida como Dia Nacional da Visibilidade Trans.\n\nCinco temas diferentes são previstos no edital: Saúde integral de pessoas trans em ambulatórios trans e demais pontos das Redes de Atenção à Saúde; Análise de padrão de acesso a serviços de saúde entre pessoas trans no Brasil; Vigilância de doenças transmissíveis e não transmissíveis em pessoas trans; Vigilância da violência interpessoal e autoprovocada contra pessoas trans; Itinerários terapêuticos e preventivos de pessoas trans, incluindo padrão, frequência e distribuição do uso de hormônios e outros recursos de modificação corporal.\n\nMais informações sobre o chamamento podem ser obtidas no site da RESS"
}