{
    "url": "https://www.gov.br/saude/pt-br/assuntos/noticias/2024/dezembro/brasil-esta-perto-de-alcancar-meta-de-vacinacao-contra-o-virus-do-hpv",
    "titulo": "Brasil está perto de alcançar meta de vacinação contra o vírus do HPV",
    "descricao": "Vacinação aumentou mais de 42% em relação a 2022. Entre adolescentes com 14 anos, a cobertura vacinal passou de 96%",
    "subtitulo": "IMUNIZAÇÃO",
    "categoria": "Saúde e Vigilância Sanitária",
    "autora": "Ministério da Saúde",
    "tags": [
        "vigilância em saúde e ambiente",
        "hpv",
        "imunização",
        "cobertura vacinal"
    ],
    "data_publi": "11/12/2024",
    "texto": "Dados do Ministério da Saúde mostram que o Brasil está próximo de alcançar a meta de vacinação contra oHPV. O objetivo do ministério é chegar a 90% do público-alvo, composto por meninas e meninos de 9 a 14 anos. O resultado é uma continuação do que já vinha ocorrendo nos últimos dois anos. No ano passado, quase 85% do público-alvo já tinha sido imunizado. Entre adolescentes com 14 anos, a cobertura passou de 96%.\n\nEntre 2022 e 2023, as doses aplicadas da vacina HPV aumentaram mais de 42% - de 4,3 milhões para mais de 6,1 milhões de doses aplicadas. Entre o público feminino, o aumento foi de 16%. Já no público masculino, o incremento chega a 70%. Isso se deve ao fato das meninas se vacinarem mais, uma vez que o HPV é o principal causador do câncer de colo de útero.\n\nA ministra da Saúde, Nísia Trindade, disse que os números são consequência também do trabalho feito nas escolas. “Essa estratégia foi fundamental, aproximando o cuidado da população e fortalecendo a cultura da prevenção desde a infância. Esse é um compromisso do governo com a saúde pública e a proteção das futuras gerações, reafirmando nosso dever de levar políticas de prevenção onde o público-alvo está”, reforçou.\n\n“Os programas de vacinação nas escolas contribuem porque o adolescente não vai para o posto, então precisamos fortalecer a vacinação nas escolas”, complementa o diretor doPrograma Nacional de Imunizaçõesdo Ministério da Saúde, Eder Gatti.\n\nApesar dos avanços, Gatti alerta que é preciso ampliar a vacinação de crianças de 9 anos, além dos meninos. Desde 2014, quando a vacinação contra o HPV começou no Brasil, a proporção de meninos que receberam uma dose da vacina foi 24,2 pontos percentuais menor do que a de meninas.\n\nResgate vacinal\n\nNesta direção, o principal objetivo é alcançar adolescentes de 15 a 19 anos que não foram imunizados dentro da faixa etária recomendada inicialmente, ou seja, que tenham perdido a oportunidade de se vacinar anteriormente. Os estados com as maiores porcentagens de jovens não vacinados são: Rio de Janeiro, Acre, Distrito Federal, Roraima e Amapá.\n\nEder Gatti também destacou o desafio da comunicação para mobilizar a população a se vacinar e combater desinformações. Para ele, a vacina contra o HPV foi injustiçada pelas suspeitas de eventos adversos, apesar da investigação provar não haver relação com o imunizante.\n\n“É uma vacina com uma tecnologia fantástica, com eficácia e segurança alta, que não tem evento de alteração orgânica importante. E agora ela é aplicada em apenas uma dose, o que facilita a operação. É um imunizante que vai nos ajudar a eliminar o câncer de colo de útero”, aponta.\n\nSobre o HPV\n\nApesar da repercussão grave mais frequente do HPV ser o câncer de colo de útero, a infecção pelo vírus também pode causar câncer no pênis, ânus, boca e garganta. Além disso, a principal via de transmissão do vírus é a sexual, por isso a imunização dos meninos também é essencial para evitar a disseminação do HPV."
}