{
    "url": "https://www.gov.br/saude/pt-br/assuntos/noticias/2024/janeiro/ministerio-faz-constante-monitoramento-dos-casos-de-dengue-no-pais-destaca-nisia-trindade",
    "titulo": "Ministério faz constante monitoramento dos casos de dengue no país, destaca Nísia Trindade",
    "descricao": "Em entrevista a jornalistas, ministra da Saúde citou a criação da Sala de Situação de Arboviroses e alertas de prognósticos para a alta de casos da doença realizados já no ano passado",
    "subtitulo": "COMBATE AO MOSQUITO",
    "categoria": "Saúde e Vigilância Sanitária",
    "autora": "",
    "tags": [
        "vigilância em saúde e ambiente",
        "dengue",
        "prevenção",
        "conscientização"
    ],
    "data_publi": "25/01/2024",
    "texto": "Em entrevista coletiva realizada nesta quinta-feira (25) sobre a estratégia de vacinação contra adengue, a ministra da Saúde, Nísia Trindade, destacou que a pasta realiza constante monitoramento do aumento de casos da doença no Brasil. Já em 2023, o órgão promoveu campanhas de mobilização social regionalizadas, a normalização de estoques de inseticidas e apoiou medidas de prevenção e controle com o repasse de R$ 256 milhões para todo o país. Parte desse recurso será destinado para fomentar ações de vigilância em saúde.\n\n\"Estamos desde novembro do ano passado em um processo de acompanhamento da dengue. Instituímos também a Sala de Situação de Arboviroses, também preocupados com achikungunyaezika, porque são doenças associadas aoAedes aegypti. A sala reúne técnicos da Secretaria de Vigilância em Saúde e Ambiente (SVSA) e vários especialistas”, informou a ministra.\n\nDurante a coletiva, Nísia também lembrou o reforço nas ações de comunicação e de controle das larvas dos mosquitos, além de alertas de prognósticos feitos no último ano. “Já tínhamos feito um alerta de prognóstico de aumento de casos, o que tem se confirmado agora. Como sempre, os registros não se dão de maneira uniforme, em razão das características do nosso país. Como vemos, nas regiões Sudeste, Centro-Oeste e em parte da região Nordeste há esse aumento expressivo de casos\", destacou.\n\nA ministra reforçou ainda que, embora a chegada das vacinas represente um marco, elas ainda não estão disponíveis em larga escala. E reforçou que o enfrentamento efetivo da doença se dá pelo controle dos focos de transmissão. “O combate à dengue é uma ação de governo, mas tem de ser uma ação também de cada cidadão e de cada cidadã. É necessário lembrar que os focos do mosquito estão 75% nas casas. Então, essa união de esforços é muito importante”, afirmou. “Precisamos organizar a rede para atender as pessoas, orientar à população e também os profissionais de saúde. É um conjunto de ações importantes para este momento em que acontecem os picos de casos”, acrescentou Nísia.\n\nTrindade concluiu a entrevista ressaltando que o Ministério da Saúde apoia iniciativas e acompanha de perto o desenvolvimento de novas vacinas para aumentar a escala de produção no Brasil para que, de fato, ela venha a ser um grande instrumento de controle.\n\nAssista a entrevista\n\nCombate ao mosquito\n\nPessoas com doenças crônicas, gestantes, crianças menores de 2 anos e idosos acima de 65 anos são mais suscetíveis às complicações dadengue,chikungunyaezika. Caso tenha um desses perfis, os cuidados de combate ao mosquito devem ser redobrados.\n\nVeja alguns cuidados:\n\nEm caso desintomas, procure uma unidade de saúde e não tome remédios por conta própria.\n\nAcesse a página da campanha Combate ao Mosquito\n\nNathan VictorMinistério da Saúde"
}