{
    "url": "https://www.gov.br/saude/pt-br/assuntos/noticias/2024/outubro/ministerio-da-saude-participa-de-discussoes-da-ocde-sobre-producao-e-qualificacao-de-estatisticas",
    "titulo": "Ministério da Saúde participa de discussões da OCDE sobre produção e qualificação de estatísticas",
    "descricao": "Representantes da pasta apresentaram avanços na implementação do System of Health Accounts (SHA), em Paris. Ferramenta oferece aos gestores visão detalhada sobre a alocação dos gastos em saúde",
    "subtitulo": "GESTÃO E INOVAÇÃO",
    "categoria": "Saúde e Vigilância Sanitária",
    "autora": "Priscilla LeonelMinistério da Saúde",
    "tags": [
        "ciência e tecnologia em saúde",
        "estatísticas de saúde",
        "gestão de recursos"
    ],
    "data_publi": "21/10/2024",
    "texto": "Representantes do Ministério da Saúde participaram doWorking Party on Health Statistics, evento organizado pela Organização para a Cooperação e Desenvolvimento Econômico (OCDE), entre os dias 14 e 15 de outubro, em Paris. Focado em estatísticas de saúde, a conferência discutiu mudanças metodológicas sobre o tema e contou com uma apresentação do Brasil sobre o avanço da institucionalização doSystem of Health Accounts(SHA) no país.\n\nO SHA é uma metodologia da OCDE e da Organização Mundial da Saúde (OMS) que oferece aos gestores de saúde uma visão detalhada da alocação dos gastos público e privado. A ferramenta contribui para a elaboração e aperfeiçoamento de políticas públicas, já que permite a mensuração de quanto se gasta em diferentes áreas da saúde, tais como medicamentos, cuidados de longo prazo e cuidados odontológicos.\n\nA participação do Brasil no evento reforça ocompromisso da atual gestão com a institucionalização da metodologia no país. A pauta é relevante para garantir que o país continue produzindo estatísticas de maneira consistente e avançando na adoção dessa metodologia de mensuração de gastos em saúde.\n\nParceria\n\nEm janeiro deste ano, o secretário deCiência, Tecnologia, Inovação e Complexo Econômico-Industrial da Saúde (Sectics), Carlos Gadelha, assinou termo de compromisso junto à OCDE, que estabelece agenda bilateral comum para consolidar a institucionalização da metodologia SHA no Brasil.\n\nCom a parceria, oDepartamento de Economia e Desenvolvimento em Saúde (Desid)tem despendido esforços para estimar o SHA de 2022. Além disso, em julho deste ano, a pasta organizou uma oficina para discutir a institucionalização da metodologia no país com diversos atores. Agora, foi convidado para apresentar os andamentos dos trabalhos na reunião anual de estatísticas de saúde da OCDE.\n\n“Tivemos a oportunidade de apresentar os desafios e avanços, bem como alguns resultados preliminares desenvolvidos. Por um lado, mostramos a complexidade envolvida na compatibilização dos sistemas de informação utilizados para estimar o SHA. Por outro, compartilhamos alguns resultados preliminares produzidos a partir da consolidação dos dados”, destacou o coordenador-geral de Informações em Economia da Saúde, Gabriel Squeff.\n\nAlém do Ministério da Saúde, que coordena a iniciativa, o Conselho Nacional de Secretários de Saúde (Conass), o Conselho Nacional de Secretarias Municipais de Saúde (Conasems) e a Organização Panamericana de Saúde (Opas) estiveram presentes durante o evento internacional."
}