{
    "url": "https://www.gov.br/saude/pt-br/assuntos/noticias/2024/janeiro/ministerio-da-saude-vai-retomar-mais-de-5-5-mil-obras-paradas-para-ampliar-acesso-ao-sus-em-todo-brasil",
    "titulo": "Ministério da Saúde vai retomar mais de 5,5 mil obras paradas para ampliar acesso ao SUS em todo Brasil",
    "descricao": "Entre as obras paralisadas nos últimos anos, estão Unidades Básicas de Saúde, Centros de Reabilitação e Unidades de Pronto Atendimento",
    "subtitulo": "INFRAESTRUTURA EM SAÚDE",
    "categoria": "Saúde e Vigilância Sanitária",
    "autora": "Ministério da Saúde",
    "tags": [
        "secretaria executiva",
        "retomada de obras",
        "novo pac saúde"
    ],
    "data_publi": "16/01/2024",
    "texto": "O Ministério da Saúde vai retomar mais de 5,5 mil obras de equipamentos de saúde que estavam paralisadas em todas as regiões do país nos últimos anos. Essa estratégia é tratada de forma prioritária pelo Governo Federal desde o começo da gestão e é fundamental para ampliação da estrutura SUS e garantia de acesso à saúde de todos os brasileiros.  Entre as obras que serão retomadas, estão: Unidades Básicas de Saúde (UBS), academias da saúde, construção e ampliação de Unidades de Pronto Atendimento (UPA), além de ações nas redes Cegonha e Neonatal. Também serão alcançados Centros Especializados em Reabilitação (CER) e oficinas ortopédicas.\n\nEstados e municípios já podem solicitar a retomada e a reativação de obras paralisadas ou inacabadas na área da saúde.Em portaria publicada nesta segunda-feira (15),o Ministério da Saúde viabilizou a repactuação com os entes federativos e estabeleceu os mecanismos para que essa solicitação seja feita pelos gestores.\n\nSegundo o secretário-executivo do Ministério da Saúde, Swedenberger Barbosa, “o presidente Lula determinou, nos primeiros meses de 2023, que fosse feito um levantamento em todos os órgãos de Governo, todos os ministérios, das obras paradas e, ao mesmo tempo, que determinássemos uma forma para recuperar essas obras. E, igualmente, se elas precisavam de algum incentivo federal”.\n\n“No caso da área de saúde, temos em torno de 5,5 mil obras paradas. Isso significa quase a metade do total calculado de 12 mil obras paradas em todo o país. A educação vem em segundo lugar, com quase cinco mil obras paradas. No Ministério da Saúde, esse volume de obras se encontra em todo o país, ou seja, não há sequer uma região que não tenha obra parada e com a necessidade imensa de fazer com que as pessoas possam ter equipamentos de saúde disponíveis para garantia da sua assistência”, detalhou.\n\nOs gestores deverão manifestar interesse na retomada das obras por meio do site do Sistema de Investimentos do SUS, oInvestSUS, no prazo de até 60 dias. A ação é parte da lei que estabelece oPacto Nacional pela Retomada de Obras Inacabadas, sancionada pelo presidente Lula em novembro de 2023. A nova legislação prevê aporte de novos recursos financeiros e vantagens para municípios e estados que participarem. Esse investimento está sujeito à manifestação de interesse de estados, municípios e do Distrito Federal, da atualização de dados cadastrais das obras e da apresentação de documentos.\n\nSerão contempladas pela iniciativa as obras ou serviços de engenharia paralisadas, inacabadas ou em funcionamento, mas sem registro como “concluídas” no Sismob por parte do estado ou município beneficiário. Estas últimas poderão ser reativadas, nome dado à regularização da situação de obras que foram concluídas fora do prazo inicialmente pactuado, evitando a devolução de recursos.\n\nPara priorizar as obras nos serviços de saúde, serão observados critérios como percentual de execução; ano de contratação; se a instituição atende comunidades rurais, indígenas ou quilombolas; se o município sofreu desastres naturais nos últimos 10 anos; entre outros. As obras devem ser concluídas em 24 meses, prorrogáveis uma vez pelo mesmo período.\n\nNão serão passíveis de repactuação as obras de entes federados que já efetuaram a devolução de recursos à União ou que sejam passíveis de reativação, isto é, aquelas que, apesar de registradas como não concluídas no Sismob, tenham sido concluídas pelo ente federado.\n\nSerá considerada ação de:\n\nOs novos recursos serão transferidos para concluir as estruturas, mesmo se o valor original já tiver sido todo repassado. A repactuação envolverá novo termo de compromisso e correção dos valores correspondentes à parte não executada, levando em consideração o Índice Nacional de Custo da Construção (INCC) com o objetivo de alcançar a efetividade do programa. Os percentuais de correção das parcelas estão disponíveis na portaria.\n\nSobre a apresentação de documentos\n\nDepois das etapas de apresentação de documentos e da análise e diligências técnicas para que os entes federativos participem do programa de retomada de obras, o Ministério da Saúde vai emitir o resultado dessa primeira etapa, mediante a divulgação de pareceres técnicos.\n\nO Fundo Nacional de Saúde (FNS) vai disponibilizar, por meio de manual de orientações, modelo de referência dos documentos, laudos, relatórios e planos citados na portaria, sempre que couber, a fim de facilitar a participação dos entes federativos.\n\nObras com irregularidades poderão ser incluídas nas propostas, desde que não haja prejuízo para a apuração de responsabilidades sobre as falhas. A retomada da obra, no entanto, não obriga gestores em exercício a responderem por irregularidades constatadas em gestões passadas.\n\nO Ministério da Saúde disponibilizou umapágina especial com regras e prazos do programa. Os gestores também terão acesso a uma cartilha com orientações para a adesão ao plano."
}