{
    "url": "https://www.gov.br/saude/pt-br/assuntos/noticias/2024/maio/aberto-processo-seletivo-de-articuladoras-para-o-projeto-equidade-sus",
    "titulo": "Aberto processo seletivo de articuladoras para o Projeto Equidade SUS",
    "descricao": "Selecionadas atuarão em atividades de planejamento e monitoramento da gestão do SUS, no âmbito do trabalho e da educação na saúde",
    "subtitulo": "PROADI-SUS",
    "categoria": "Saúde e Vigilância Sanitária",
    "autora": "Ministério da Saúde",
    "tags": [
        "trabalho e educação na saúde",
        "equidade",
        "processo seletivo"
    ],
    "data_publi": "16/05/2024",
    "texto": "O Ministério da Saúde, em parceria com o Hospital Alemão Oswaldo Cruz (HAOC), por meio doPrograma de Apoio ao Desenvolvimento Institucional do SUS (Proadi-SUS), publicou nesta quarta-feira (15) oEdital nº 16 de 15/05/2024.\n\nO objetivo é selecionar articuladoras para o Projeto Equidade SUS:Fortalecimento do Programa Nacional de Equidade de Gênero, Raça, Etnia e Valorização das Trabalhadoras no SUS. As inscrições vão até o dia 29 de maio e serão realizadas exclusivamente poreste endereço eletrônico.\n\nAs selecionadas atuarão como apoiadoras técnicas em atividades de educação permanente, planejamento e monitoramento na área da educação e do trabalho no SUS. O processo seletivo é composto por análise da ficha eletrônica de inscrição e documentos comprobatórios, além da realização de dinâmicas grupais com as candidatas pré-selecionadas. Informações completas estão disponíveis no edital da seleção. Dúvidas podem ser enviadas para o e-mail:projetoequidade@haoc.com.br.\n\nSão 14 vagas destinadas a mulheres cis e trans ou travestis com ensino médio completo, experiência noSUSe que já exerceram atividades de facilitação de grupos em processos de aprendizagem ou de planejamento e gestão de políticas públicas ou sociais, no formato de educação permanente, educação popular ou metodologias ativas. É desejável experiência na temática de equidade de gênero, raça, etnia, pessoas com deficiência, geração e gestão do trabalho.\n\nEntendaO Programa Nacional de Equidade de Gênero, Raça, Etnia e Valorização das Trabalhadoras no SUS é uma iniciativa coordenada pelaSecretaria de Gestão do Trabalho e da Educação na Saúdedo Ministério da Saúde (SGTES), e algumas atividades são realizadas com o HAOC, via Proadi-SUS. A iniciativa faz parte do compromisso assumido pelo governo federal de enfrentamento às desigualdades de gênero e raça, reconhecendo o papel do Estado como promotor e articulador de estratégias e políticas públicas que buscam combater desigualdades sociais ainda presentes no país."
}