{
    "url": "https://www.gov.br/saude/pt-br/assuntos/noticias/2024/julho/ministerio-capacita-rede-nacional-de-centros-de-informacoes-estrategicas-em-vigilancia-em-saude",
    "titulo": "Ministério capacita Rede Nacional de Centros de Informações Estratégicas em Vigilância em Saúde",
    "descricao": "Pasta treina, nesta sexta-feira (5), equipes para realizar monitoramento sensível, com análise do risco para a população nacional e ações necessárias para conter emergências",
    "subtitulo": "LANÇAMENTO",
    "categoria": "Saúde e Vigilância Sanitária",
    "autora": "Gabriel GalliMinistério da Saúde",
    "tags": [
        "vigilância em saúde e ambiente",
        "monitoramento",
        "dados abertos"
    ],
    "data_publi": "05/07/2024",
    "texto": "O Ministério da Saúde realiza, nesta sexta-feira (5), o lançamento de uma nova estratégia de vigilância baseada em eventos em saúde pública. O objetivo é oferecer ferramentas inovadoras para intensificar o trabalho realizado pelas equipes da Rede Nacional dos Centros de Informações Estratégicas em Vigilância em Saúde(Rede CIEVS).\n\nO lançamento seráonline,a partir das 10h, e pode ser acompanhado por toda Rede CIEVS.\n\nA nova estratégia é a plataforma EIOS (Inteligência Epidêmica de Fontes Abertas, na sigla em inglês), desenvolvida pela Organização Mundial da Saúde (OMS). Como o próprio nome já diz, a ferramenta utiliza dados abertos, disponíveis na internet, para identificar e monitorar informações sobre eventos de saúde pública.\n\nDesde 2021, o Brasil vem adotando e implementando o uso desta plataforma em nível subnacional através da Rede CIEVS. Até agora, 483 profissionais da rede foram capacitados para utilizar a ferramenta de forma eficaz, com o apoio de técnicos da Organização Pan-Americana de Saúde (Opas) do Brasil e do CIEVS Nacional.\n\n“A importância do uso subnacional no Brasil é destacada pela extensão territorial do país, a autonomia dos estados e municípios, e a heterogeneidade das informações territoriais. A descentralização e a qualificação do uso da EIOS permitem a ampliação das capacidades de detecção oportuna de eventos de saúde pública, contribuindo significativamente para a saúde coletiva no Brasil”, explica o diretor do Departamento de Emergências em Saúde Pública (DEMSP) do Ministério da Saúde, Márcio Garcia.\n\nHistórico de formação\n\nAté janeiro de 2024, 149 unidades da rede já contavam com pelo menos um profissional capacitado para operar o EIOS. A capacitação garante que cada unidade CIEVS, independentemente de abrangência territorial, esteja preparada para utilizar a plataforma de maneira eficiente. Composta por 190 unidades distribuídas pelo país, a Rede CIEVS é responsável por fortalecer as capacidades de detecção precoce e resposta a emergências em saúde pública."
}