{
    "url": "https://www.gov.br/saude/pt-br/assuntos/noticias/2024/setembro/ministerios-da-saude-e-da-gestao-vao-internalizar-programas-na-plataforma-transferegov",
    "titulo": "Ministérios da Saúde e da Gestão vão internalizar programas na plataforma Transferegov",
    "descricao": "Parceria será lançada em evento virtual e dará início a mudança na forma de inclusão e acompanhamento de projetos executados no âmbito dos programas",
    "subtitulo": "PRONON E PRONAS/PCD",
    "categoria": "Saúde e Vigilância Sanitária",
    "autora": "Tatiany Volker BoldriniMinistério da Saúde",
    "tags": [
        "secretaria executiva",
        "cooperação técnica",
        "pessoa com deficiência",
        "atenção oncológica"
    ],
    "data_publi": "09/09/2024",
    "texto": "O Ministério da Saúde e o Ministério de Gestão e Inovação (MGI) darão início ao processo de internalização dos programas nacionais deApoio à Atenção Oncológica (Pronon)e deApoio à Atenção da Saúde da Pessoa com Deficiência (Pronas/PCD)na Nova Esteira de Parcerias da Plataforma Transferegov.br. A parceria será lançada amanhã (10), às 10h, durante webinário transmitido pelocanal do youtube do MGI.\n\nA iniciativa visa divulgar o novo ciclo dos programas que serão operados por meio do Sistema Centralizado de Transferências e Parcerias do Governo Federal, oTransferegov.Com a mudança, as Organizações da Sociedade Civil (OSCs) que desejam apresentar projetos poderão contar com um sistema único e padronizado para protocolar suas propostas. A atual chamada de projetos para o exercício de 2024 está aberta até o dia 18 de outubro. Caso aprovados, os projetos serão monitorados por meio do sistema, de forma a promover maior eficiência e transparência na gestão.\n\nDe acordo com o diretor deCooperação Técnica e Desenvolvimento  em Saúdedo MS, Pedro Ivo Sebba Ramalho, a internalização dos programas na Plataforma Transferegov.br representa um passo histórico para a modernização do Pronon e Pronas/PCD. “Vamos otimizar a gestão das parcerias executadas com recursos captados junto às Pessoas Físicas e Jurídicas, que aportam recursos em projetos habilitados pelo Ministério da Saúde, promovendo uma administração pública mais eficiente, transparente e integrada”, apontou.\n\nJá para a diretora de Transferências e Parcerias da União do MGI, Regina Lemos, o processo também representa grande conquista para a pasta. \"Estamos tirando do papel um sonho antigo, que é a esteira de parcerias. A partir de agora, entramos em uma nova era do Transferegov.br, que será o padrão para todas as próximas internalizações, concretizando, assim, o que foi desenhado com a criação do Sistema de Gestão de Parcerias (Sigpar)\", destacou.\n\nComo parte das ações de internalização dos programas no Tranferegov, tambémserá realizado na próxima quinta-feira (12), webináriopara orientar as OSCs sobre o passo-a-passo de como realizar a inclusão de propostas de projetos no sistema.\n\nAssista ao webinário ao vivo\n\n"
}