{
    "url": "https://www.gov.br/saude/pt-br/assuntos/noticias/2023/outubro/assessoria-de-comunicacao-atende-em-regime-de-plantao",
    "titulo": "Assessoria de Comunicação atende em regime de plantão",
    "descricao": "12 a 15 de outubro de 2023",
    "subtitulo": "PLANTÃO",
    "categoria": "",
    "autora": "Ministério da Saúde",
    "tags": null,
    "data_publi": "11/10/2023",
    "texto": "A Assessoria de Comunicação do Ministério da Saúde atende em regime de plantão entre os dias 12/10 e 15/10, das 9 horas às 20 horas, exclusivamente no número (61) 99215-4579."
}