{
    "url": "https://www.gov.br/saude/pt-br/assuntos/noticias/2024/setembro/campanha-de-doacao-de-orgaos-e-tecidos-alerta-para-a-necessidade-de-dialogo-sobre-o-assunto",
    "titulo": "Campanha de doação de órgãos e tecidos alerta para a necessidade de diálogo sobre o assunto",
    "descricao": "A cada 14 pessoas aptas a doar, apenas quatro acabam efetivando a doação. Mote da campanha este ano é ‘Doação de órgãos: precisamos falar sim’",
    "subtitulo": "CONSCIENTIZAÇÃO",
    "categoria": "Saúde e Vigilância Sanitária",
    "autora": "Ana FreireMinistério da Saúde",
    "tags": [
        "atenção especializada à saúde",
        "transplante",
        "doação de órgãos",
        "setembro verde"
    ],
    "data_publi": "18/09/2024",
    "texto": "Falar dedoação de órgãosainda é um tabu. De cada 14 pessoas que manifestam interesse em doar, apenas quatro acabam efetuando a doação. Um dos principais obstáculos é a recusa familiar. Neste ano, o tema da campanha do Ministério da Saúde sobre o tema será:“Doação de órgãos: precisamos falar sim”, que alerta para a necessidade do diálogo sobre a doação e a desmistificação do assunto. Nos canais digitais da pasta, a veiculação começou nesta quarta (18). Nos canais abertos de televisão e rádio, a campanha inicia no final do mês.\n\nDentre os motivos para não autorizar a doação, estão a não aceitação da manipulação do corpo, crença religiosa, medo da reação dos parentes, desconfiança da assistência e a não compreensão do diagnóstico de morte encefálica – quando se crê que é possível reverter o quadro. Por isso, falar sobre o assunto é o primeiro passo para se tornar um doador.\n\nAlém do doador ter a opção de informar em vida o seu desejo, a família também precisa comunicar à equipe médica sobre o ato. O processo inverso também é importante: os profissionais de saúde são parte essencial no diálogo com familiares e a sociedade como um todo.\n\nA coordenadora-geral doSistema Nacional de Transplantes (SNT)do Ministério da Saúde, Patrícia Freire, também explica que, apesar dos números de doações estarem cada vez maiores, a lista de espera por um transplante continua grande. “Conversar sobre o tema é uma forma de quebrar barreiras, fortalecer a confiança e saber do desejo de cada um. Um dia, a família que doou órgãos pode precisar de um doador”, lembra.\n\nTransplantes no Brasil\n\nNo primeiro semestre deste ano, 14.352 mil transplantes foram viabilizados peloSistema Único de Saúde (SUS)em todo o país. O número já é maior que o de 2023, quando foram registrados 13,9 mil durante o mesmo período. Os órgãos mais doados foram osrins,fígado,coração,pâncreasepulmão, além dacórneaemedula ósseaque são tecidos.\n\nNo total, 4.580 órgãos e 8.260 córneas foram doados nos primeiros seis meses de 2024. O aumento em relação a 2023 foi de 3,2%. Se considerarmos apenas os transplantes de órgãos sólidos, o crescimento foi de 4,2% neste primeiro semestre do ano.\n\nO SNT é o maior programa público de transplantes do mundo, responsável pela regulamentação, financiamento, controle e monitoramento do processo de doação e transplantes realizados no Brasil. Cerca de 88% do custeio é realizado pelo SUS, que atualmente conta com 1.197 serviços distribuídos em 728 estabelecimentos habilitados para a realização de transplantes em todos os estados.\n\nConheça a página da campanha “Doação de órgãos: precisamos falar sim”"
}