{
    "url": "https://www.gov.br/saude/pt-br/assuntos/noticias/2024/abril/ministerio-da-saude-inicia-plano-para-vacinar-130-mil-indigenas",
    "titulo": "Ministério da Saúde inicia plano para vacinar 130 mil indígenas",
    "descricao": "Ao longo do Mês de Vacinação dos Povos Indígenas, serão ofertadas 240 mil doses. Ação começou neste sábado (13), no Oiapoque (AP), com a presença da ministra Nísia Trindade",
    "subtitulo": "SAÚDE INDÍGENA",
    "categoria": "Saúde e Vigilância Sanitária",
    "autora": "Ministério da Saúde",
    "tags": [
        "vigilância em saúde e ambiente",
        "saúde indígena",
        "mvpi",
        "vacinação"
    ],
    "data_publi": "13/04/2024",
    "texto": "O Ministério da Saúde iniciou o Mês de Vacinação dos Povos Indígenas (MVPI) neste sábado (13). Em 2024, o planejamento abrange 992 aldeias, alcançando mais de 130 mil indígenas. A previsão é aplicar cerca de 240 mil doses dos imunizantes que compõem oCalendário Nacional de Vacinação. Essa é mais uma estratégia do governo federal para intensificar a vacinação em territórios indígenas com o objetivo de alcançar a cobertura vacinal, principalmente em áreas de difícil acesso geográfico. A abertura da ação, que se estende até 12 de maio, teve a presença da ministra Nísia Trindade na Aldeia Kuahi, na Terra Indígena Uaçá, próxima a Oiapoque, no Amapá. Após a agenda, a ministra esteve na cidade de Santana, próximo à capital Macapá, onde visitou uma sala de vacinação contra a dengue.\n\nO MVPI acontece em todos os 34Distritos Sanitários Especiais Indígenas (DSEIs)situados nas cinco regiões do país. Mais de 2,5 mil trabalhadores e trabalhadoras da saúde estão envolvidos na atividade. A imunização deste público exige grande esforço pois residem em áreas de difícil acesso terrestre, acesso fluvial limitado em períodos de estiagem e áreas com acesso estritamente aéreo.\n\nNeste sábado, com a presença de diversas autoridades, foram imunizados indígenas na Aldeia Kuahi. No local, vivem 19 famílias que juntas totalizam 85 moradores. Foram disponibilizadas, ao longo do dia, 2,7 mil doses de rotina que, a seguir, serão distribuídas aos polos base do Oiapoque. Contra a Covid-19, são 1.140 doses distribuídas.\n\nAs demais vacinas aplicadas são BCG, febre amarela, tríplice viral (sarampo, rubéola e caxumba), pneumo 23, poliomielite, varicela, difteria e tétano, meningo ACWY, meningocócica C, poliomielite oral, rotavírus, HPV, pentavalente, pneumo 10 e DTPA (para gestantes).\n\nDe maneira geral, a população indígena foi duramente impactada pela disseminação de fake news contra a vacinação, algo que vem sendo revertido após estratégias desenvolvidas pelo Ministério da Saúde. Exemplo disso é o programaSaúde com Ciência, ação inédita e interministerial que tem foco na valorização da ciência e na disseminação de informações confiáveis, além de ações educativas e voltadas à responsabilização.\n\nO programa atua na estratégia de recuperar as altas coberturas vacinais do Brasil diante de um cenário de retrocesso, principalmente nos últimos dois anos, quando foram registrados os piores índices. A propagação defake newsé um dos fatores que impacta na adesão da população às campanhas de imunização.\n\nConcomitante às atividades de vacinação, foram ofertados ao longo do dia outros atendimentos em saúde, de forma a oportunizar as entradas em território indígena, pelas equipes multidisciplinares e demais categorias profissionais. Foram entregues kits de saúde bucal e ofertado atendimento com dentista; distribuição de remédios; atendimento com fisioterapeuta, psicóloga e assistente social; testagens rápidas e leitura de lâminas para malária; e orientações sobre dengue.\n\nObras eveículos também serão entregues\n\nEntre os investimentos na saúde indígena, a ministra Nísia Trindade assinou ordem de serviço para o início das obras da Unidade Básica de Saúde Indígena (UBSI) da Aldeia Espírito Santo, beneficiando 708 pessoas. Além disso, foi anunciada a renovação da frota do DSEI Amapá com 25 novos veículos para atender a população de 14,5 mil indígenas.\n\nLaboratório Transfronteiriço"
}