{
    "url": "https://www.gov.br/saude/pt-br/assuntos/noticias/2024/outubro/sobre-acidente-que-vitimou-bombeiros-militares-e-profissionais-do-samu",
    "titulo": "Sobre acidente que vitimou bombeiros militares e profissionais do SAMU",
    "descricao": "Ministério da Saúde presta suas mais sinceras condolências às famílias, amigos e colegas de trabalho das vítimas",
    "subtitulo": "NOTA DE PESAR",
    "categoria": "Saúde e Vigilância Sanitária",
    "autora": "Ministério da Saúde",
    "tags": [
        "nota de pesar",
        "sus"
    ],
    "data_publi": "12/10/2024",
    "texto": "O Ministério da Saúde manifesta seu mais profundo pesar pelo trágico acidente de helicóptero ocorrido na última sexta-feira (11), em Minas Gerais, que vitimou quatro bombeiros militares, um enfermeiro e um médico do Serviço de Atendimento Móvel de Urgência (SAMU).\n\nA equipe formada pelo piloto, capitão dos bombeiros, Wilker Tadeu Alves da Silva; o copiloto, primeiro-Tenente dos bombeiros, Victor Stehling Schirmer; o operador Aerotático, segundo-sargento dos bombeiros, Welerson Gonçalves Filgueiros; o operador Aerotático, terceiro-sargento dos bombeiros, Gabriel Ferreira Lima e Silva; o médico do SAMU Marcos Rodrigo Trindade e o enfermeiro do SAMU Bruno Sudário França, estava em uma missão de busca e resgate do monomotor desaparecido e perderam suas vidas a serviço da população.\n\nA dedicação e a coragem desses profissionais, que diariamente arriscam suas vidas para salvar outras, não serão esquecidas.\n\nNeste momento de grande tristeza, o Ministério da Saúde presta suas mais sinceras condolências às famílias, amigos e colegas de trabalho das vítimas, desejando conforto e serenidade a todos que sofrem essa perda."
}