{
    "url": "https://www.gov.br/saude/pt-br/assuntos/noticias/2024/maio/prazo-para-cadastramento-de-propostas-termina-na-sexta-feira-31",
    "titulo": "Prazo para cadastramento de propostas termina na sexta-feira (31)",
    "descricao": "Com investimento na ordem de R$ 31,5 bilhões, o Novo PAC na Saúde representará um salto na expansão da assistência à população pelo SUS",
    "subtitulo": "PAC SAÚDE",
    "categoria": "Saúde e Vigilância Sanitária",
    "autora": "Ministério da Saúde",
    "tags": [
        "secretaria executiva",
        "novo pac",
        "pac saúde",
        "fundo nacional de saúde"
    ],
    "data_publi": "29/05/2024",
    "texto": "Atenção gestores e gestoras de estados, municípios e do Distrito Federal. O prazo para cadastramento de Propostas do Novo Programa de Aceleração do Crescimento (Pac) Eixo Saúde termina na próxima sexta-feira, dia 31 de maio. O Ministério da Saúde reforça a importância de cadastramento e monitoramento das informações por meio da plataformaInvestSUS.\n\nCom investimento na ordem de R$ 31,5 bilhões, o Novo PAC na Saúde representará um salto na expansão da assistência à população pelo SUS e possibilitará, nos próximos quatro anos, a universalidade de serviços essenciais na rede pública, além da retomada do investimento em políticas públicas, especialmente em obras de infraestrutura econômica, social e urbana a partir da nova versão do programa.\n\nSaiba mais sobre o Novo PAC Saúde\n\nAcesse o Manual de Orientações de Proposta de Formalização"
}