{
    "url": "https://www.gov.br/saude/pt-br/assuntos/noticias/2024/fevereiro/novas-publicacoes-reforcam-a-promocao-da-saude-e-a-prevencao-de-doencas",
    "titulo": "Novas publicações reforçam a promoção da saúde e a prevenção de doenças",
    "descricao": "Recomendações práticas sobre o Guia de Atividade Física são voltadas às instituições de ensino superior e às secretarias estaduais",
    "subtitulo": "ATIVIDADE FÍSICA",
    "categoria": "Saúde e Vigilância Sanitária",
    "autora": "Laísa QueirozMinistério da Saúde",
    "tags": [
        "atenção primária",
        "guia de atividade física",
        "educação física"
    ],
    "data_publi": "01/02/2024",
    "texto": "Duas novas publicações estão disponíveis online para apoiar a disseminação e a implementação das orientações doGuia de Atividade Física para a População Brasileira.\n\nDirecionado às universidades está oPlano estratégico de difusão, disseminação e implementação do Guia de Atividade Física para a População Brasileira (PDDIG): documento orientativo às Instituições de Ensino Superior.\n\nVoltado às gestões estaduais há oPlano estratégico de difusão, disseminação e implementação do Guia de Atividade Física para a População Brasileira (PDDIG): documento orientativo às Secretarias de Estado de Saúde.\n\nO objetivo das publicações é instituir os PDDIG nas diversas esferas da gestão, órgãos, conselhos e instituições, reforçando a importância da pauta para a promoção da saúde e a prevenção de doenças. “É importante ressaltar que os conteúdos e as ações relacionadas ao guia não são destinados apenas aos profissionais de educação física ou demais profissionais de saúde. O documento visa facilitar o acesso e a compreensão de todas as pessoas\", diz o assessor técnico do Núcleo de Promoção da Atividade Física do Ministério da Saúde, Jean Augusto Coelho Guimarães. \"Esses documentos relacionados ao PDDIG são ferramentas estratégicas para ampliar a oferta de ações e serviços, a fim de promover, no dia a dia, mais saúde e qualidade de vida à população.\"\n\nUniversidades\n\nA publicação direcionada às Instituições de Ensino Superior (IES) sugere iniciativas que podem ser realizadas nesses ambientes, considerando os eixos ensino, pesquisa, extensão, comunicação e ações intersetoriais e 14 estratégias. Elas abrangem diversas áreas do conhecimento, além da saúde, e podem ser adaptadas, considerando o contexto local e a autonomia universitária. Há sugestões para incluir os conteúdos do guia como referência bibliográfica em disciplinas e pesquisas da arquitetura (na parte de infraestrutura), da comunicação (para traduzir os conhecimentos em saúde), entre outras.\n\nA formulação do material teve a contribuição de professores de IES públicas e privadas das cinco regiões do Brasil, situadas em capitais e no interior, buscando, assim, uma heterogeneidade de realidades, vivências e opiniões acerca das estratégias inseridas.\n\nGestões estaduais\n\nNo caso das Secretarias Estaduais de Saúde (SES), as estratégias são voltadas para aprimorar o alcance do Guia nos serviços do Sistema Único de Saúde (SUS). Há sugestões de:\n\n·         Ações intrasetoriais (como reuniões técnicas com as regionais de saúde para apresentar o Guia e identificar experiências exitosas);\n\n·         Ações intersetoriais (articulação com o terceiro setor e com outras secretarias do estado);\n\n·         Educação em saúde (como a inclusão de conteúdos do guia em planos estaduais de educação);\n\n·         Fomento de pesquisas (com financiamento das que monitoram a implementação do Guia);\n\n·         Comunicação (usar orientações do Guia em campanhas publicitárias, utilizar os materiais disponibilizados pelo Ministério da Saúde, entre outros);\n\n·         Monitoramento.\n\nO documento foi elaborado após o acompanhamento da distribuição dos exemplares do guia pelas SES aos municípios, por meio de formulário eletrônico e relatório com os resultados obtidos, além de uma oficina com gestores estaduais do Programa Academia da Saúde (PAS). Foram debatidas ações possíveis de serem implementadas e estratégias de disseminação.\n\nSobre o guia\n\nOGuia de Atividade Física para a População Brasileiraestá disponível nos formatos online e impresso, incluindo uma versão em braile. O material, dividido em oito capítulos, traz as primeiras recomendações para que a população seja fisicamente mais ativa de forma simples, apresentando orientações, além de exemplos, separados por ciclos de vida, gestantes e puérperas, pessoas com deficiência e educação física escolar. Também é útil para as pessoas reconhecerem que, em diversos momentos do dia a dia, elas já praticam (ou podem praticar) alguma atividade física, seja nos deslocamentos ou nos ambientes doméstico, de trabalho e de estudo.\n\nAlém da versão em português, a publicação também está disponível em inglês, em espanhol e comoaudiobook. Outros documentos, como oMaterial Suplementar, com a descrição do processo metodológico do Guia, e asRecomendações para gestores e profissionais de saúde, também estão disponibilizados na Biblioteca Virtual da Saúde como documentos complementares."
}