{
    "url": "https://www.gov.br/saude/pt-br/assuntos/noticias/2024/julho/ministerio-da-saude-entrega-1-5-mil-obras-de-infraestrutura-no-territorio-yanomami",
    "titulo": "Ministério da Saúde entrega 1,5 mil obras de infraestrutura no território Yanomami",
    "descricao": "Ações incluíram a reestruturação de 10 unidades básicas de saúde indígena (UBSIs). Além disso, houve a implantação, reativação e melhorias em 109 sistemas de abastecimento de água",
    "subtitulo": "SAÚDE INDÍGENA",
    "categoria": "Saúde e Vigilância Sanitária",
    "autora": "Otávio AugustoMinistério da Saúde",
    "tags": [
        "saúde indígena",
        "yanomami",
        "infraestrutura",
        "emergência"
    ],
    "data_publi": "03/07/2024",
    "texto": "O Ministério da Saúde concluiu 1.518 ações na infraestrutura da saúde indígena no territórioYanomami. As intervenções ocorreram entre janeiro de 2023 e junho deste ano. Entre as principais medidas estão reforma de unidades básicas, instalação de sistemas de abastecimento de água, instalação de sistemas fotovoltaicos e manutenção de pistas de pouso.\n\nAs ações seguiram as diretrizes da Emergência em Saúde Pública de Importância Nacional no Território Yanomami, decretada em janeiro de 2023, e foram guiadas pelas exigências e necessidades da população local.\n\n“As operações foram executadas em resposta às necessidades e demandas identificadas no Território Yanomami, bem como, em conformidade com as prioridades estabelecidas, levando em consideração a disponibilidade e viabilidade logística e operacional de materiais, equipamentos, insumos, mão de obra e fatores externos”, informa aSecretaria de Saúde Indígena (Sesai)do Ministério da Saúde.\n\nAs ações incluíram reestruturação de 10 unidades básicas de saúde indígena (UBSIs); 109 implantações, reativações e melhorias em sistemas de abastecimento de água; instalação de 22 sistemas fotovoltaicos; 249 medidas de gerenciamento de resíduos sólidos e 411 de monitoramento da qualidade da água. Adicionalmente, foram realizadas 80 operações de limpeza e manutenção de pistas de pouso para garantir a acessibilidade e segurança nessas áreas críticas.\n\nNeste período, a pasta construiu sete UBSIs e reformou outras três. Sete estabelecimentos estão com obras em andamento, que  serão entregues em breve.  O investimento do ministério na assistência do povo Yanomami subiu 2.498%. O montante saltou de R$ 1,3 milhão, no período entre 2019 e 2022, para R$ 34,2 milhões atuais. O valor, de acordo com a Sesai, foi usado na ampliação e melhoria da estrutura da saúde da população indígena.\n\nAção conjunta\n\nO povo Yanomami tem a maior terra indígena do Brasil, com 10 milhões de hectares, mais de 380 comunidades e 30 mil indígenas. Desde janeiro de 2023, em uma ação interministerial, o Ministério da Saúde aumentou o efetivo de profissionais, dobrou o investimento em ações de saúde e trabalhou para garantir a assistência e combater as principais doenças, como a malária e a desnutrição."
}