{
    "url": "https://www.gov.br/saude/pt-br/assuntos/noticias/2024/outubro/lancado-edital-de-r-1-5-milhao-para-projetos-em-tuberculose-e-sua-coinfeccao-com-hiv-desenvolvidos-por-oscs",
    "titulo": "Lançado edital de R$ 1,5 milhão para projetos em tuberculose e sua coinfecção com HIV desenvolvidos por OSCs",
    "descricao": "Aberto até 24 de novembro, edital foca no fortalecimento de estratégias de mobilização social e ações de base comunitária voltadas para a eliminação da doença como problema de saúde pública",
    "subtitulo": "PARTICIPAÇÃO SOCIAL",
    "categoria": "Saúde e Vigilância Sanitária",
    "autora": "Ministério da Saúde",
    "tags": [
        "vigilância em saúde e ambiente",
        "tuberculose",
        "chamada pública",
        "organizações da sociedade civil"
    ],
    "data_publi": "25/10/2024",
    "texto": "Estão abertas as inscrições para seleção de propostas de Organizações da Sociedade Civil (OSCs) voltadas ao desenvolvimento de projetos de mobilização social e de ações de base comunitária emtuberculosee coinfecção TB-HIV. Trata-se de uma iniciativa do Ministério da Saúde, em parceria com a Organização Pan-americana da Saúde (Opas) que tem por objetivo fortalecer estratégias para a eliminação da doença como problema de saúde pública por meio da atuação no território.\n\nAcesse o edital de seleção de propostas\n\nNo total, o edital tem um investimento de R$1,5 milhão e pretende selecionar projetos de todas as regiões do país. Para participar, as organizações interessadas deverão enviar a proposta de projeto e os documentos de habilitação indicados no edital entre os dias 25 de outubro até dia 24 de novembro.\n\n“As linhas temáticas incluídas no edital perpassam a ampliação de acesso à prevenção, diagnóstico e tratamento da tuberculose e ainda enfatizam outros componentes do cuidado às pessoas e comunidades afetadas, como a comunicação e a educação em saúde, o enfrentamento do estigma e da discriminação, e a ampliação da proteção social” destaca a coordenadora-geral de Vigilância da Tuberculose, Micoses Endêmicas e Micobactérias não tuberculosas, Fernanda Dockhorn. Ainda, a iniciativa visa contemplar propostas relacionadas à vigilância popular em saúde e ao fortalecimento das redes de organizações, movimentos e coletivos atuantes na resposta à tuberculose.\n\nAlém desse, serão publicados outros dois editais ainda este ano voltados para as Organizações da Sociedade Civil que atuam junto aoDepartamento de HIV, Aids, Tuberculose, Hepatites Virais e ISTs (Dathi). Draurio Barreira, diretor do departamento, destaca que os editais são ferramentas que estimulam a identificação de soluções inovadoras.\n\n“A atuação das OSCs é de extrema relevância para avançarmos rumo a políticas públicas adequadas às necessidades das populações consideradas prioritárias por terem maior risco de adoecimento ou por estarem em situação de vulnerabilidade social. Nesse sentido, consideramos as pessoas vivendo com HIV ou aids, pessoas privadas de liberdade, pessoas em situação de rua, indígenas e imigrantes, e também comunidades de favelas, áreas ribeirinhas, população negra, dentre outras”."
}