{
    "url": "https://www.gov.br/saude/pt-br/assuntos/noticias/2024/maio/governo-realiza-encontro-para-ouvir-prioridades-de-mais-de-300-municipios-gauchos",
    "titulo": "Governo realiza encontro para ouvir prioridades de mais de 300 municípios gaúchos",
    "descricao": "Encontro virtual com prefeitos e representantes de cidades atingidas pelas chuvas tem como intenção agilizar ações de socorro e liberações de recursos",
    "subtitulo": "CHUVAS",
    "categoria": "Saúde e Vigilância Sanitária",
    "autora": "Ministério da SaúdeCom informações daSecretaria de Comunicação da Presidência da República",
    "tags": [
        "atenção especializada à saúde",
        "rio grande do sul"
    ],
    "data_publi": "06/05/2024",
    "texto": "Ênfase em parcerias essenciais para garantir o salvamento de quem ainda precisa ser localizado. Medidas excepcionais para dar agilidade ao repasse de recursos emergenciais. Apelo por liberações de emendas parlamentares. Acesso a verbas de Defesa Civil para reconstrução de infraestruturas. O Governo Federal teve um momento de ampla escuta com prefeitos e representantes de mais de 300 municípios gaúchos afetados pelos efeitos das chuvas na noite deste domingo, 5 de maio, em Porto Alegre.\n\nOs ministros Paulo Pimenta (Secretaria de Comunicação da Presidência), Nísia Trindade (Saúde) e Waldez Góes (Integração e Desenvolvimento Regional) ouviram as demandas em função dos múltiplos estragos em estruturas, instituições e bens públicos e privados.\n\nPaulo Pimenta enfatizou que o Governo mobilizou uma ampla estrutura federal nos últimos dias. Já são mais de 14,5 mil profissionais em solo gaúcho, a grande maioria das Forças Armadas (13,6 mil) e das forças de segurança ligadas ao Ministério da Justiça. Eles já realizaram mais de 25 mil salvamentos aéreos, terrestres e fluviais. Só as Forças Armadas mobilizam 951 viaturas, 30 aeronaves e 182 embarcações.\n\n\"Ontem no fim do dia tínhamos 14 mil salvamentos. Hoje, já ultrapassamos mais de 30 mil. Trinta mil vidas salvas. Evidentemente que gostaríamos que fossem mais. Estamos trabalhando para ajudar tudo o que pudermos. São mais de 30 aeronaves mobilizadas. O combustível de quase todo o ano foi utilizado em três dias\", pontuou Pimenta. O ministro reconheceu que, mesmo com todo o esforço, ainda há desafios a serem superados em parceria com o estado e os municípios, principalmente porque a quantidade de municípios envolvidos e de pessoas em situação precária é muito elevada.\n\nSegundo a atualização das 19h21 da Defesa Civil, há 341 municípios do Rio Grande do Sul afetados pelas consequências das chuvas no estado. São 18.487 desabrigados, 115.921 pessoas desalojadas e um total de 850 mil pessoas afetadas pelos efeitos da calamidade climática. Há a confirmação de 78 óbitos e o registro de 111 desaparecidos. O boletim registra ainda o salvamento de 3.461 animais.\n\n\"Esse encontro virtual teve como pauta principal a maneira como os municípios podem agilizar processos para que as cidades atingidas sejam contempladas por programas do Governo Federal o mais rápido possível\", resumiu Pimenta em seu perfil na rede social X (antigo Twitter).\n\nTambém participaram do encontro Wolnei Aparecido Wolff Barreiros,  secretário nacional de Defesa Civil; André Quintão, secretário nacional de Assistência Social do Ministério do Desenvolvimento e Assistência Social, Família e Combate à Fome (MDS), e André Ceciliano, secretário especial de assuntos federativos da Secretaria de Relações Institucionais, além do presidente da Conab, Edegar Pretto.\n\nDEFESA CIVIL -Os ministros ressaltaram, ainda, a publicação de uma portaria pelo Governo Federal neste domingo que reconhece de forma sumária o Estado de Calamidade Pública em 336 municípios gaúchos. A medida é requisito essencial para o acesso a recursos de ajuda humanitária e reconstrução dos municípios previstos pela Defesa Civil Nacional. Paralelamente, o Grupo de Apoio a Desastres do Ministério da Integração e Desenvolvimento Regional mantém equipes com representantes em Porto Alegre e na região central do estado, baseados em Santa Maria e Santa Cruz do Sul. Eles acompanham os gestores locais na formulação dos planos de operação para liberar recursos de forma mais ágil. A mesma equipe acionou o Ministério da Defesa para requerer mais oito aeronaves e outros meios de apoio.\n\nSAÚDE -A ministra Nísia Trindade explicou que o Ministério da Saúde já acionou 60 profissionais daForça Nacional do Sistema Único de Saúdee que 20 duplas de aeromédicos (médico + enfermeiro que atuam em unidades aéreas) chegarão nesta segunda ao estado, o que amplia a chance de resgates de pessoas em situações mais delicadas de saúde com ainda maior chance de salvamento. Nísia informou ainda que terá nesta segunda-feira uma reunião com toda a rede hospitalar pública e privada e secretários municipais de saúde do estado para organizar e integrar ações e prioridades. Citou ainda uma reunião com as principais empresas produtoras de oxigênio para garantir o suprimento para hospitais do estado."
}