{
    "url": "https://www.gov.br/saude/pt-br/assuntos/noticias/2024/junho/linha-do-tempo-confira-as-acoes-do-ministerio-da-saude-na-assistencia-a-populacao-gaucha",
    "titulo": "Linha do tempo: confira as ações do Ministério da Saúde na assistência à população gaúcha",
    "descricao": "Pasta destinou cerca de R$ 1,8 bilhão ao estado e realizou diversas ações intersetoriais para minimizar o impacto das enchentes na vida dos moradores locais",
    "subtitulo": "RIO GRANDE DO SUL",
    "categoria": "Saúde e Vigilância Sanitária",
    "autora": "Igor TarcízioMinistério da Saúde",
    "tags": [
        "vigilância em saúde e ambiente",
        "atenção primária",
        "atenção especializada à saúde",
        "rio grande do sul"
    ],
    "data_publi": "10/06/2024",
    "texto": "Desde o início da emergência em saúde pública no Rio Grande do Sul, após fortes chuvas e inundações atingirem o estado, no final de abril, o Ministério da Saúde tem realizado diversas medidas de assistência à população gaúcha.\n\nConfira abaixo, em ordem cronológica, o mapeamento das ações efetuadas pela pasta em apoio ao estado:"
}