{
    "url": "https://www.gov.br/saude/pt-br/assuntos/noticias/2024/novembro/saude-e-sesi-firmam-parceria-para-promover-qualidade-de-vida-e-melhores-condicoes-de-trabalho",
    "titulo": "Saúde e Sesi firmam parceria para promover qualidade de vida e melhores condições de trabalho",
    "descricao": "Acordo marca compromisso com ações intersetoriais para fortalecer o SUS e criar ambientes profissionais mais saudáveis",
    "subtitulo": "ACORDO DE COOPERAÇÃO",
    "categoria": "Saúde e Vigilância Sanitária",
    "autora": "Edjalma BorgesMinistério da Saúde",
    "tags": [
        "ciência e tecnologia em saúde",
        "indústria",
        "condições de trabalho",
        "plano estratégico"
    ],
    "data_publi": "27/11/2024",
    "texto": "O Ministério da Saúde, o Serviço Social da Indústria (Sesi) e o Conselho Nacional do Sesi firmaram, nesta quarta-feira (27),um acordo de cooperação técnica com foco na promoção da qualidade de vida e melhores condições de trabalho à população brasileira. A assinatura ocorreu durante a abertura do14º Encontro Nacional da Indústria (ENAI), em Brasília. O evento contou com a presença do do presidente da República, Luiz Inácio Lula da Silva, do vice-presidente, Geraldo Alckmin, e da ministra da Saúde, Nísia Trindade.\n\nO acordo, parte do plano estratégico do governo para fomentar a colaboração entre os setores público e privado, integra o lançamento do Movimento Empresarial pela Saúde, uma iniciativa que busca fortalecer oSistema Único de Saúde (SUS)e impulsionar avanços na indústria da saúde.\n\nPara Nísia Trindade, a parceria reflete o papel do Ministério da Saúde como articulador de iniciativas que combinam saúde pública e colaboração entre diferentes setores. “Ao unir esforços com a CNI, estamos promovendo saúde no ambiente de trabalho, fortalecendo o SUS e avançando na construção de uma sociedade mais saudável e produtiva”, destacou.\n\nDurante sua participação no evento, o presidente Lula destacou os avanços da indústria e reafirmou o compromisso do Governo Federal em fortalecer o setor e ampliar as oportunidades para os brasileiros. “Dinheiro concentrado nas mãos de poucos gera desigualdade, desemprego e exclusão. Quando é distribuído de forma justa, promovemos o desenvolvimento equilibrado da sociedade. Valorizar o trabalhador e distribuir renda não são apenas questões sociais, mas fundamentos do crescimento econômico sustentável”, declarou o presidente.\n\nCompromisso intersetorial\n\nO objetivo central do acordo é promover ações intersetoriais que resultem em ambientes e processos de trabalho mais saudáveis. Entre as responsabilidades da pasta da Saúde estão:\n\nIndústria e saúde: uma parceria estratégica para o SUS\n\nA ministra Nísia Trindade ressaltou que o setor da saúde é essencial para o crescimento sustentável do país, representando cerca de 10% do PIB nacional e gerando 9 milhões de empregos diretos. Além disso, é responsável por aproximadamente 35% da pesquisa científica brasileira e desempenha papel central na quarta revolução tecnológica.\n\n“Sem tecnologia, capacidade produtiva, vacinas, medicamentos e equipamentos de diagnóstico, não é possível cuidar das pessoas. Fortalecer oComplexo Econômico-Industrial da Saúde (CEIS)é uma prioridade para garantir a sustentabilidade do SUS e ampliar a assistência à população”, afirmou Nísia, no evento de hoje.\n\nHoje, o Brasil produz cerca de 45% das necessidades de saúde do SUS em medicamentos, vacinas e equipamentos. Com o lançamento do programa “Nova Indústria Brasil (NIB)” pelo presidente Lula, o governo tem como meta aumentar essa produção para 70% até 2033, reduzindo a dependência de insumos importados e gerando economia aos cofres públicos.\n\nInvestimentos que transformam a saúde\n\nEntre 2023 e 2026, o governo federal prevê investimentos de R$ 57,4 bilhões no CEIS. Desse total, R$ 8,9 bilhões estão destinados aoNovo PAC, que contempla:\n\nAlém disso, o programa recebeu 322 projetos deParcerias de Desenvolvimento Produtivo (PDPs)e Inovação e Desenvolvimento Local (PDIL), contemplando 13 desafios produtivos e tecnológicos estratégicos para o SUS."
}