{
    "url": "https://www.gov.br/saude/pt-br/assuntos/noticias/2024/julho/oficina-de-educacao-em-saude-para-ouvidorias-e-realizada-em-pernambuco",
    "titulo": "Oficina de educação em saúde para ouvidorias é realizada em Pernambuco",
    "descricao": "Feito em parceria com a Fiocruz e a Universidade Aberta do SUS, evento objetiva qualificar profissionais que irão compor o Sistema Nacional de Ouvidorias",
    "subtitulo": "QUALIFICAÇÃO",
    "categoria": "Saúde e Vigilância Sanitária",
    "autora": "Ministério da Saúde",
    "tags": [
        "secretaria executiva",
        "ouvsus",
        "educação permanente",
        "qualificação"
    ],
    "data_publi": "30/07/2024",
    "texto": "O Ministério da Saúde, por meio daOuvidoria-Geral do SUS (OuvSUS/MS), realizou, em julho, na cidade de Recife, a 1ª Oficina de Educação Permanente em Saúde para Ouvidorias do SUS da Região Nordeste. O evento foi feito em parceria com a Fundação Oswaldo Cruz (Fiocruz) e a Universidade Aberta do Sistema Único de Saúde (UNA-SUS).\n\nSegundo a ouvidora-geral do SUS, Conceição Rezende, a partir de uma construção coletiva, “estamos desenvolvendo um programa de fortalecimento da educação permanente em saúde para qualificação de ouvidores, gestores e trabalhadores que comporão o Sistema Nacional de Ouvidorias do SUS”. A ouvidora reforçou que a oficina tem o objetivo de aprimorar os processos de trabalho das Ouvidorias do SUS, com foco na qualificação, realização da prática competente, responsável e transformadora.\n\nO programa prevê a realização de sete oficinas regionais, sendo duas no Norte, duas no Nordeste, uma no Centro-Oeste, uma no Sudeste e uma na região Sul. Antes de iniciar as oficinas, a OuvSUS sistematizou informações para a construção dos principais temas a serem abordados, buscando atender as realidades e as necessidades próprias de cada localidade."
}