{
    "url": "https://www.gov.br/saude/pt-br/assuntos/noticias/2024/junho/conferencia-sobre-equidade-no-trabalho-na-educacao-e-na-comunicacao-na-saude-acontece-em-julho",
    "titulo": "Conferência sobre equidade no trabalho, na educação e na comunicação na saúde acontece em julho",
    "descricao": "Diretrizes e propostas para o aperfeiçoamento do Programa Nacional de Equidade estão entre as pautas do encontro .Inscrições vão até o dia 3 de julho",
    "subtitulo": "PARTICIPAÇÃO POPULAR",
    "categoria": "Saúde e Vigilância Sanitária",
    "autora": "Ministério da Saúde",
    "tags": [
        "trabalho e educação na saúde",
        "equidade",
        "conferência"
    ],
    "data_publi": "21/06/2024",
    "texto": "Com o tema ‘A equidade no trabalho, na educação e na comunicação na Saúde’, a 1ª Conferência Livre Nacional de Equidade no Trabalho, na Educação e na Comunicação na Saúde (1ª CLNE) será realizada no dia 9 de julho. As inscrições para participaçãoonlineno evento podem ser realizadas até o próximo dia 3, peloendereço eletrônico.\n\nO evento, voltado à reflexão sobre equidade no trabalho, na educação e na comunicação na saúde, será realizado por movimentos sociais que compõem a Comissão Intersetorial de Políticas de Promoção da Equidade (CIPPE) do Conselho Nacional de Saúde (CNS), em parceria com aSecretaria de Gestão do Trabalho e da Educação na Saúde do Ministério da Saúde (SGTES). Sugestões de diretrizes e propostas para a 1ª CLNE poderão ser inseridas noformulário eletrônicoaté às 18 horas do dia 27 de junho.\n\nEquidade na saúde\n\nEntre os propósitos da 1ª CLNE está a discussão de diretrizes e propostas para o aperfeiçoamento doPrograma Nacional de Equidade de Gênero, Raça, Etnia e Valorização das Trabalhadoras no Sistema Único de Saúdee das práticas de promoção da equidade em saúde, tendo em vista a garantia da implementação das ações de promoção da equidade e valorização de trabalhadoras e trabalhadores do SUS. O programa, coordenado pela SGTES, faz parte do compromisso assumido pelo governo federal de enfrentamento às desigualdades de gênero e raça, reconhecendo o papel do Estado como promotor e articulador de estratégias e políticas públicas que buscam combater desigualdades sociais ainda presentes no país.\n\nTambém entre os assuntos da discussão está o tema \"democracia, trabalho e educação na saúde para o desenvolvimento: gente que faz o SUS acontecer\", da 4ª Conferência Nacional de Gestão do Trabalho e da Educação na Saúde (4ª CNGTES), a ser realizada de 10 a 13 de dezembro.\n\nRepresentantes de segmentos da sociedade identificados com a luta pela equidade no mundo do trabalho, educação na saúde e mobilizadas na construção de umSistema Único de Saúde (SUS)amplo, integral e igualitário, participarão do evento. Durante o encontro, serão formados grupos para debater e aprovar diretrizes e propostas com base no Relatório Consolidado das Diretrizes e Propostas, construídas a partir das sugestões recebidas no formulário eletrônico."
}