{
    "url": "https://www.gov.br/saude/pt-br/assuntos/noticias/2024/fevereiro/aberta-chamada-publica-para-mapeamento-de-praticas-de-promocao-da-alimentacao-saudavel",
    "titulo": "Aberta chamada pública para mapeamento de práticas de promoção da alimentação saudável",
    "descricao": "Foco é reunir experiências nos serviços de assistência técnica e extensão rural. Prazo final para cadastro é o dia 28 de março",
    "subtitulo": "BOAS EXPERIÊNCIAS",
    "categoria": "Saúde e Vigilância Sanitária",
    "autora": "Ministério da Saúde",
    "tags": [
        "atenção primária",
        "alimentação saudável",
        "chamada pública",
        "assistência técnica"
    ],
    "data_publi": "26/02/2024",
    "texto": "O Ministério da Saúde lançou uma chamada pública para Mapeamento de Práticas de Promoção da Alimentação Adequada e Saudável nos serviços de Assistência Técnica e Extensão Rural (Ater). A iniciativa é uma parceria com a Universidade Federal do Pampa (Unipampa) - Campus Itaqui - e conta com o apoio da Organização Pan-Americana da Saúde (Opas). A data limite para cadastrar uma experiência é 28 de março.\n\nO objetivo da convocação é identificar vivências e tecnologias de extensão rural que valorizem e fortaleçam a promoção da alimentação adequada e saudável (Paas), além de proporcionar seu compartilhamento entre profissionais extensionistas, de saúde e gestores. Dessa maneira, poderão ser divulgadas diferentes estratégias e soluções locais para responder aos diversos desafios inerentes à área, contribuindo para a qualificação do trabalho desenvolvido por esses profissionais nos territórios.\n\nPodem participar da chamada pública, na condição de proponente, extensionistas rurais vinculados a prestadoras de assistência técnica e extensão rural cadastradas na Agência Nacional de Assistência Técnica e Extensão Rural. Todas as regras, documentos exigidos e formulário de cadastro podem ser conferidos em edital.\n\nVale lembrar que os relatos das experiências selecionadas nesse mapeamento serão publicados em livro digital, que será divulgado na biblioteca virtual do Ministério da Saúde.\n\nEm caso de dúvidas, os interessados podem consultar a equipe organizadora por meio do e-mail: guiaalimentarnaater@gmail.com.\n\nConfira o edital"
}