{
    "url": "https://www.gov.br/saude/pt-br/assuntos/noticias/2024/maio/ministerio-da-saude-participa-da-25a-marcha-dos-prefeitos",
    "titulo": "Ministério da Saúde participa da 25ª Marcha dos Prefeitos",
    "descricao": "Durante o evento, gestores poderão tirar dúvidas sobre ações e políticas que envolvam o Sistema Único de Saúde (SUS)",
    "subtitulo": "GESTÃO MUNICIPAL",
    "categoria": "Saúde e Vigilância Sanitária",
    "autora": "Nadja Alves dos ReisMinistério da Saúde",
    "tags": [
        "vigilância em saúde e ambiente",
        "atenção especializada à saúde",
        "marcha dos prefeitos",
        "atendimento em saúde"
    ],
    "data_publi": "21/05/2024",
    "texto": "Entre os dias 20 e 23 de maio, gestores de todo o Brasil se reúnem para a 25ª Marcha dos Prefeitos, na capital federal. Anualmente, o evento reúne representantes de milhares de municípios brasileiros para discutir demandas e políticas públicas. Segundo a Confederação Nacional de Municípios (CNM), cerca de 9,5 mil participantes são esperados neste ano. Durante o evento, a Saúde apresenta painéis de discussão e disponibiliza atendimento a prefeitos, vice-prefeitos e gestores municipais.\n\nAtendimento a municípios\n\nComo parte da programação, na sede do Ministério da Saúde, está sendo disponibilizado atendimentos a prefeitos, vice-prefeitos e gestores municipais, até a próxima quinta-feira (23), de 9h às 18h. Também é possível solicitar essas orientações no próprio encontro.\n\nUm dos atendidos foi o prefeito de Quebrangulo (AL), Marcelo Lima, que já participa do evento há 12 anos. Segundo o gestor, esse momento de diálogo com técnicos da pasta é fundamental para a implementação das políticas de saúde no seu município, que aproxima o governo federal da gestão municipal: “É importante porque nós temos uma resposta mais rápida e conversamos diretamente com os técnicos”, contou.\n\nDiálogos sobre saúde pública\n\nAo longo da programação, o público pode acompanhar diálogos sobre a gestão da saúde nos municípios, com participação de representantes do Ministério da Saúde. Na segunda (20), a secretária deVigilância em Saúde e Ambiente, Ethel Maciel, e a diretora do Departamento de Estratégias e Políticas de Saúde da Família e Comunidade, Evellin Bezerra da Silva, palestraram sobre a integração das ações de atenção primária e vigilância.\n\nNo mesmo dia, o secretário deAtenção Especializada à Saúde, Adriano Massuda, e o secretário substituto Especial deSaúde Indígena, Nelson Soares Filho, participaram de diálogo sobre atenção especializada e saúde indígena.\n\nAmanhã (22), será realizada uma mesa de discussões sobre desafios nacionais para a execução dos recursos da saúde, com apresentação do diretor-executivo do Fundo Nacional de Saúde (FNS), Dárcio Guedes Jr.\n\nSERVIÇOXXV MARCHA DOS PREFEITOS EM BRASÍLIA\n\nData:20 (segunda) a 23 de maio (quinta)Horário:9hLocal:Centro Internacional de Convenções do Brasil (CICB), St. de Clubes Esportivos Sul Trecho 2 Conjunto 63, Lote 50MESA TEMÁTICADesafios Nacionais para a Execução dos Recursos da Saúde\n\nData: 22 de maioHora: 8h às 10hLocal: Arena 1 - (CICB)"
}