{
    "url": "https://www.gov.br/saude/pt-br/assuntos/noticias/2024/novembro/decreto-concede-ausencia-a-trabalhadores-da-administracao-publica-federal-para-exames-preventivos-de-cancer",
    "titulo": "Decreto concede ausência a trabalhadores da administração pública federal para exames preventivos de câncer",
    "descricao": "Trabalhadores poderão deixar de comparecer ao serviço, sem prejuízo na remuneração, por até três dias ao ano, para a realização dos exames",
    "subtitulo": "SAÚDE",
    "categoria": "Saúde e Vigilância Sanitária",
    "autora": "Ministério da SaúdeCom informações daSecretaria de Comunicação da Presidência da República",
    "tags": [
        "exames preventivos",
        "câncer",
        "decreto",
        "administração pública federal"
    ],
    "data_publi": "12/11/2024",
    "texto": "Foi publicado no Diário Oficial da União (DOU) desta terça-feira, 12 de novembro, oDecreto Nº 12.246/2024, que dispõe sobre a dispensa ao serviço das pessoas ocupantes de cargo público e de trabalhadoras e trabalhadores de empresas contratadas para a prestação de serviços de mão de obra, no âmbito da administração pública federal direta, autárquica e fundacional, para a realização de exames preventivos decâncer.\n\nDe acordo com o decreto, os trabalhadores da administração pública federal direta poderão deixar de comparecer ao serviço, sem prejuízo na remuneração, por até três dias ao ano, para a realização de exames preventivos de câncer.\n\nA ausência não vai exigir compensação da jornada de trabalho nem será computada nos limites anuais de dispensa de compensação estabelecidos em ato do órgão central do Sistema Pessoal Civil da Administração Federal (Sipec).\n\nA administração vai promover, em articulação com a empresa contratada para a prestação de serviços e mão de obra, ações de incentivo e promoção do direito previsto na Consolidação das Leis do Trabalho (CLT).\n\nA medida foi assinada pelo presidente Luiz Inácio Lula da Silva, pelas ministras Esther Dweck (Gestão e Inovação em Serviços Públicos) e Nísia Trindade (Saúde) e pelo advogado-geral da União, Jorge Messias."
}