{
    "url": "https://www.gov.br/saude/pt-br/assuntos/noticias/2024/abril/educacao-permanente-e-tema-de-conferencia-nacional-livre-em-brasilia",
    "titulo": "Educação permanente é tema de conferência nacional livre em Brasília",
    "descricao": "Evento faz parte das etapas preliminares da 4ª Conferência Nacional de Gestão do Trabalho e da Educação na Saúde (CNGTES)",
    "subtitulo": "FORMAÇÃO EM SAÚDE",
    "categoria": "Saúde e Vigilância Sanitária",
    "autora": "Ministério da Saúde",
    "tags": [
        "trabalho e educação na saúde",
        "secretaria executiva",
        "educação",
        "una-sus"
    ],
    "data_publi": "22/04/2024",
    "texto": "O Ministério da Saúde, por meio daSecretaria de Gestão do Trabalho e da Educação na Saúde (SGTES)e daUniversidade Aberta do SUS (Una-SUS), promove a Conferência Nacional Livre de Educação Permanente em Saúde: diversidade e equidade no uso de tecnologias educacionais para a formação online de trabalhadores e trabalhadoras do SUS. O evento será realizado em Brasília, na Fundação Oswaldo Cruz (Fiocruz), no dia 7 de maio.\n\nGestores estaduais, municipais, trabalhadores de saúde e o público em geral podem participar gratuitamente. Para fazer a inscrição, basta preencher oformulárioaté 1º de maio. O evento será uma das etapas preliminares da 4ªConferência Nacional de Gestão do Trabalho e da Educação na Saúde: Democracia, Trabalho e Educação na Saúde para o Desenvolvimento: Gente que faz o SUS acontecer,que acontecerá no mês de dezembro.\n\nAs conferências livres oportunizam o compartilhamento de experiências inovadoras que vêm sendo desenvolvidas nos territórios, em escolas de saúde doSUSe universidades, trazendo diretrizes e propostas que venham a ser adotadas para enfrentamento e superação dos desafios existentes e, sobretudo, para construção do futuro da educação na saúde do país.\n\n4ª CNGTES e etapas preparatórias\n\nEm 2024, a 4ª Conferência Nacional de Gestão do Trabalho e da Educação na Saúde (CNGTES) está mobilizando municípios, estados e regiões de todo o Brasil com foco na educação permanente e valorização do trabalho em saúde para aprimoramento do cuidado, além da discussão sobre os processos de formação profissional em saúde.\n\nInteressados podem acessar no site do Conselho Nacional de Saúde (CNS) odocumento orientadorda conferência, que apresenta eixos, subeixos e perguntas norteadoras que poderão guiar conselheiros de saúde no planejamento e execução das conferências nos territórios."
}