{
    "url": "https://www.gov.br/saude/pt-br/assuntos/noticias/2024/setembro/forca-nacional-do-sus-reforca-acoes-em-rondonia-para-enfrentar-impactos-das-mudancas-climaticas",
    "titulo": "Força Nacional do SUS reforça ações em Rondônia para enfrentar impactos das mudanças climáticas",
    "descricao": "Equipes do Ministério da Saúde trabalham em conjunto com autoridades locais para mitigar efeitos das queimadas e da seca no estado, com foco na saúde da população indígena",
    "subtitulo": "QUEIMADAS",
    "categoria": "Saúde e Vigilância Sanitária",
    "autora": "Edjalma BorgesMinistério da Saúde",
    "tags": [
        "atenção especializada à saúde",
        "força nacional do sus",
        "queimadas",
        "mudanças climáticas"
    ],
    "data_publi": "23/09/2024",
    "texto": "Equipes daForça Nacional do Sistema Único de Saúde (FN-SUS)se reuniram, nesta segunda-feira (23), com a Secretaria de Estado da Saúde de Rondônia, lideranças locais e representantes indígenas para discutir as ações emergenciais contra os impactos das queimadas e seca extrema no estado. A principal preocupação são os danos à saúde causados pela densidade da fumaça e a falta de água potável, que afetam diretamente milhares de pessoas, especialmente em áreas indígenas.\n\nDurante a reunião, foi apresentado um plano de contingência detalhando a resposta coordenada para combater os problemas de saúde pública decorrentes da crise ambiental. O secretário deAtenção Especializada à Saúde (Saes), Adriano Massuda, reforçou o compromisso do Governo Federal e do Ministério da Saúde em fornecer insumos, medicamentos e atendimento, com atenção especial às comunidades mais isoladas e vulneráveis. \"O Governo Federal e o Ministério estão totalmente comprometidos em oferecer o suporte necessário a Rondônia neste momento crítico\", afirmou Massuda.\n\nRodrigo Stabelli, coordenador-geral da FN-SUS, destacou a gravidade da seca e os impactos prolongados que ela poderá causar na saúde e economia local. \"Não mediremos esforços para fazer o que for necessário. Conseguimos mobilizar um grande volume de voluntários e podem contar conosco\", salientou Stabelli, que também ressaltou a importância da colaboração entre órgãos estaduais, o Corpo de Bombeiros e a Defesa Civil.\n\nA ação da FN-SUS em Rondônia faz parte de uma série de medidas implementadas pela pasta para apoiar estados afetados pela crise climática. Na última semana, Acre e Amazonas também receberam equipes para realizar diagnósticos e reforçar as respostas de saúde pública.\n\nAlerta de saúde e impacto nas comunidades indígenas\n\nAlém das queimadas, a má qualidade do ar em Rondônia atingiu níveis alarmantes, com registros de mais de 460 microgramas por metro cúbico de poluição, segundo o secretário de saúde do estado, Jefferson Rocha. Esse cenário tem agravado doenças respiratórias, especialmente entre crianças, idosos e pessoas com comorbidades.\n\nO Comitê de Respostas a Eventos Extremos na Saúde Indígena (CRISE) também alertou que 44 aldeias noDistrito Sanitário Especial Indígenade Porto Velho (Dsei/PVH) estão entre as mais afetadas, deixando 3.431 indígenas sem acesso à água potável e com insegurança alimentar. Para mitigar essa crise, aSecretaria Especial de Saúde Indígena (Sesai)já iniciou um processo emergencial para garantir o aporte nutricional às comunidades.\n\nNesta terça-feira (24), as equipes da Força Nacional e da Sesai vão visitar os municípios mais afetados das regiões de Madeira Mamoré e Vale do Jamari, além de se reunirem com o Dsei Vilhena para discutir o panorama atual e ajustar novas ações.\n\nAcesse a página da campanha \"Se tem fumaça, tem que ter cuidado\""
}