{
    "url": "https://www.gov.br/saude/pt-br/assuntos/noticias/2024/maio/forca-nacional-do-sus-ja-soma-mais-de-5-mil-atendimentos-no-rio-grande-do-sul",
    "titulo": "Força Nacional do SUS soma mais de 5 mil atendimentos no Rio Grande do Sul",
    "descricao": "Hospital de campanha (HCamp) de Canoas registrou 2,8 mil atendimentos, enquanto a unidade de Porto Alegre contabilizou 761",
    "subtitulo": "RIO GRANDE DO SUL",
    "categoria": "Saúde e Vigilância Sanitária",
    "autora": "Otávio AugustoMinistério da Saúde",
    "tags": [
        "atenção especializada à saúde",
        "força nacional do sus",
        "centro de operações de emergências",
        "rio grande do sul"
    ],
    "data_publi": "23/05/2024",
    "texto": "AForça Nacional do Sistema Único de Saúde (SUS)acumula 5,17 mil atendimentos (veja quadro) no Rio Grande do Sul, em resposta aos impactos das severasenchentesna região.\n\nO hospital de campanha (HCamp) de Canoas registrou 2,8 mil atendimentos, enquanto a unidade de Porto Alegre contabilizou 761. Já a unidade de São Leopoldo soma 156. As equipes móveis atenderam 1,4 mil pessoas e realizaram 58 remoções aéreas.\n\nQuarto hospital está sendo montado\n\nO Ministério da Saúde iniciou, nesta quinta-feira (23), a montagem do quarto hospital de campanha no Rio Grande do Sul. O município de Novo Hamburgo, localizado a 78 quilômetros de Porto Alegre, receberá a unidade que entra em funcionamento nos próximos dias.\n\nA instalação da estrutura ocorre após decisão doComitê de Operações Emergenciais (COE) do estado. A montagem teve de ser adiada por alguns dias por causa das condições climáticas na região. A equipe técnica reavaliou a segurança do terreno e a localização para que a oferta de serviços fosse melhor aproveitada na região.\n\nSerão 6 médicos, 3 enfermeiros e técnicos de enfermagem prestando atendimento 24 horas por dia. A nova unidade tem capacidade para realizar entre 150 e 200 atendimentos diários.\n\nAlém de Novo Hamburgo, os outros três hospitais estão instalados em Porto Alegre, Canoas e São Leopoldo, este último um dos municípios mais afetados pelas enchentes, localizado a 40 quilômetros da capital.\n\nA nova estrutura em Novo Hamburgo é financiada pela Força Nacional do SUS e pelo Grupo Hospitalar Conceição (GHC)."
}