{
    "url": "https://www.gov.br/saude/pt-br/assuntos/noticias/2024/julho/nisia-participa-de-sessao-plenaria-da-comissao-nacional-de-residencia-medica",
    "titulo": "Nísia participa de sessão plenária da Comissão Nacional de Residência Médica",
    "descricao": "Ministra destacou a importância da integração entre os ministérios da Saúde e da Educação para fortalecer a residência médica e o Sistema Único de Saúde",
    "subtitulo": "SAÚDE E EDUCAÇÃO",
    "categoria": "Saúde e Vigilância Sanitária",
    "autora": "Edjalma BorgesMinistério da Saúde",
    "tags": [
        "trabalho e educação na saúde",
        "residência médica",
        "formação",
        "entidades de saúde"
    ],
    "data_publi": "17/07/2024",
    "texto": "Nesta quarta-feira (17), a ministra da Saúde, Nísia Trindade, participou da reunião plenária da Comissão Nacional de Residência Médica (CNRM) para debater medidas que ajudem a aprimorar o exercício da medicina, especialmente noSistema Único de Saúde (SUS).\n\nA plenária, que acontece hoje e amanhã (18) no Ministério da Educação, contou com a presença do vice-presidente da República, Geraldo Alckmin, do ministro da Educação, Camilo Santana, e de representantes das organizações que integram a CNRM.\n\nA ministra Nísia destacou a importância da colaboração entre o Ministério da Saúde e o Ministério da Educação (MEC) para fortalecer a residência médica. Ela reforçou o papel da comissão na regulação, supervisão e avaliação dos programas de residência médica e das instituições que os oferecem.\n\n\"A residência médica é uma ação estratégica para garantirmos uma formação de alta qualidade, padrão ouro, e ao mesmo tempo uma formação comprometida com os grandes desafios deste país tão desigual, onde temos vazios de assistência”, disse. “É fundamental pensarmos em educação e saúde de forma integrada para enfrentar os desafios atuais. A residência é essencial para um SUS fortalecido e com saúde de qualidade para a população\", acrescentou a ministra.\n\nMais Acesso a Especialistas\n\nNísia Trindade reiterou que a residência médica é um dos pilares importantes do programaMais Acesso a Especialistas, sendo um grande suporte para a formação médica de qualidade voltada para atender à sociedade. Segundo ela, isso é fruto do diálogo entre o MEC, a pasta da Saúde e as entidades médicas.\n\nO ministro da Educação, Camilo Santana, destacou o papel integrado dos dois ministérios. \"Quero ressaltar a importância de estarmos unidos com o único objetivo de garantir a qualidade na formação de nossos médicos, ampliando o número de bolsas e vagas para residências médicas\".\n\nO vice-presidente Geraldo Alckmin reiterou os compromissos do governo federal em “garantir uma formação de excelência para os profissionais e o desenvolvimento dos programas de residência médica em todo o Brasil”. Segundo Alckmin, a CNRM é fundamental “ao planejar a oferta de programas de residência médica que atendam às necessidades do SUS”.\n\nCNRM\n\nA comissão é composta por 12 organizações, entre elas o Conselho Nacional de Secretários de Saúde (Conass) e o Conselho Nacional de Secretarias Municipais de Saúde (Conasems).\n\nEntre suas competências estão a regulação, supervisão e avaliação dos programas de residência médica, o credenciamento e descredenciamento de instituições para a oferta desses programas, a organização de avaliações educacionais referentes ao tema e a promoção da participação da sociedade no aprimoramento da residência médica no país, entre outras."
}