{
    "url": "https://www.gov.br/saude/pt-br/assuntos/noticias/2023/outubro/ministerio-da-saude-envia-profissionais-da-forca-nacional-do-sus-para-receber-brasileiros-repatriados-de-israel",
    "titulo": "Ministério da Saúde envia profissionais da Força Nacional do SUS para receber brasileiros repatriados de Israel",
    "descricao": "Voluntárias, sendo duas psicólogas e duas assistentes sociais, auxiliaram no acolhimento e atendimento psicológico na operação Voltando em Paz",
    "subtitulo": "VOLTANDO EM PAZ",
    "categoria": "",
    "autora": "Ministério da SaúdeCom informações da Secom e Ministério das Relações Exteriores",
    "tags": [
        "operação voltando em paz",
        "repatriação",
        "força nacional do sus",
        "israel"
    ],
    "data_publi": "14/10/2023",
    "texto": "Por determinação do Presidente da República, o Ministério da Saúde participa da operação coordenada pelo governo federal para receber os brasileiros repatriados de Israel. A Pasta mobilizou quatro voluntárias da Força Nacional do SUS, sendo duas psicólogas e duas assistentes sociais, para apoiar no acolhimento dos repatriados que estavam em zona de conflito no país do Oriente Médio. As profissionais darão suporte necessário no atendimento social e psicológico aos brasileiros que desembarcam no Aeroporto do Galeão, no Rio de Janeiro (RJ).\n\nUm voo pousou no Rio de Janeiro no início da madrugada deste sábado com 207 brasileiros a bordo. A aeronave partiu de Tel Aviv. A previsão do Itamaraty é de que haja cerca de 15 voos para transportar 2,7 mil brasileiros que manifestaram interesse em retornar até o momento.\n\nNo total, desde a última semana, 701 brasileiros já retornaram de Israel com segurança ou estão a caminho do Brasil, após a mobilização de quatro aeronaves da Força Aérea Brasileira, inclusive um avião presidencial, para as ações de resgate.\n\nAs embaixadas do Brasil em Tel Aviv (Israel), Cairo (Egito) e o Escritório de Representação em Ramala (na Palestina) foram acionados. Um formulário online ajudou a identificar os brasileiros em situação de dificuldade. Requisitos de prioridade para brasileiros sem passagens, não residentes, gestantes, idosos, mulheres e crianças foram adotados.\n\nO governo também garantiu transporte de ônibus das principais cidades israelenses para o aeroporto de Tel Aviv. Já houve desembarques em Brasília, Rio de Janeiro, São Paulo e Recife e as aeronaves seguem indo e voltando para garantir o retorno de todos."
}