{
    "url": "https://www.gov.br/saude/pt-br/assuntos/noticias/2024/novembro/ministerio-da-saude-reforca-estoque-de-vacinas-contra-a-covid-para-2025",
    "titulo": "Ministério da Saúde reforça estoque de vacinas contra a Covid para 2025",
    "descricao": "Ao todo, 8 milhões serão distribuídos aos estados e municípios. Estoque é suficiente para até seis meses",
    "subtitulo": "VACINAÇÃO",
    "categoria": "Saúde e Vigilância Sanitária",
    "autora": "Otávio AugustoMinistério da Saúde",
    "tags": [
        "vigilância em saúde e ambiente",
        "programa nacional de imunizações",
        "covid-19",
        "vacina"
    ],
    "data_publi": "29/11/2024",
    "texto": "O Ministério da Saúde vai receber mais de 8 milhões de doses de vacinas contra aCovid-19, doença causada pelo coronavírus. O montante é suficiente para manter os estoques abastecidos por até seis meses. Nas próximas semanas, novas remessas serão entregues pelos três fornecedores que a pasta mantém contratos. A próxima é um lote de 3 milhões de doses destinadas ao público acima de 12 anos. Para as crianças, serão aproximadamente 2 milhões de doses. As entregas devem ocorrer na primeira quinzena de dezembro.\n\nO cronograma conta ainda com a entrega do primeiro lote de vacina contra cepa JN.1. O recebimento, de 3 milhões de doses, será possível após a aprovação da Agência Nacional de Vigilância Sanitária (Anvisa), em 22 de novembro. O planejamento de abastecimento contempla doses para bebês, pediátricas e adulto. As vacinas serão distribuídas aos estados de acordo com a demanda e capacidade de armazenamento.\n\nO Ministério da Saúde ressalta que todas as vacinas disponibilizadas noSistema Único de Saúde (SUS)são seguras e eficazes. Vale ressaltar que, após a atualização das cepas, a Anvisa permite o uso das doses em estoque por até nove meses. As doses a serem recebidas fazem parte do contrato de aquisição de 69 milhões de doses de vacina contra a Covid-19, válido pelos próximos 2 anos.\n\nO diretor doPrograma Nacional de Imunizações (PNI), Eder Gatti, ressalta que a manutenção dos estoques de vacinas é uma prioridade do Ministério da Saúde e que todos os esforços são feitos para que a vacina esteja disponível para a população. “O vírus continua circulando. Isso fez com que o ministério mudasse a estratégia da vacinação. Pelo fato da doença não ter um comportamento sazonal, estando presente ao longo de todo ano, disponibilizamos as doses da mesma forma”, salienta Eder.\n\nO diretor reforça que a pasta monitora o comportamento da Covid-19 para traçar ações que garantam a saúde pública. “Quando a vacinação contra a Covid começou, em 2021, foi uma grande campanha para vacinar muita gente e rapidamente. A Covid deixou de ser pandêmica e passou a fazer parte da nossa vida. Hoje, a vacina é de rotina”, completa.\n\nPainel inédito\n\nO Ministério da Saúde lança, em dezembro, um painel para monitorar o estoque de vacinas no SUS. A plataforma digital oferece transparência e agilidade na distribuição dos imunizantes.\n\nO PNI distribui, anualmente, cerca de 300 milhões de doses para os 5.570 municípios. O Brasil continua registrando aumento nas coberturas vacinais. Trata-se de um processo logístico complexo, com tempos diferentes de estado para estado, dada a extensão e diversidade territorial do país.\n\nNa última segunda-feira (25),a ministra Nísia Trindade voltou a defender que o Brasil está seguro quanto ao abastecimento das vacinasque integram o PNI. “A vacinação é a prioridade máxima do Ministério da Saúde, o que reflete nos nossos números. O aumento da cobertura continua sendo uma realidade. Não se pode falar de desabastecimento de vacina no Brasil”, destacou, lembrando que diversos municípios realizaram Dia D de imunização no último fim de semana."
}