{
    "url": "https://www.gov.br/saude/pt-br/assuntos/noticias/2024/abril/governo-institui-comite-tecnico-para-promocao-da-saude-integral",
    "titulo": "Governo institui Comitê Técnico para promoção da saúde integral",
    "descricao": "Criada por meio de decreto, Uma Só Saúde reconhece a conexão entre a saúde humana, animal, vegetal e ambiental",
    "subtitulo": "AÇÃO INTERMINISTERIAL",
    "categoria": "Saúde e Vigilância Sanitária",
    "autora": "Ministério da Saúde",
    "tags": [
        "vigilância em saúde e ambiente",
        "comitê técnico",
        "plano de ação",
        "uma só saúde"
    ],
    "data_publi": "26/04/2024",
    "texto": "O governo federal publicou nesta sexta-feira (26) decreto que institui o Comitê Técnico Interinstitucional de“Uma Só Saúde”. A iniciativa integrada é referência mundial e reconhece a conexão entre a saúde humana, animal, vegetal e ambiental.\n\nODecreto Nº 12.007, que cria o Comitê Técnico, foi publicado no Diário Oficial da União com assinatura do presidente Luiz Inácio Lula da Silva e da ministra da Saúde, Nísia Trindade. Coordenado pelo Ministério da Saúde, o Comitê é composto por 20 órgãos e entidades federais que possuem atuação direta ou indireta na saúde integrada, incluindo oito ministérios governamentais, institutos, conselhos e outros.\n\nDentre as atividades atribuídas ao grupo, espera-se a elaboração de um Plano de Ação Nacional de Uma Só Saúde para o Brasil, além de atuar como um colegiado consultivo para responder em conjunto demandas referentes à Uma Só Saúde.\n\nPara a Secretária deVigilância em Saúde e Ambiente, Ethel Maciel, a implementação dessa abordagem favorece a cooperação, desde o nível local até o nível global. “Uma Só Saúde, nos ajuda a enfrentar desafios emergentes e reemergentes, como pandemias, resistência antimicrobiana, mudanças climáticas e outras ameaças à saúde”, afirma.\n\nUma Só Saúde\n\nTambém conhecida como Saúde Única, a abordagem multidisciplinar surgiu em âmbito mundial no início dos anos 2000, ganhando força após a pandemia de covid-19.\n\nA ação busca soluções sustentáveis para promover a saúde dos seres humanos, animais domésticos e silvestres, vegetais, incluindo também o ecossistema. Por meio de programas, políticas públicas, legislações e pesquisas, a abordagem contribui para:"
}