{
    "url": "https://www.gov.br/saude/pt-br/assuntos/noticias/2024/marco/mais-oito-kits-com-medicamentos-e-insumos-sao-enviados-ao-acre",
    "titulo": "Mais oito kits com medicamentos e insumos são enviados ao Acre",
    "descricao": "Itens serão usados para o atendimento das vítimas das enchentes na região. Uma equipe do ministério seguiu para o estado para auxiliar na resposta à situação emergencial",
    "subtitulo": "EMERGÊNCIA",
    "categoria": "Saúde e Vigilância Sanitária",
    "autora": "",
    "tags": [
        "vigilância em saúde e ambiente",
        "vigidesastres",
        "acre",
        "kits emergenciais"
    ],
    "data_publi": "05/03/2024",
    "texto": ""
}