{
    "url": "https://www.gov.br/saude/pt-br/assuntos/noticias/2024/dezembro/acoes-de-saude-para-quilombolas-sao-reforcadas-com-foco-na-equidade-racial",
    "titulo": "Ações de saúde para quilombolas são reforçadas com foco na equidade racial",
    "descricao": "Entre as medidas anunciadas pela ministra Nísia Trindade para o ‘Saúde sem Racismo’, estão investimentos para garantir saúde integral a comunidades quilombolas, reforçando o compromisso com populações vulneráveis",
    "subtitulo": "SAÚDE SEM RACISMO",
    "categoria": "Saúde e Vigilância Sanitária",
    "autora": "Edjalma BorgesMinistério da Saúde",
    "tags": [
        "vigilância em saúde e ambiente",
        "trabalho e educação na saúde",
        "equidade",
        "quilombola"
    ],
    "data_publi": "11/12/2024",
    "texto": "Em um marco histórico, o Ministério da Saúde lançouo pacote de medidas \"Saúde sem Racismo: políticas pela Igualdade Racial”, reafirmando o compromisso com a equidade noSistema Único de Saúde (SUS)e o direito à saúde da população quilombola. Com cerca de 1,3 milhão de quilombolas distribuídos em mais de 6 mil comunidades, segundo o Censo 2022, a maioria enfrenta barreiras significativas no acesso a serviços de saúde.\n\nA ministra Nísia Trindade destacou a relevância dessas ações para reparar uma dívida histórica com essas populações. \"Estamos colocando a saúde quilombola no centro da agenda pública, com investimentos e políticas que promovam dignidade, inclusão e bem-estar para quem historicamente foi esquecido pelo Estado\", lembrou a ministra.\n\nNovas ações no SUS\n\nEntre as iniciativas anunciadas, o Ministério da Saúde implementará:\n\nObservatório\n\nOutra medida estratégica para beneficiar a população quilombola é a criação do Observatório para a Saúde da População Negra, que será sediado na Escola Nacional de Saúde Pública Sergio Arouca (ENSP/Fiocruz), em parceria com a Universidade Federal do Rio de Janeiro (UFRJ). A previsão é que o observatório esteja em funcionamento até o primeiro semestre de 2025, monitorando indicadores de saúde e propondo políticas inclusivas.\n\nLuís Eduardo Batista, chefe da Assessoria para Equidade Racial em Saúde, ressaltou a importância do Observatório: \"Esse espaço será um ponto de virada na produção de dados e diretrizes para conter as desigualdades em saúde, promovendo a equidade racial como pilar essencial do SUS.\"\n\nPopulação quilombola e desafios estruturais\n\nDados do IBGE apontam que a população quilombola é majoritariamente jovem, com média de idade de 31 anos, quatro anos abaixo da média nacional. No entanto, enfrenta desafios como a taxa de analfabetismo três vezes superior à média nacional e o acesso limitado à saúde em áreas remotas.\n\nCom o lançamento dessas iniciativas, o Ministério da Saúde busca a construção de um sistema de saúde mais inclusivo e equitativo, capaz de responder às demandas históricas desse público e promover justiça social."
}