{
    "url": "https://www.gov.br/saude/pt-br/assuntos/noticias/2024/dezembro/cresce-a-cobertura-de-15-das-16-vacinas-do-calendario-infantil",
    "titulo": "Cresce a cobertura de 15 das 16 vacinas do calendário infantil",
    "descricao": "Aumento na imunização é fruto de investimentos do Ministério da Saúde",
    "subtitulo": "IMUNIZAÇÃO",
    "categoria": "Saúde e Vigilância Sanitária",
    "autora": "Otávio AugustoMinistério da Saúde",
    "tags": [
        "vigilância em saúde e ambiente",
        "imunização",
        "cobertura vacinal",
        "poliomielite"
    ],
    "data_publi": "06/12/2024",
    "texto": "O Ministério da Saúde registrou, até este mês de novembro, aumento de 15 das 16 vacinas recomendadas para o público infantil. O aumento médio foi de 17 pontos percentuais em relação ao registrado em 2022.\n\nEm 2024, 12 vacinas já ultrapassaram o percentual do ano anterior. Até o momento, as principais imunizações já passam da faixa de 90% de cobertura.\n\nEntre os destaques de crescimento estão: as vacinas contra a poliomielite (VIP e VOP), pentavalente, rotavírus, hepatite A, febre amarela, meningocócica C (1ª dose e reforço), pneumocócica 10 (1ª dose e reforço), tríplice viral (1ª e 2ª doses) e reforço da tríplice bacteriana (DTP).\n\nPara se ter uma dimensão, a primeira dose da tríplice viral - que protege contra sarampo, caxumba e rubéola - cresceu de 80,7% para 96,3% em menos de dois anos. E a imunização contra a poliomielite aumentou de 67,7% para 100% das crianças.\n\nA ministra da Saúde, Nísia Trindade, destaca que o aumento na cobertura vacinal é fruto dos investimentos do Ministério da Saúde na área.\n\n“A recuperação das coberturas vacinais foi um pedido de prioridade que recebemos do presidente Lula, quando lançamos oMovimento Nacional pela Vacinação, no início de 2023. Em menos de dois anos, estamos felizes não apenas pelo crescimento de 15 das 16 vacinas infantis, como também por já termos superado as metas em três delas: na BCG, no reforço da pólio e na primeira dose de tríplice viral. Aliás, por causa do sucesso com a tríplice, recuperamos o certificado da OMS de País Livre do Sarampo e da Rubéola”, reforça Nísia.\n\nEm abril, o ministérioanunciou que 13 das 16 vacinas recomendadas para o público infantil tiveram alta na cobertura.O crescimento de mais duas imunizações mostra o investimento contínuo na vacinação.\n\nHouve queda apenas na imunização contra avaricela, também conhecida como catapora. Isso ocorreu devido à instabilidade do fornecimento pelos laboratórios fabricantes desde o início de 2022.\n\nO ministério já fez novo contrato com três fornecedores para normalizar a distribuição nos próximos meses. Estão previstas a entrega de 1 milhão de doses até janeiro de 2025 por meio de aquisição internacional. Além desse contrato, foram compradas 5,5 milhões de doses do Instituto Butantan, com previsão de início de entregas para janeiro de 2025.\n\nPainel inédito\n\nO Ministério da Saúde lançará um painel para monitorar o estoque de vacinas noSistema Único de Saúde (SUS). A plataforma digital vai oferecer transparência e agilidade na distribuição das vacinas.\n\nOPrograma Nacional de Imunizações (PNI)distribui, anualmente, cerca de 300 milhões de doses para os 5.570 municípios e o Brasil continua registrando aumento nas coberturas vacinais. Trata-se de um processo logístico complexo, com tempos diferentes de estado para estado, dada a extensão e diversidade territorial do país.\n\nEm entrevista no final de novembro, a ministra da Saúdevoltou a defender que o Brasil está seguro quanto ao abastecimento das vacinasque integram o PNI.\n\n“Avacinaçãoé a prioridade máxima do Ministério da Saúde, o que reflete nos nossos números. O aumento da cobertura continua sendo uma realidade. Não se pode falar de desabastecimento de vacina no Brasil”, destacou, lembrando que diversos municípios realizaram Dia D de imunização."
}