{
    "url": "https://www.gov.br/saude/pt-br/assuntos/noticias/2024/novembro/webinario-aborda-o-papel-dos-agentes-de-saude-no-enfrentamento-aos-desafios-climaticos",
    "titulo": "Webinário aborda o papel dos agentes de saúde no enfrentamento aos desafios climáticos",
    "descricao": "Agentes de Combate às Endemias (ACEs) e Agentes Comunitários de Saúde (ACSs) podem contribuir para a construção da 5ª Conferência Nacional do Meio Ambiente",
    "subtitulo": "MUDANÇAS CLIMÁTICAS",
    "categoria": "Saúde e Vigilância Sanitária",
    "autora": "Ministério da Saúde",
    "tags": [
        "vigilância em saúde e ambiente",
        "agentes de saúde",
        "mudanças climáticas",
        "conferências nacionais do meio ambiente"
    ],
    "data_publi": "08/11/2024",
    "texto": "O papel dosAgentes de Combate às Endemias (ACEs)e dos Agentes Comunitários de Saúde (ACSs) na construção da5ª Conferência Nacional do Meio Ambientefoi assunto de webinário realizado nesta terça-feira (5). Esses profissionais doSistema Único de Saúde (SUS)desempenham um trabalho essencial no controle de doenças e na promoção da saúde pública no Brasil. Podem contribuir com informações relevantes sobre as realidades locais, já que realizam visitas domiciliares e mantêm contato próximo com a população, o que permite a identificação de impactos das mudanças climáticas na saúde.\n\nA emergência climática e o desafio da transformação ecológica serão os temas da 5ª Conferência Nacional do Meio Ambiente, que terá sua etapa nacional promovida entre 6 e 9 de maio de 2025. No entanto, a preparação para o evento começa antes, com a realização de Conferências Livres e de Conferências Municipais ou Intermunicipais (até 15 de dezembro de 2024) e de Conferências Estaduais e Distrital (de 15 de janeiro a 15 de março de 2025). Esses encontros anteriores à etapa nacional têm como objetivo incentivar a ampla participação de todas as instâncias envolvidas na construção de propostas para enfrentar os desafios climáticos.\n\nAs Conferências Nacionais do Meio Ambiente se consolidaram como um espaço fértil para a discussão e formulação de políticas públicas no Brasil. Com a participação de representantes do governo, sociedade civil, setor privado, ONGs e universidades, os encontros têm sido palco de debates que resultam em propostas concretas para a área ambiental. A atividade do ano que vem marcará a retomada do evento, 11 anos após a última edição. A 4ª Conferência, promovida em 2013, teve como foco principal a Política Nacional de Resíduos Sólidos, resultando em 60 propostas aprovadas na etapa nacional.\n\nDurante o webinário, a ministra do Meio Ambiente e Mudança do Clima, Marina Silva, destacou a importância da participação dos ACEs e dos ACSs nos eventos relacionados à 5ª Conferência e na construção de propostas para enfrentar os desafios climáticos. “A Conferência Nacional do Meio Ambiente, com o tema da emergência climática, suscita a participação de diferentes setores. Aqueles que trabalham na vigilância em saúde nos municípios são os que vão identificando mudanças em função do processo de alteração climática que estamos vivendo. Alguns vetores para algumas doenças, que a gente só encontrava em algumas regiões, de repente começam a migrar para outras regiões”, afirmou a ministra.\n\nA secretária deVigilância em Saúde e Ambiente do Ministério da Saúde, Ethel Maciel, convocou os agentes a participarem dos eventos relacionados à conferência nacional, considerando a relevância das contribuições que podem ser trazidas por esses trabalhadores. “É fundamental a participação de todos vocês nas suas cidades, vocês que estão próximos das pessoas, vão às casas, entendem a realidade e os problemas locais. É muito importante que estejam mobilizados conosco nessas conferências municipais ou intermunicipais, para que a gente possa ter informações relevantes que nos apoiem na conferência nacional”. A secretária também abordou a relação entre os temas da saúde e do meio ambiente e o trabalho integrado que vem sendo realizado pelos ministérios responsáveis por esses assuntos.\n\nO evento também contou com a participação da coordenadora da 5ª Conferência, Larissa Barros; da presidente da Confederação Nacional dos Agentes Comunitários de Saúde e Agentes de Combate às Endemias (Conacs), Ilda Angélica; do presidente da Confederação Nacional das Associações de Moradores, Getúlio Vargas; e de Ronald Ferreira, da Secretaria Nacional de Participação Social da Presidência da República.\n\nO webinário foi transmitido ao vivo no canal da Conacs no YouTube. Assista:\n\n\n\nConfira mais informações sobre a 5ª Conferência Nacional do Meio Ambiente"
}