{
    "url": "https://www.gov.br/saude/pt-br/assuntos/noticias/2024/marco/1o-webinario-de-desigualdades-na-saude-sera-realizado-nesta-terca-feira-26",
    "titulo": "1º Webinário de Desigualdades na Saúde será realizado nesta terça-feira (26)",
    "descricao": "Videoconferência faz parte de uma série de encontros que serão promovidos pela Ripsa e vai tratar de temas como demografia, mortalidade, morbidade, entre outros",
    "subtitulo": "TROCA DE INFORMAÇÕES",
    "categoria": "Saúde e Vigilância Sanitária",
    "autora": "Ministério da Saúde",
    "tags": [
        "saúde digital",
        "webinário",
        "ripsa",
        "desigualdade"
    ],
    "data_publi": "26/03/2024",
    "texto": "A Secretaria Técnica daRede Interagencial de Informações para a Saúde (Ripsa), o Gabinete do Ministério da Saúde e aSecretaria de Informação e Saúde Digital (Seidigi)realizam, nesta terça-feira (26), das 14h às 16h, o1º Webinário de Desigualdades na Saúde.O evento será aberto ao público e transmitidoon-line.\n\nA iniciativa faz parte de uma série de encontros que serão promovidos pela Rede em busca de ampliar o diálogo sobre importantes temas, com o objetivo de produzir informações de alta qualidade e relevância para a área da saúde.\n\nA desigualdade na saúde tem sido um tema presente nas reuniões dos Comitês de Gestão de Indicadores (CGIs), que promovem o aprofundamento na análise de questões metodológicas e operacionais relacionadas às seguintes temáticas: demografia, aspectos socioeconômicos, mortalidade, morbidade, fatores de risco e proteção, cobertura e recursos.\n\nSobre a Ripsa\n\nA Ripsa é composta pela Sedigi, pelo Conselho Nacional de Secretários de Saúde (Conass), Conselho Nacional de Secretarias Municipais de Saúde (Conasems) e a Organização Pan-Americana da Saúde (Opas). Sua função primordial é coordenar e executar os procedimentos técnico-operacionais e oferecer suporte às estruturas colegiadas da Rede.\n\nComitês de Gestão de Indicadores (CGIs)\n\nOs CGIs são instâncias de natureza técnico-científica nas quais a Ripsa atua para aprimorar continuamente os indicadores, seus dados correspondentes e elementos técnicos. Durante as discussões sobre indicadores ocorridos nos comitês, surgiu a ideia de se aprofundar a discussão sobre desigualdades na saúde.\n\nAssista à transmissão:\n\n\n\nProgramação"
}