{
    "url": "https://www.gov.br/saude/pt-br/assuntos/noticias/2024/novembro/ministerio-da-saude-debate-parceria-com-o-epidemiologista-michael-marmot-para-reduzir-iniquidades-em-saude",
    "titulo": "Ministério da Saúde debate parceria com o epidemiologista Michael Marmot para reduzir iniquidades em saúde",
    "descricao": "Dirigentes da pasta destacaram que o Brasil está empenhado em eliminar doenças determinadas socialmente",
    "subtitulo": "REDUÇÃO DE DESIGUALDADES",
    "categoria": "Saúde e Vigilância Sanitária",
    "autora": "Ministério da Saúde",
    "tags": [
        "vigilância em saúde e ambiente",
        "saúde digital",
        "g20brasil",
        "brasil saudável"
    ],
    "data_publi": "02/11/2024",
    "texto": "Em reunião paralela no encerramento da Reunião de Ministros da Saúde doG20, as secretárias deVigilância em Saúde e Ambiente,Ethel Maciel, e deInformação e Saúde Digital, Ana Estela Haddad, reuniram-se com o renomado epidemiologista e diretor do Instituto de Equidade em Saúde daUniversity College London (UCL), Michael Marmot. O professor – que lidera grupos de pesquisa sobre desigualdades em saúde há mais de 30 anos, em parceria com diversos órgãos internacionais e governamentais – também foi presidente da Comissão sobre Determinantes Sociais da Saúde (CSDH), criada pela Organização Mundial da Saúde (OMS) em 2005, e presidente daWorld Medical Association.\n\nNa oportunidade, as representantes do Ministério da Saúde destacaram que o combate às desigualdades está no centro da agenda do governo Lula, também na área da Saúde. Como exemplo, citaram a criação doPrograma Brasil Saudável, que tem por objetivo a eliminação das doenças determinadas socialmente que afetam, principalmente, pessoas em áreas de maior vulnerabilidade social. Segundo Ethel Maciel, quase 90% dessas doenças e infecções – comoDoença de Chagas,malária,tracoma,tuberculose,hanseníase,hepatiteseHIV– estão concentradas em cerca de 130 municípios do país.\n\nMichael Marmot manifestou a intenção de expandir para o Brasil o projetoMarmot Cities, uma parceria entre cidades e o Instituto de Equidade na Saúde da UCL para reduzir as disparidades nos resultados de saúde da população local. Também tratou da possibilidade de parceria na produção de dados nacionais, de forma a monitorar as tendências de igualdade de acesso à saúde, “o que é importante para iniciativas em políticas públicas”, afirmou.\n\n“Foi possível compreender, com base na explanação de Sir Marmot, que, embora ele tenha uma trajetória de imensurável excelência como pesquisador, sua atuação atual tem foco em recomendações práticas para orientar políticas públicas e medir o impacto dessas ações sobre os determinantes sociais de saúde”, ressaltou a secretária Ana Estela, responsável pela pauta da transformação digital no SUS.\n\nA secretária de Saúde e Vigilância Ambiental sugeriu o desenvolvimento de um índice capaz de medir os avanços nos determinantes sociais da saúde, além de uma lista de recomendações. Ethel Maciel apontou, ainda, que o Ministério da Saúde tem uma base de dados robusta e que produz pesquisas de grande porte que podem ser potencializados em parceria com a UCL, como oVigitel– que trata de doenças crônicas não transmissíveis –, aPesquisa Nacional de Saúde do Escolar (Pense), voltada à população escolar de 13 a 17 anos, e aPesquisa Nacional de Saúde (PNS), a ser realizada em 2025.\n\nPara as próximas semanas, foi acordado que as secretárias organizarão uma reunião virtual com Michael Marmot, com previsão de participação da ministra da Saúde, Nísia Trindade, e de professores da Fiocruz/RJ, do Centro de Integração de Dados e Conhecimentos para Saúde da Fiocruz/BA, e da Universidade Federal de Pelotas (UFPel).\n\nBrasil Saudável\n\nO programaBrasil Saudávelestá alinhado às diretrizes e metas da Agenda 2030 – Objetivos de Desenvolvimento Sustentável (ODS) da Organização das Nações Unidas (ONU) – e à iniciativa da Organização Pan-Americana da Saúde (Opas) para a eliminação de doenças nas Américas. Assim, suas ações vão além de questões relativas à Saúde, pois dialogam com outros setores do governo relacionados à moradia, renda e ao acesso ao saneamento básico e à educação, entre outras políticas públicas. Ao todo, 14 ministérios e diversas organizações da sociedade civil integram o Brasil Saudável, que é coordenado pelo Ministério da Saúde."
}