{
    "url": "https://www.gov.br/saude/pt-br/assuntos/noticias/2023/outubro/una-sus-abre-inscricoes-para-o-curso-de-monitoramento-e-avaliacao-em-promocao-da-saude",
    "titulo": "UNA-SUS abre inscrições para o curso de monitoramento e avaliação em promoção da saúde",
    "descricao": "Gestores e profissionais da Atenção Primária e áreas relacionadas podem se inscrever até 14/11",
    "subtitulo": "UNIVERSIDADE ABERTA DO SUS",
    "categoria": "",
    "autora": "Ministério da Saúde",
    "tags": [
        "atenção primária",
        "promoção da saúde",
        "una-sus",
        "pnps"
    ],
    "data_publi": "25/10/2023",
    "texto": "Estão abertas as inscrições para o curso autoinstrucional de monitoramento e avaliação em promoção da saúde, que visa o aperfeiçoamento da Política Nacional de Promoção da Saúde (PNPS) e pretende qualificar profissionais da área e de segmentos correlatos para desenvolver ações tendo como referência a PNPS. A formação será ministrada em modalidade EaD na plataforma da Universidade Aberta do SUS (UNA-SUS). As inscrições podem ser feitas até o dia 14/11.\n\nAcesse o link das inscrições!\n\nNo escopo da PNPS foram definidas estratégias para concretizar as ações de promoção da saúde nos territórios. Entre elas, a de monitoramento e avaliação (M&A), que se destaca por ter como objetivo a utilização de múltiplas abordagens na geração e na análise de informações sobre as condições de saúde de sujeitos e de grupos populacionais, o que contribui diretamente para as tomadas de decisão em saúde. Tal fator também fortalece e amplia a capacidade de identificação, análise e controle sobre os determinantes sociais da saúde, assegurando a melhoria das condições de vida.\n\nO curso é voltado a gestores e profissionais que atuam na atenção primária, mas, também, contempla outras áreas relacionadas, como esporte, lazer, educação, meio ambiente, agricultura, serviço social, planejamento urbano e transporte e liderança comunitária.\n\nA qualificação é desenvolvida pelo Departamento de Prevenção e Promoção da Saúde (Deppros), da Secretaria de Atenção Primária à Saúde (Saps), em parceria com a Secretaria de Gestão do Trabalho e da Educação na Saúde (Sgtes), a Organização Pan-Americana de Saúde (Opas/OMS) e com o Centro de Estudos, Pesquisa e Documentação em Cidades Saudáveis (Cepedoc). O curso conta, ainda, com o apoio da Fundação Oswaldo Cruz (Fiocruz).\n\nSaiba mais\n\nO monitoramento e a avaliação em promoção da saúde são componentes essenciais de ações desenvolvidas na área, pois podem ajudar a identificar intervenções bem sucedidas, melhorar o desenho e a implementação de programas futuros e alocar recursos de maneira mais eficaz. Assim, o Deppros em parceria com a Opas/OMS e o Cepedocpublicou um ebook sobre a temática."
}