{
    "url": "https://www.gov.br/saude/pt-br/assuntos/noticias/2024/marco/ministerio-da-saude-vai-financiar-a-compra-de-quatro-medicamentos-novos-para-doencas-raras",
    "titulo": "Ministério da Saúde vai financiar a compra de quatro medicamentos novos para doenças raras",
    "descricao": "Medicações são para tratamento da vasculite, esclerose múltipla, doença de Fabry e doença de Crohn",
    "subtitulo": "LINHAS DE CUIDADO",
    "categoria": "Saúde e Vigilância Sanitária",
    "autora": "Ministério da Saúde",
    "tags": [
        "ciência e tecnologia em saúde",
        "doenças raras",
        "medicamentos",
        "esclerose"
    ],
    "data_publi": "25/03/2024",
    "texto": "O Ministério da Saúde vai financiar diretamente a compra de quatro medicamentos para tratamento de doenças raras. A decisão foi pactuada, na quinta-feira (21), entre gestores municipais e estaduais de saúde durante a 3ª reunião plenária do ano da Comissão Intergestores Tripartite (CIT).\n\nOs medicamentos recentemente incorporados aoSistema Único de Saúde (SUS)e que terão o financiamento centralizado são:\n\n“São quatro incorporações em que o impacto orçamentário líquido é negativo. Porque a gente coloca medicamentos e aumenta a competição num campo de muito interesse econômico. Alguns deles já são objeto de produção nacional”, explicou o secretário deCiência, Tecnologia e Inovação e do Complexo Econômico-Industrial da Saúde, Carlos Gadelha.\n\nOs quatro medicamentos passam a fazer parte do Grupo 1A do Componente Especializado da Assistência Farmacêutica (CEAF). Esse grupo é formado por remédios cuja aquisição é tarefa do Ministério da Saúde e a responsabilidade pelo armazenamento, distribuição e dispensação é das secretarias de saúde dos estados e do Distrito Federal."
}