{
    "url": "https://www.gov.br/saude/pt-br/assuntos/noticias/2024/maio/ministerio-da-saude-participa-de-mesa-de-dialogo-com-gestores-municipais",
    "titulo": "Ministério da Saúde participa de mesa de diálogo com gestores municipais",
    "descricao": "Fundo Nacional de Saúde anuncia lançamento do Sistema SUS 2.0 que auxiliará prefeitos e vereadores",
    "subtitulo": "MARCHA DOS PREFEITOS",
    "categoria": "Saúde e Vigilância Sanitária",
    "autora": "O Ministério da Saúde participou ativamente da 25ª edição da Marcha dos Prefeitos, que reuniu cerca de 10 mil gestores em Brasília, até esta quinta-feira (23). Como parte da programação, a pasta participou das arenas de saúde que abordaram as mudanças e tendências do financiamento doSistema Único de Saúde (SUS).Em formato de mesa temática, o coordenador de Aperfeiçoamento de Instrumentos de Investimentos (Coain) do Fundo Nacional da Saúde (FNS), Paulo Cid de Alcântara, dialogou com prefeitos sobre os desafios para a execução dos recursos da saúde.\"É uma satisfação lançarmos aqui oSoma SUS 2.0, ferramenta para gestão de investimentos dos prefeitos e vereadores que terá várias funcionalidades, inclusive parâmetros de custeio dos produtos e serviços de saúde”, anunciou o coordenador.A pasta também disponibilizou atendimentos aos prefeitos, vice-prefeitos e gestores, ao longo da semana, tanto na sede como no próprio encontro, que aconteceu no Centro Internacional de Convenções do Brasil (CICB).Fundo Nacional de SaúdeO FNS é o gestor financeiro dos recursos destinados a financiar as despesas correntes e de capital do Ministério da Saúde, bem como dos órgãos e entidades da administração direta e indireta, integrantes do SUS,.Sob a orientação e supervisão da Secretaria Executiva do Ministério da Saúde, o FNS faz a gestão do capital tendo como base o Plano Nacional de Saúde e o Planejamento Anual da pasta, nos termos das normas definidoras dos Orçamentos Anuais, das Diretrizes Orçamentárias e dos Planos Plurianuais.Vanessa RodriguesMinistério da Saúde",
    "tags": [
        "secretaria executiva",
        "fns",
        "marcha dos prefeitos",
        "atendimento em saúde"
    ],
    "data_publi": "24/05/2024",
    "texto": ""
}