{
    "url": "https://www.gov.br/saude/pt-br/assuntos/noticias/2024/fevereiro/evento-internacional-sobre-saude-de-precisao-compartilha-experiencias-e-enfatiza-equidade-no-acesso-ao-sus",
    "titulo": "Evento internacional sobre Saúde de Precisão compartilha experiências e enfatiza equidade no acesso ao SUS",
    "descricao": "Participaram pessoas de todas as regiões do Brasil e de diferentes países. Trabalho em rede promoveu a ciência e a indústria nacional",
    "subtitulo": "3º SUMMIT",
    "categoria": "Saúde e Vigilância Sanitária",
    "autora": "Ministério da Saúde",
    "tags": [
        "ciência e tecnologia em saúde",
        "summit internacional",
        "programa genomas brasil",
        "saúde de precisão"
    ],
    "data_publi": "15/02/2024",
    "texto": "Com foco na aplicação no Sistema Único de Saúde (SUS), o3º Summit Internacionalsobre Saúde de Precisão do Programa Genomas Brasil abriu diálogo sobre os recentes avanços científicos e tecnológicos em genômica e saúde de precisão, no Brasil e no mundo. Junto aos especialistas do governo federal, do sistema de saúde e das comunidades científicas nacional e internacional, participaram cerca de 2500 pessoas de todas as regiões brasileiras e também de outros países como Chile, Angola, México, Portugal, Holanda, Argentina, Dinamarca e Estados Unidos. Gratuito e 100% online, o evento aconteceu nos dias 29, 30 e 31 de janeiro.\n\nForam apresentadas iniciativas de sucesso do Programa Genomas Brasil e elucidações sobre a regulação dos produtos de terapias avançadas no país, na perspectiva da Agência Nacional de Vigilância Sanitária (Anvisa). O evento também contou com palestras sobre terapia celular (CAR-T e CAR-NK), atuais aplicações clínicas das biópsias líquidas, a sustentabilidade da saúde de precisão no SUS, iniciativas mundiais em genômica, abordagens utilizando a farmacogenética e a estruturação de serviços de oncogenética em hospitais brasileiros.\n\nComemorando o êxito dos cerca de 50 mil genomas financiados no âmbito do Programa Genomas Brasil desde a sua criação, o Secretário de Ciência, Tecnologia e Inovação e do Complexo Econômico-Industrial da Saúde, Carlos Gadelha, falou sobre a visão do governo federal e seu comprometimento com a ciência e o desenvolvimento da base produtiva nacional: “A autonomia nacional é necessária, mas isso não se contrapõe à participação global. Costumo dizer que quanto mais qualificado for o nosso país, mais vamos poder interagir globalmente. O que não podemos aceitar é sermos meros aplicadores. Vamos participar das redes globais de geração, desenvolvimento e aplicação do desenvolvimento científico”.\n\nA diretora do departamento de Ciência e Tecnologia, Ana Caetano, falou sobre a equidade na saúde pública de precisão: “É importante garantir o acesso equitativo às novas tecnologias, de modo que todos aqueles que necessitem tenham acesso. O Programa Genomas Brasil tem esse duplo desafio, de fomentar o desenvolvimento de produtos de terapias avançadas e da genômica, e, ao mesmo tempo, não comprometer a sustentabilidade do SUS. O programa foi reformatado para incluir esses objetivos estratégicos, de promover a inovação com foco na qualidade de vida da população e no fomento ao complexo econômico-industrial da saúde”.\n\nDurante o evento, diferentes instituições manifestaram interesse em contribuir com o Programa Genomas Brasil, o que dialoga com a perspectiva da gestão de incentivar o trabalho em rede, promovendo a colaboração e as trocas de conhecimento; incentivando a autonomia, a ciência e a indústria nacional; e facilitando o acesso a essas tecnologias no âmbito da saúde pública brasileira.\n\nGravações\n\nOs três dias de programação do3º Summit Internacionalestão disponíveis online.\n\n· 1º dia, em português.· 1º dia, em inglês.\n\n·2º dia, em português.· 2º dia, em inglês.\n\n· 3º dia, em português.· 3º dia, em inglês."
}