{
    "url": "https://www.gov.br/saude/pt-br/assuntos/noticias/2023/dezembro/divulgadas-as-listas-de-pesquisadores-contemplados-nas-chamadas-publicas-de-2023",
    "titulo": "Divulgadas as listas de pesquisadores contemplados nas chamadas públicas de 2023",
    "descricao": "Financiamento total é de mais de R$ 191 milhões",
    "subtitulo": "PESQUISAS EM SAÚDE",
    "categoria": "Saúde e Vigilância Sanitária",
    "autora": "Ministério da Saúde",
    "tags": [
        "ciência e tecnologia em saúde",
        "chamadas públicas",
        "pesquisa em saúde"
    ],
    "data_publi": "22/12/2023",
    "texto": "O Conselho Nacional de Desenvolvimento Científico e Tecnológico (CNPq) divulgou os resultados das Chamadas Públicas de 2023 financiadas pelo Departamento de Ciência e Tecnologia da Secretaria de Ciência, Tecnologia, Inovação e Complexo Econômico-Industrial da Saúde do Ministério da Saúde. O investimento é de mais de R$ 191 milhões.\n\nOs nomes dos pesquisadores contemplados podem ser consultados no site do CNPq ou nos links abaixo:\n\nA seleção dos projetos é feita pelo CNPq junto com a pasta. A recomendação pela contratação da pesquisa é feita pelas instituições via análise do mérito científico, sanitário, orçamentário e de relevância social. As pesquisas aprovadas nas chamadas têm prazo máximo de realização de até 36 meses.\n\nTodas as chamadas terão acompanhamento do Ministério da Saúde em pelo menos três fases, visando o monitoramento e a avaliação dos projetos, de forma a atenderem aos interesses do Sistema Único de Saúde. Ao longo da execução das pesquisas contempladas, os resultados serão apresentados aos gestores federais para que aprimorem as políticas públicas e para que a sociedade tenha acesso a novas tecnologias em saúde.\n\nEm colaboração com instituições parceiras, as chamadas públicas são instrumentos de financiamento, de abrangência nacional ou estadual, com vistas à realização de atividades de pesquisas científicas, tecnológicas, de desenvolvimento ou inovação em saúde. Promovem avanços em saúde, considerando os compromissos éticos e técnicos, além de contribuir para a equidade em saúde e a sustentabilidade do SUS."
}