{
    "url": "https://www.gov.br/saude/pt-br/assuntos/noticias/2024/julho/ministerio-da-saude-investe-r-134-5-milhoes-em-hospital-para-saude-da-mulher-em-goias",
    "titulo": "Ministério da Saúde investe R$ 134,5 milhões em hospital para saúde da mulher em Goiás",
    "descricao": "Ministra Nísia Trindade cumpriu agenda na capital goiana nesta segunda-feira (1º). Hospital foi ampliado e passará de três para cinco centros cirúrgicos e de seis para 12 leitos pré-parto, parto e pós-parto",
    "subtitulo": "SUS MAIS FORTE",
    "categoria": "Saúde e Vigilância Sanitária",
    "autora": "Ana FreireMinistério da Saúde",
    "tags": [
        "atenção especializada à saúde",
        "saúde da mulher",
        "novo pac saúde"
    ],
    "data_publi": "01/07/2024",
    "texto": "O novo Hospital Municipal da Mulher e Maternidade Célia Câmara, em Goiânia (GO), agora será exclusivo para atendimentos da saúde da mulher. A unidade, que contou com cerca de R$ 40 milhões em investimentos do Ministério da Saúde para conclusão da obra, foi inaugurada nesta segunda-feira (1º). “A ampliação feita no hospital vem ao encontro do programa do governo federal para redução da mortalidade materna, sobretudo para o cuidado integral à gestante e às crianças”, declarou a ministra Nísia Trindade, ao chegar na solenidade.\n\nNísia declarou ser gratificante estar em Goiânia. “Quando se trata de política pública, precisamos unir esforços pelo bem da população, precisamos nos unir pela saúde e pelo Brasil. Essa é a mensagem do presidente Lula sempre que falamos da saúde e da importância de ampliarmos o acesso aoSistema Único de Saúde. Hoje celebramos mais uma importante entrega, que representa aumento da qualidade do atendimento ao povo goiano”, complementou.\n\nAlém do recurso para construção, o Ministério da Saúde também repassou R$ 16,8 milhões para aquisição de equipamentos e R$ 77,8 milhões para custeio dos serviços de alta e média complexidade. Com a expansão, o estabelecimento passará de três para cinco centros cirúrgicos e de seis para 12 leitos pré-parto, parto e pós-parto.\n\nA estrutura do hospital conta com sete consultórios de especialidades médicas e um consultório pediátrico para pacientes que tiveram alta das Unidades de Tratamento Intermediário Neonatal (Utin) e Unidades de Cuidados Intensivo Neonatal (Ucin). Também conta com salas de acolhimento, triagem, curativos, vacinas, Teste do Pezinho e Teste da Orelhinha e posto de coleta de leite humano. Estão disponíveis, ainda, 20 leitos de Unidade de Tratamento Intensivo (UTI) adultos e 10 leitos de UTI Neonatal.\n\nA compra de equipamentos, mobiliário e reformas também contou com investimentos da Secretaria Municipal de Saúde, Fundação de Apoio ao Hospital das Clínicas da Universidade Federal de Goiás (Fundahc) e da Universidade Federal de Goiás (UFG).\n\nNovo PAC vai permitir ainda mais assistência em saúde para Goiás\n\nAlém de Goiânia, por meio doNovo PAC, outros municípios goianos serão beneficiados com investimentos em saúde. A Cidade Ocidental, localizada na região leste do estado, receberá um Centro de Parto Normal, voltado para o trabalho de pré-parto, parto, puerpério, além de cuidados com recém-nascidos. São projetados para oferecer um ambiente acolhedor e assistência humanizada às gestantes que desejam o parto normal.\n\nAs cidades de Jataí, Anápolis e Aparecida de Goiânia serão contempladas com novas policlínicas com núcleos de atenção integral ao homem, mulher, crianças e outros públicos que requerem acompanhamento especial. Espaços de reabilitação para pacientes com sequelas de Acidente Vascular Cerebral (AVC) e doenças respiratórias também estão no projeto.\n\nOutra novidade recente, em parceria dos governos federal e estadual, foia inauguração do Hospital Regional de Águas Lindas, com investimento de mais de R$ 29 milhões.A população terá acesso a 164 leitos – 40 de UTI, maternidade de alto risco e mais de 15 especialidades médicas no ambulatório. Também serão ofertados exames de tomografia, ressonância, Raio X, endoscopia, ultrassom, entre outros. A estimativa é realizar 1,3 mil consultas médicas e 1,4 mil consultas multiprofissionais por mês, um benefício à população de 31 municípios, além de todo o estado de Goiás."
}