{
    "url": "https://www.gov.br/saude/pt-br/assuntos/noticias/2024/junho/ministerio-da-saude-divulga-orientacoes-para-instituicoes-de-saude-afetadas-pelas-enchentes",
    "titulo": "Ministério da Saúde divulga orientações para instituições de saúde afetadas pelas enchentes",
    "descricao": "Medida busca apoiar entidades gaúchas que realizam projetos na área de oncologia e da atenção à saúde de pessoas com deficiência no âmbito do Pronon e Pronas/PCD",
    "subtitulo": "RIO GRANDE DO SUL",
    "categoria": "Saúde e Vigilância Sanitária",
    "autora": "Ministério da Saúde",
    "tags": [
        "secretaria executiva",
        "pronon",
        "pronas pcd",
        "rio grande do sul"
    ],
    "data_publi": "04/06/2024",
    "texto": "Organizações da Sociedade Civil (OSCs) que desenvolvem projetos no âmbito dos programas nacionais de Apoio à Atenção Oncológica (Pronon) e Atenção à Saúde da Pessoa com Deficiência (Pronas/PCD), e que foram afetadas pelasenchentesno Rio Grande do Sul, poderão solicitar mudanças no plano de trabalho pactuados com o Ministério da Saúde. Ao todo, 19 instituições foram diretamente atingidas pela calamidade pública no estado.\n\nEssas instituições também poderão solicitar a prorrogação do prazo de execução dos projetos. Os pedidos devem ser enviados via ofício ao Ministério da Saúde, para o emailcpron@saude.gov.brcom as devidas justificativas. No ofício, deve ser informada a situação que se encontra a instituição.\n\nPodem ser anexados indícios e comprovações factuais, como recortes jornalísticos, relatório fotográfico, boletins de ocorrência, entre outros, que caracterizam as situações descritas no documento.\n\nSobre os programas\n\nO Pronon e o Pronas/PCD foram concebidos para incentivar a realização de projetos de atenção oncológica e de atenção à saúde da pessoa com deficiência em todo o país.\n\nSaiba mais sobre os programas"
}