{
    "url": "https://www.gov.br/saude/pt-br/assuntos/noticias/2024/maio/ministros-atualizam-cenario-e-apresentam-novas-acoes-para-o-rio-grande-do-sul",
    "titulo": "Ministros atualizam cenário e apresentam novas ações para o Rio Grande do Sul",
    "descricao": "Durante coletiva nesta quarta-feira, em Porto Alegre, titular da Saúde detalhou as ações da pasta para ajudar a reconstruir a saúde do estado",
    "subtitulo": "RIO GRANDE DO SUL",
    "categoria": "Saúde e Vigilância Sanitária",
    "autora": "Edjalma Borges e Igor TarcízioMinistério da Saúde",
    "tags": [
        "vigilância em saúde e ambiente",
        "centro de operações de emergências",
        "força nacional do sus",
        "rio grande do sul"
    ],
    "data_publi": "29/05/2024",
    "texto": "Na tarde desta quarta-feira (29), a ministra da Saúde, Nísia Trindade, participou de entrevista coletiva, na capital Porto Alegre (RS), com ministros do governo federal para atualizar a situação e apresentar novas ações de assistência à população do Rio Grande do Sul. O estado gaúcho enfrenta uma situação de calamidade pública após fortes chuvas eenchentesatingirem a região.\n\nDurante a atividade, Nísia Trindade agradeceu todos os esforços conjuntos dos demais ministérios e daForça Nacional do Sistema Único de Saúde (FN-SUS), que prestam atendimentos em saúde à população dos municípios atingidos.\n\n“Estamos diante de um problema que não é temporário, mas estamos aqui para nos debruçar sobre o Rio Grande do Sul. É a quarta vez que visito o estado. O governo federal está presente no estado ao lado de gestores. Nesse cenário, que ontem me impactou muito, andamos por áreas afetadas com o Exército. Quero agradecer a todos os trabalhadores da saúde”, ressaltou a ministra, ao lado do chefe da Casa Civil, Rui Costa, do ministro Extraordinário para Apoio à Reconstrução do Rio Grande do Sul, Paulo Pimenta, e demais autoridades federais.\n\nA ministra também expressou preocupação com os dados sobreleptospirose. “Há tratamento e, por esta razão, recomendamos que não esperem a confirmação do diagnóstico ou agravamento da doença. Na região está havendo atendimentos de saúde, há medicamentos para a doença e recomendamos que as pessoas não se automediquem.” Até esta quarta-feira, o Rio Grande do Sul registrou 141 casos de leptospirose e cinco mortes confirmadas, segundo informações da secretaria estadual.\n\nCaderneta de Vacinação\n\nNísia Trindade também falou sobre as cadernetas de vacinação destinadas ao Rio Grande do Sul, para onde foram enviados 128.872 exemplares daCaderneta da Criança – Passaporte da Cidadania, sendo 33.448 exemplares para Porto Alegre.\n\nA retomada da impressão e distribuição física do documento marca um importante passo na promoção da saúde infantil no estado. A nova edição da Caderneta da Criança traz uma novidade importante: a inclusão das vacinas contra a Covid-19 no Calendário Nacional de Vacinação. Além disso, a caderneta mantém seu caráter intersetorial, abrangendo informações não apenas sobre saúde, mas também sobre assistência social e educação.\n\nAtendimentos à população\n\nA Força Nacional do Sistema Único de Saúde registra um total de 7.334 atendimentos à população atingida pelas chuvas intensas e inundações no Rio Grande do Sul. Os dados representam o acumulado de ações da Força desde o início das operações, em 5 de maio.\n\nForam realizados 1.307 atendimentos no Hospital de Campanha (HCamp) de Porto Alegre, 3.239 no HCamp de Canoas e 350 no HCamp de São Leopoldo. O quarto hospital de campanha do Ministério da Saúde, que entrou em operação no município de Novo Hamburgo no sábado (25), registra 201 atendimentos.\n\nO total inclui ainda 2.184 atendimentos volantes, 63 remoções aéreas e 218 atendimentos psicossociais."
}