{
    "url": "https://www.gov.br/saude/pt-br/assuntos/noticias/2024/outubro/ministerio-da-saude-reforca-compromisso-com-a-politica-nacional-de-saude-bucal",
    "titulo": "Ministério da Saúde reforça compromisso com a Política Nacional de Saúde Bucal",
    "descricao": "Durante seminário em Brasília, o secretário executivo Swedenberger Barbosa destacou os avanços e o investimento de R$ 5 bilhões para ampliar o acesso e garantir a saúde bucal como direito dos brasileiros",
    "subtitulo": "BRASIL SORRIDENTE",
    "categoria": "Saúde e Vigilância Sanitária",
    "autora": "Edjalma BorgesMinistério da Saúde",
    "tags": [
        "atenção primária",
        "saúde bucal",
        "brasil sorridente",
        "odontologia"
    ],
    "data_publi": "17/10/2024",
    "texto": "O Ministério da Saúde reafirmou seu compromisso com aPolítica Nacional de Saúde Bucaldurante seminário realizado nesta quarta-feira (16), em Brasília. O secretário-executivo da pasta, Swedenberger Barbosa, mais conhecido como Berger, destacou os avanços e investimentos na área, reforçando a importância de ampliar o acesso da população aos serviços de saúde bucal no país.\n\n“Neste ano, serão investidos mais de R$ 5 bilhões no programa desaúde bucal, o maior volume de recursos já destinado à área na história do país”, afirmou Barbosa. Esse montante inclui o financiamento de equipes de saúde bucal, a aquisição de 600unidades odontológicas móveis (UOMs), consultórios e equipamentos essenciais para o funcionamento do programa, reforçando o compromisso do governo federal em garantir o acesso integral aos cuidados de saúde bucal para todos os cidadãos.\n\nO fortalecimento da política de saúde bucal faz parte daLei nº 14.572/2023, sancionada pelo presidente Luiz Inácio Lula da Silva, que incorpora a saúde bucal à Lei Orgânica da Saúde. Isso torna o cuidado odontológico um direito garantido a todos os brasileiros e assegura a oferta desse serviço noSistema Único de Saúde (SUS).\n\nFoto: Rafael Nascimento/MS\n\nNúmeros\n\nEntre as principais conquistas, o programa já credenciou 7.708 novas equipes de saúde bucal e ampliou o \"Serviço de Especialidades em Saúde Bucal\" (Sesb), voltado para municípios com até 20 mil habitantes. Além disso, em dezembro de 2023, o país passou a contar com 37.201 equipes de saúde bucal financiadas em 5.096 municípios, um aumento significativo em relação a 2022, que contava com 28.809 equipes.\n\nOutros números incluem 1.225 Centros de Especialidades Odontológicas distribuídos em 963 municípios e 4.008 Laboratórios Regionais de Prótese Dentária espalhados por 3.963 cidades. Ao todo, mais de 30 milhões de consultas de saúde bucal foram realizadas, tanto na atenção primária quanto na especializada."
}