{
    "url": "https://www.gov.br/saude/pt-br/assuntos/noticias/2024/junho/tres-vilas-afetadas-pelas-enchentes-recebem-atendimentos-da-forca-nacional-do-sus",
    "titulo": "Três vilas afetadas pelas enchentes recebem atendimentos da Força Nacional do SUS",
    "descricao": "Equipes atuam em parceria com o SESI e a UBS local para oferecer atendimento médico e psicológico às vilas Asa Branca, Santo Agostinho e Elizabeth",
    "subtitulo": "RIO GRANDE DO SUL",
    "categoria": "Saúde e Vigilância Sanitária",
    "autora": "João MoraesMinistério da Saúde",
    "tags": [
        "atenção especializada à saúde",
        "força nacional do sus",
        "centro de operações de emergências",
        "rio grande do sul"
    ],
    "data_publi": "17/06/2024",
    "texto": "Após 34 dias de danos causados pelasenchentesseveras que atingem o Rio Grande do Sul, três vilas gaúchas começaram a receber esta semana os atendimentos daForça Nacional do Sistema Único de Saúde (FN-SUS). Moradores das vilas Asa Branca, Santo Agostinho e Elizabeth estão sendo atendidos em tendas que oferecem uma gama completa de serviços de saúde, desde atendimento clínico e odontológico até a vacinação e renovação de receitas médicas. A estrutura foi montada em parceria com o Sesi e o apoio da Unidade Básica de Saúde (UBS) local.\n\nComo as vilas ficaram praticamente submersas, os moradores estão retornando agora aos locais e têm nas tendas o primeiro ponto de atendimento disponível na área. “Muitos perderam suas receitas e medicações durante a enchente, aumentando a demanda por renovação de prescrições e fornecimento de medicamentos básicos para hipertensão e diabetes”, explicou Samantha Santana, enfermeira da Força Nacional do SUS.\n\nJosé Bruno Martins Cardoso, médico da FN-SUS, explicou que, além dos serviços médicos, há um foco na prevenção de doenças como leptospirose e dengue, comuns após as enchentes. “A busca ativa por acamados e pessoas em processo de reconstrução de suas vidas é uma estratégia importante para evitar que esses indivíduos busquem ajuda tardiamente”, disse.\n\nSaúde mental\n\nAlém do atendimento médico, foi disponibilizada ajuda psicológica para lidar com os traumas causados pela enchente. “A chegada de psicólogos visa oferecer o suporte necessário para a recuperação emocional dos afetados, que carregam as marcas da tragédia tanto em suas casas quanto em suas memórias”, afirmou o enfermeiro Rhonnyckson Thayllon Silva."
}