{
    "url": "https://www.gov.br/saude/pt-br/assuntos/noticias/2024/setembro/regiao-norte-tera-dia-d-da-vacinacao-contra-a-influenza-neste-sabado-28",
    "titulo": "Região Norte terá Dia D da vacinação contra a influenza neste sábado (28)",
    "descricao": "Ministério da Saúde sugeriu o dia 28 de setembro como o ‘Dia D’ de divulgação e mobilização na região. Mais de 800 mil doses da vacina já foram aplicadas no Norte",
    "subtitulo": "VACINA CONTRA GRIPE",
    "categoria": "Saúde e Vigilância Sanitária",
    "autora": "Vanessa RodriguesMinistério da Saúde",
    "tags": [
        "vigilância em saúde e ambiente",
        "vacinação",
        "influenza",
        "região norte"
    ],
    "data_publi": "28/09/2024",
    "texto": "O Ministério da Saúde investiu mais de R$ 112 milhões em cerca de 6,6 milhões de doses da vacina influenza trivalente para garantir a vacinação da população-alvo na região Norte. Esse quantitativo faz parte da Campanha de Vacinação contra aInfluenzana Região Norte para o período de 2 de setembro a 26 de outubro de 2024. Com o objetivo de imunizar a população e reduzir a incidência de casos graves da doença, a pasta sugeriu o dia 28 de setembro como o dia “D” de divulgação e mobilização nacional.\n\nEssas campanhas geralmente ocorrem anualmente, principalmente antes do período de maior circulação do vírus, que coincide com o inverno em muitas regiões. No entanto, a região Norte tem um calendário específico, uma vez que o clima e a circulação do vírus podem diferir do restante do país.\n\nA campanha prioriza grupos de risco como idosos, gestantes, crianças, profissionais de saúde e pessoas com comorbidades. Além de proteger contra a gripe, a vacinação também ajuda a reduzir a sobrecarga no sistema de saúde, que pode ser agravada pela ocorrência simultânea de outras doenças respiratórias como acovid-19.\n\nAvacinaçãoé considerada a melhor estratégia de prevenção contra a influenza e tem capacidade de promover imunidade durante o período de maior circulação do vírus, reduzindo o agravamento da doença, as internações e o número de óbitos.\n\nA vacina influenza\n\nA gripe é uma infecção aguda do sistema respiratório, provocado pelo vírus da influenza, com grande potencial de transmissão. Existem quatro tipos de vírus influenza/gripe: A, B, C e D. O vírus influenza A e B são responsáveis por epidemias sazonais, sendo o vírus influenza A responsável pelas grandes pandemias.\n\nO imunizante tem como meta reduzir as complicações, as internações e a mortalidade decorrentes das infecções pelo vírus influenza na população-alvo para a vacinação.\n\nA vacina influenza pode ser administrada na mesma ocasião de outras vacinas doCalendário Nacional de Vacinaçãoe também com outros medicamentos, procedendo-se às administrações com seringas e agulhas diferentes em locais anatômicos distintos.\n\nGrupos prioritários a serem vacinados\n\nA campanha será realizada em uma só etapa para os grupos prioritários da Região Norte. A meta do Ministério da Saúde é vacinar, pelo menos, 90% de cada um dos grupos prioritários a seguir: crianças, gestantes, puérperas, idosos com 60 anos ou mais, e povos indígenas vivendo em terras indígenas (aldeados).\n\nA região Norte já aplicou mais de 829 mil doses da vacina, com uma estimativa total de 6,5 milhões de pessoas a serem vacinadas ao longo da campanha."
}