{
    "url": "https://www.gov.br/saude/pt-br/assuntos/noticias/2024/setembro/evento-da-secretaria-de-vigilancia-aborda-poluicao-atmosferica-e-saude-humana",
    "titulo": "Evento da Secretaria de Vigilância aborda poluição atmosférica e saúde humana",
    "descricao": "Ciclo de Estudos contará com palestras sobre análise de dados de exposição a material particulado e estratégias nacionais para mensuração de poluentes",
    "subtitulo": "QUALIFICAÇÃO",
    "categoria": "Saúde e Vigilância Sanitária",
    "autora": "João MoraesMinistério da Saúde",
    "tags": [
        "vigilância em saúde e ambiente",
        "epidemiologia",
        "poluição atmosférica",
        "ciclo de estudos"
    ],
    "data_publi": "10/09/2024",
    "texto": "Nesta quarta-feira (11) a partir das 15h, aSecretaria de Vigilância em Saúde e Ambiente (SVSA)promove um novo ciclo de estudos focado na Poluição Atmosférica e Saúde Humana. O evento, que será transmitido ao vivo pelocanal da SVSA, integra o Programa de Atualização em Epidemiologia da secretaria e reunirá especialistas renomados para discutir os impactos da poluição no bem-estar público.\n\nA palestra principal será conduzida por Beatriz Fátima Alves de Oliveira, do Instituto Oswaldo Cruz (Fiocruz/Piauí), que abordará o tema “Painel VIGIAR: Instrumento de análise de dados de exposição ao material particulado fino (MP2,5) e impactos da poluição atmosférica na saúde humana”. A seguir, Cayssa Peres Marcondes, da Secretaria Nacional de Meio Ambiente Urbano e Qualidade Ambiental, do Ministério do Meio Ambiente, apresentará “Iniciativas para mensuração de poluentes atmosféricos em Território Nacional”. Por fim, Ludmilla da Silva Viana Jacobson, da Universidade Federal Fluminense, discutirá a “Aplicação de ferramentas de ciência de dados na análise de informações em saúde”.\n\nA sessão será debatida por Eliane Ignotti, da SVSA, e coordenada por Jéssica Milena Moura Neves, também da secretaria. O evento faz parte de uma série de encontros virtuais promovidos pela SVSA desde 2003, com o objetivo de qualificar e atualizar profissionais da saúde em temas cruciais. As sessões são abertas e direcionadas a profissionais, gestores, discentes, pesquisadores e estudantes da área da saúde. Além disso, haverá emissão automática de declaração de participação para todos os participantes."
}