{
    "url": "https://www.gov.br/saude/pt-br/assuntos/noticias/2024/junho/especialistas-discutem-aumento-de-caso-de-coqueluche-no-mundo",
    "titulo": "Especialistas discutem aumento de caso de coqueluche no mundo",
    "descricao": "Evento online será nesta quarta-feira (19), às 14h, e tem o objetivo de reforçar as medidas de vigilância e de imunização no país",
    "subtitulo": "VIGILÂNCIA",
    "categoria": "Saúde e Vigilância Sanitária",
    "autora": "Swelen BotaroMinistério da Saúde",
    "tags": [
        "vigilância em saúde e ambiente",
        "webinário",
        "coqueluche",
        "vacinação"
    ],
    "data_publi": "18/06/2024",
    "texto": "O Ministério da Saúde realiza, nesta quarta-feira (19), às 14h, o webinárioReemergência da coqueluche no mundo. O objetivo é atualizar profissionais de saúde sobre a situação epidemiológica da doença no Brasil e no mundo, além de reforçar as medidas de vigilância e de imunização no país.\n\nO evento online é aberto ao público. Será transmitido ao vivo e terá emissão de declaração de participação.\n\nA reunião será conduzida pelo diretor do Departamento doPrograma Nacional de Imunizaçõesdo Ministério da Saúde, Eder Gatti, uma vez que o controle dacoquelucheestá diretamente ligado à vacinação. “Em maio, a União Europeia constatou aumento da coqueluche em pelo menos 17 países. No Brasil, não identificamos surto, graças à vacinação, mas não podemos abaixar a guarda”, ressalta o diretor.\n\nNo início do mês, a pasta divulgouNota Técnicaaos profissionais de saúde da área assistencial, recomendando a investigação de contatos de casos confirmados, oferta de tratamento oportuno, além de ampliação do uso davacina Tríplice Bacteriana Acelular (dTpa)para profissionais de saúde que atuam em atendimentos de ginecologia, obstetrícia, pediatria, além de doulas e trabalhadores de berçários e creches com crianças até 4 anos.\n\nPrevenção\n\nA vacinação é a melhor prevenção contra a coqueluche, doença transmitida pela tosse, espirro ou até mesmo ao falar. No Brasil, a imunização contra coqueluche está disponível peloSistema Único de Saúde. O esquema vacinal é composto por três doses da vacina pentavalente (aos 2, 4 e 6 meses de vida), seguidas de reforços com a vacina Tríplice Bacteriana (DTP) aos 15 meses e aos 4 anos de idade. O SUS disponibiliza ainda, a vacinação de gestantes, puérperas e de profissionais da área da saúde com a dTpa. Em 2023, todas as vacinas contra coqueluche apresentaram aumento da cobertura vacinal, em comparação com ano de 2022."
}