{
    "url": "https://www.gov.br/saude/pt-br/assuntos/noticias/2024/novembro/ministerio-da-saude-participa-da-21a-semana-nacional-de-ciencia-e-tecnologia",
    "titulo": "Ministério da Saúde participa da 21ª Semana Nacional de Ciência e Tecnologia",
    "descricao": "A ministra Nísia Trindade esteve na abertura do evento ao lado do presidente Lula. Pasta da Saúde montou um estande informativo, destacando iniciativas para o fortalecimento do SUS",
    "subtitulo": "INCENTIVO À CIÊNCIA",
    "categoria": "Saúde e Vigilância Sanitária",
    "autora": "Edjalma BorgesMinistério da Saúde",
    "tags": [
        "ciência e tecnologia em saúde",
        "mudanças climáticas",
        "educação em saúde",
        "inovação"
    ],
    "data_publi": "06/11/2024",
    "texto": "A ministra da Saúde, Nísia Trindade, participou nesta terça-feira (5), ao lado do presidente Lula e do vice-presidente Geraldo Alckmin, da abertura da21ª Semana Nacional de Ciência e Tecnologia (SNCT)em Brasília. O evento, que acontece até 10 de novembro, é o maior de divulgação científica do Brasil e organizado pelo Ministério da Ciência, Tecnologia e Inovação (MCTI).\n\nCom o tema \"Biomas do Brasil: diversidade, saberes e tecnologias sociais\", a SNCT 2024 aborda os impactos das mudanças climáticas nos biomas brasileiros e as ações necessárias para mitigar esses efeitos.\n\nDurante seu discurso na abertura do evento, o presidente Lula enfatizou a importância de ampliar os investimentos no acesso ao conhecimento e na ciência, apontando a SNCT como um estímulo para que jovens sigam estudando e contribuindo para o país. “A oportunidade torna as pessoas iguais. Nosso compromisso é garantir que quem ficou para trás na economia e na educação tenha acesso às mesmas oportunidades. Educação é investimento, e é o que mais dá retorno no país e é a base da nossa cidadania”, afirmou o chefe do Executivo.\n\nPautas interministeriais\n\nO Ministério da Saúde participa da semana de ciência e tecnologia representado pelaSecretaria de Ciência, Tecnologia e Inovação e do Complexo Econômico-Industrial da Saúde (Sectics), oferecendo materiais educativos, jogos interativos e conteúdos acessíveis que valorizam o desenvolvimento científico, tecnológico e oSistema Único de Saúde (SUS).\n\nEm visita ao estande da Saúde, a ministra Nísia Trindade destacou a importância de popularizar as pesquisas universitárias e garantir o acesso a informações corretas. “O Ministério da Saúde trouxe a este evento materiais educativos, como a cartilha ‘Saúde e Biomas do Brasil – Ciência pela Vida!’ e outras atividades que contribuirão muito para despertar em nossas crianças e jovens o interesse pela ciência”, afirmou.\n\nComo parte dos esforços para promover o avanço científico, a pasta estabeleceu a meta de apoiar 100 pesquisas sobre mudanças climáticas até 2027. Somente em 2023, foram financiados mais de 30 estudos, com um investimento de R$ 9,9 milhões já repassados aos pesquisadores.\n\nEm 2024, o orçamento total da pasta para a Política Nacional de Ciência, Tecnologia e Inovação em Saúde (CT&I) será de R$ 556,3 milhões — 5 vezes mais que o valor destinado em 2022, um total de R$ 116,7 milhões. Desse montante, mais de R$ 400 milhões serão direcionados para o lançamento de 10 chamadas públicas, ampliando o incentivo à pesquisa em saúde no país.\n\nCartilha educativa\n\nDestaque do estande do Ministério da Saúde, a cartilha “Saúde e Biomas do Brasil – Ciência pela Vida! ”, é distribuída gratuitamente no evento, com informações sobre o papel da pasta da Saúde na promoção do desenvolvimento científico para o SUS, além de conteúdos sobre saúde ambiental, mudanças climáticas, arboviroses, doenças determinadas socialmente (DDS), ométodo Wolbachia de combate à dengue, vacinas, entre outros temas.\n\nO estande também oferece jogos de memória e de tabuleiro inspirados na cartilha, além de totens interativos. Os visitantes recebem umaecobagcom a frase “Ciência é vida!” e podem assistir a vídeos com campanhas do Ministério da Saúde.\n\nOs interessados na programação da SNCT podem participar de forma remota, por meio deatividades cadastradas, ou presencialmente, em um espaço montado ao lado do Museu Nacional de Brasília, no centro da capital federal.\n\nSobre a SNCT\n\nInstituída em 2004 por decreto do presidente da República, a Semana Nacional de Ciência e Tecnologia é realizada anualmente pelo MCTI em parceria com unidades de pesquisa, agências de fomento e entidades vinculadas, comunidade científica, universidades, instituições de ensino de pesquisa, escolas, museus e jardins botânicos, secretarias estaduais e municipais, empresas de base tecnológica e entidades da sociedade civil."
}