{
    "url": "https://www.gov.br/saude/pt-br/assuntos/noticias/2023/novembro/governo-federal-entrega-33-novas-ambulancias-do-samu-ao-ceara",
    "titulo": "Governo Federal entrega 33 novas ambulâncias do SAMU ao Ceará",
    "descricao": "Oficialização ocorreu durante reunião do presidente Lula com o governador do estado, Elmano de Freitas. Minas Gerais também recebeu 47 novos veículos nesta quinta",
    "subtitulo": "SAÚDE",
    "categoria": "Saúde e Vigilância Sanitária",
    "autora": "Com informações da Secretaria de Comunicação Social da Presidência da República",
    "tags": [
        "saúde",
        "samu",
        "ambulâncias",
        "minas gerais",
        "ceará"
    ],
    "data_publi": "09/11/2023",
    "texto": "O Ceará recebeu 33 novas ambulâncias do Serviço de Atendimento Móvel de Urgência (SAMU) nesta quinta-feira, 9 de novembro. A oficialização da entrega ocorreu durante audiência do presidente Luiz Inácio Lula da Silva com o governador do estado, Elmano de Freitas, no Palácio do Planalto. A ministra da Saúde, Nísia Trindade, também participou. Até o fim do ano, a estimativa é de que sejam entregues 237 novas unidades do SAMU no Brasil.\n\n“O Ceará está recebendo 33 ambulâncias do SAMU. Nós praticamente vamos chegar a 200 ambulâncias no estado. Estamos fazendo 20 anos de SAMU no Brasil e com isso vamos fazer uma cobertura plena. O Ceará já tem cobertura do SAMU de 100% do território. Estamos renovando a frota e aproximando ainda mais a nossa capacidade de atendimento rápido do serviço à população cearense”, afirmou o Freitas.\n\nPRIORIDADE– A universalização de serviços essenciais na rede pública, como o SAMU, é uma das estratégias prioritárias do Novo Programa de Aceleração do Crescimento (Novo PAC), anunciado pelo Governo Federal em agosto.\n\nNo caso do SAMU 192, o objetivo é que, em quatro anos, o serviço tenha 100% de cobertura, com prioridade para as regiões de maior vulnerabilidade social. Este ano, o Ministério da Saúde ampliou em 30% os valores repassados para custeio do serviço móvel de urgência, o que representa incremento de R$ 396 milhões por ano.\n\nO repasse, que anteriormente era de R$ 1,3 bilhão, passou a ser de quase R$ 1,7 bilhão. O aumento busca minimizar a sobrecarga nos municípios e é uma forma de incentivar a universalização do serviço. A frota nacional soma 3.675 ambulâncias, com repasse federal mensal aproximado de R$ 139,6 milhões para manutenção.\n\n\n\nMINAS– Além das ambulâncias destinadas ao Ceará, oMinistério da Saúde entregou, nesta quinta-feira, 47 novas ambulâncias do SAMU 192 para Minas Gerais.Do total, 11 são unidades de suporte básico (USB) e outras 36 destinadas à renovação da frota. Minas já conta com 325 ambulâncias. Todas estão equipadas para funcionamento imediato. Com investimento de R$ 13,5 milhões, a iniciativa vai beneficiar 47 municípios mineiros."
}