{
    "url": "https://www.gov.br/saude/pt-br/assuntos/noticias/2024/outubro/secretaria-ethel-discursa-sobre-resistencia-antimicrobiana-e-uma-so-saude-no-g20",
    "titulo": "Secretária Ethel discursa sobre resistência antimicrobiana e Uma só Saúde no G20",
    "descricao": "Secretária de Vigilância em Saúde e Ambiente do Brasil declarou, ainda, que o \"controle social é fundamental para todas as políticas públicas”",
    "subtitulo": "AGENDA INTERNACIONAL",
    "categoria": "Saúde e Vigilância Sanitária",
    "autora": "Ministério da Saúde",
    "tags": [
        "assuntos internacionais",
        "saúde e vigilância em saúde",
        "g20brasil",
        "uma só saúde"
    ],
    "data_publi": "30/10/2024",
    "texto": "Durante a plenária doG20, que debate a saúde no âmbito das mudanças climáticas, a secretária deVigilância em Saúde e Ambiente do Ministério da Saúde, Ethel Maciel, destacou que o governo brasileiro tem adotado a estratégiaUma Só Saúdecom o objetivo de integrar a saúde humana, animal, vegetal e ambiental. A iniciativa busca fortalecer a resposta e resiliência global diante de ameaças como pandemias, resistência antimicrobiana, mudanças climáticas e outras ameaças à saúde.\n\nA secretária lembrou que a intersetorialidade é um dos pilares doSistema Único de Saúde (SUS)há mais de 30 anos e que esta visão tem sido fortalecida pelo governo do presidente Lula ao integrar diversos ministérios e entidades da sociedade civil. “O controle social é fundamental para todas as políticas públicas”, disse.\n\nSegundo Ethel Maciel, outro ponto central ao governo brasileiro é a promoção daequidade, que busca não só combater a fome e a pobreza, como promover políticas voltadas à diversidade e em conformidade com as diferenças regionais. Nesta direção, a secretária lembrou que o Brasil, na presidência do G20, propôs uma Aliança Global Contra a Fome e a Pobreza.\n\nResistência antimicrobiana\n\nA secretária Ethel ainda reforçou que a resistência antimicrobiana é um grande desafio à saúde mundial. “Escolhemos a resistência antimicrobiana como nossa sentinela. Com o apoio da Organização Pan-Americana de Saúde (Opas), estamos desenvolvendo a primeira pesquisa nacional de resistência antimicrobiana com a abordagem de Uma Só Saúde”, explicou.\n\n“Até agora, os dados que possuímos são majoritariamente da saúde humana mas, neste primeiro inquérito nacional, queremos incluir também a análise de águas residuais, animais e humanos. Estamos, assim, construindo o protocolo de pesquisa que será nossa sentinela inicial para avançar concretamente em nosso plano de ação para a resistência antimicrobiana”, apontou a secretária.\n\nAções para enfrentar a mudança climática\n\nEthel Maciel abordou, ainda, ações em curso para treinar os profissionais de saúde em relação às mudanças no clima. Em parceria com a Organização Pan-Americana de Saúde (Opas), será lançado um guia para os profissionais de saúde voltado ao reconhecimento de emergências em seus locais de trabalho. Conforme a secretária, o Ministério da Saúde também vai promover uma qualificação “da força de trabalho para o reconhecimento das mudanças climáticas como um grande problema de saúde pública”.\n\nAo finalizar, a secretária citou o escritor uruguaio Eduardo Galeano com a frase “se a natureza fosse um banco, ela já teria sido salva” e destacou que o Brasil trouxe a natureza para o centro do debate. “Esse é o nosso compromisso para que possamos, nesse fórum, nos comprometer com um mundo justo e mais sustentável para todos nós”, concluiu.\n\nAcesse a página do 'G20 Brasil 2024 Saúde' e saiba mais"
}