{
    "url": "https://www.gov.br/saude/pt-br/assuntos/noticias/2023/novembro/brasil-e-argentina-assinam-compromisso-para-transferencia-de-tecnologia-da-vacina-contra-a-febre-amarela",
    "titulo": "Brasil e Argentina assinam compromisso para transferência de tecnologia da vacina contra a febre amarela",
    "descricao": "Com o acordo, Fiocruz vai capacitar a ANLIS a produzir e fornecer o imunizante em território argentino. Doença é endêmica no país vizinho",
    "subtitulo": "VACINA",
    "categoria": "Saúde e Vigilância Sanitária",
    "autora": "Ministério da Saúde",
    "tags": [
        "mercosul saúde",
        "febre amarela",
        "imunização",
        "tecnologia"
    ],
    "data_publi": "17/11/2023",
    "texto": "Um termo de compromisso para transferência de tecnologia brasileira à Argentina vai permitir que o país vizinho possa produzir vacina contra a febre amarela, sem a necessidade de importação. O documento foi assinado, nesta sexta-feira (17), pela Fiocruz do Brasil, por meio do Instituto de Tecnologia em Imunobiológicos (Bio-Manguinhos), e pela Administração Nacional de Laboratórios e Institutos de Saúde Dr. Carlos Malbrán (ANLIS) para capacitar a instituição argentina a fabricar o imunizante.\n\nA assinatura, no Palácio do Itamaraty, em Brasília, contou com a presença das ministras da Saúde do Brasil, Nísia Trindade, e da Argentina, Carla Vizzotti, do presidente da Fiocruz, Mario Moreira, do diretor de Bio-Manguinhos, Maurício Zuma, e do diretor da ANLIS, Pascual Fidelio. O local sediou a 53ª Reunião Ordinária de Ministros e Ministras dos Estados Partes e Associados do Mercosul.\n\nBio-Manguinhos é, atualmente, um dos quatro produtores mundiais da vacina contra a febre amarela pré-qualificados pela Organização Mundial da Saúde (OMS). Por isso, além de atender à demanda nacional do SUS, a Fiocruz tem um importante papel no fornecimento dessas vacinas para os países da América Latina, Caribe e África, por meio das agências das Nações Unidas.\n\nEntre 2016 e 2023, a Fiocruz chegou a exportar para a Argentina, por meio da Organização Pan-Americana da Saúde (Opas), cerca de 1,8 milhão de doses da vacina de febre amarela. Trata-se de uma doença endêmica por lá e a vacinação em áreas de risco foi introduzida no calendário de rotina argentino em 2002.\n\nCom a transferência de tecnologia concluída, a ANLIS estará apta a produzir o imunizante para todo o território argentino. Além do termo de compromisso, ainda será necessária a assinatura de um contrato de transferência de tecnologia entre as instituições para o detalhamento de todas as etapas do processo, bem como o cronograma a ser cumprido.\n\nA ANLIS\n\nCriada em 1893, ainda com o nome de Oficina Sanitária Argentina, a ANLIS é uma instituição de referência em pesquisa, produção, diagnóstico e vigilância ligada ao ministério da saúde local e responsável pela coordenação da rede de laboratórios públicos e a execução das políticas públicas do país na área de saúde."
}