{
    "url": "https://www.gov.br/saude/pt-br/assuntos/noticias/2024/setembro/ministra-da-saude-reforca-compromissos-com-a-enfermagem-durante-congresso-em-pernambuco",
    "titulo": "Ministra da Saúde reforça compromissos com a Enfermagem durante congresso em Pernambuco",
    "descricao": "Durante o evento, Nísia Trindade reafirmou o trabalho do governo na valorização da categoria, essencial na atenção primária e na composição das equipes multiprofissionais",
    "subtitulo": "CONSELHOS DE ENFERMAGEM",
    "categoria": "Saúde e Vigilância Sanitária",
    "autora": "Edjalma BorgesMinistério da Saúde",
    "tags": [
        "secretaria executiva",
        "trabalho e educação na saúde",
        "assistência financeira complementar",
        "piso da enfermagem"
    ],
    "data_publi": "16/09/2024",
    "texto": "A ministra da Saúde, Nísia Trindade, participou, nesta segunda-feira (16), da abertura do26º Congresso Brasileiro dos Conselhos de Enfermagem (CBCENF), em Recife. O evento, considerado o maior de saúde na América Latina, vai até o dia 19 de setembro e inclui debates sobre os desafios e oportunidades da profissão, além de inovação e desenvolvimento profissional para a categoria. Mais de 42 mil profissionais de saúde de todos os estados do país participam do encontro de forma presencial e online.\n\nNo evento, a ministra reafirmou o compromisso do Ministério da Saúde em construir uma agenda de políticas públicas que reconheça e valorize a atuação dos enfermeiros, fundamentais na atenção primária e nas equipes multiprofissionais em unidades básicas de saúde, onde desempenham um papel crucial na prestação de serviços e no atendimento às pessoas e comunidades.\n\n“Não poderia deixar de comparecer a este evento, pois, apesar de não conseguirmos estar presentes em todas as ocasiões que celebram as muitas profissões e trabalhadores que formam o SUS, a enfermagem é a maior categoria do nosso Sistema Único de Saúde. Ela é a base de todos os programas lançados pelo presidente Lula”, lembrou Nísia.\n\nEm maio de 2023, o presidente Lula sancionou lei que concedeu crédito especial de R$ 7,3 bilhões no orçamento doFundo Nacional de Saúde (FNS)para garantir a estados e municípios o auxílio financeiro complementar para o pagamento doPiso Nacional da Enfermagem.\n\n\"Nosso compromisso é avançar nessa agenda de valorização da profissão, como já foi feito com a destinação de recursos para o Piso da Enfermagem pelo governo federal. Nós precisamos cuidar de quem cuida. Contem com o trabalho contínuo do Ministério da Saúde\", concluiu a ministra.\n\nForça da enfermagem no SUS\n\nSegundo dados do Centro Nacional de Informações do Trabalho na Saúde (CENITS), a enfermagem é a maior categoria profissional noSistema Único de Saúde (SUS), com 87,27% dos trabalhadores, composta por enfermeiros, técnicos, auxiliares de enfermagem e parteiras. A categoria é majoritariamente feminina (85,6%), o que reforça a importância de políticas de equidade de gênero, como oPrograma Nacional de Equidade de Gênero, Raça, Etnia e Valorização das Trabalhadoras no SUS.\n\nAtualmente, o SUS conta com cerca de 1.21 milhão de profissionais de enfermagem, dos quais 708.876 são técnicos de enfermagem, 346.296 enfermeiros e 155.932 auxiliares de enfermagem.\n\nTransparência e valorização\n\nA partir do próximo mês, será disponibilizado um espaço no portal do Fundo Nacional de Saúde (FNS) para que trabalhadores da enfermagem possam acompanhar informações sobre o repasse daAssistência Financeira Complementar (AFC) da União. O sistema permitirá que profissionais verifiquem se seus dados estão devidamente registrados e identifiquem possíveis inconsistências que possam impactar o recebimento do benefício.\n\nCaravana do Piso da Enfermagem\n\nComo parte das ações da atual gestão para a categoria, o Ministério da Saúde realizou a Caravana do Piso da Enfermagem, que reuniu mais de 3,5 mil gestores, técnicos e trabalhadores em todo o Brasil para discutir a implementação da AFC. A caravana - que começou em fevereiro em Natal (RN) e encerrou este mês em Florianópolis (SC) - promoveu o diálogo direto com profissionais de enfermagem e gestores locais. A iniciativa contribuiu para esclarecer dúvidas e fortalecer o entendimento sobre a política de valorização da enfermagem no país."
}