{
    "url": "https://www.gov.br/saude/pt-br/assuntos/noticias/2024/setembro/sus-oferece-novo-medicamento-para-pacientes-com-anemia-por-deficiencia-de-ferro",
    "titulo": "SUS oferece novo medicamento para pacientes com anemia por deficiência de ferro",
    "descricao": "A doença é uma das condições nutricionais mais comuns no mundo, atingindo 30% da população",
    "subtitulo": "QUALIDADE DE VIDA",
    "categoria": "Saúde e Vigilância Sanitária",
    "autora": "Alexandre PenidoMinistério da Saúde",
    "tags": [
        "ciência e tecnologia em saúde",
        "anemia",
        "deficiência de ferro",
        "medicamento"
    ],
    "data_publi": "30/09/2024",
    "texto": "Os pacientes atendidos noSistema Único de Saúde (SUS)que sofrem de anemia por falta de ferro e têm sintomas adversos ao tomar o medicamento sulfato ferroso, agora têm uma nova opção de tratamento. O fármaco ferripolimaltose, que acaba de ser incluído na Rede SUS, traz mais uma opção aos pacientes com Anemia por Deficiência de Ferro.\n\nEssa deficiência é um problema de saúde grave, causado pela falta de ferro, nutriente essencial no organismo para produzir as células do sangue e garantir que o oxigênio chegue a todas as partes do corpo. Quando os níveis de ferro estão baixos, a pessoa pode sentir cansaço extremo, fraqueza, falta de ar e até dificuldades de concentração.\n\nEsse tipo de anemia afeta a saúde de crianças e mulheres em fase pré-menopausa e atinge principalmente pessoas de baixa renda, que muitas vezes não conseguem garantir uma alimentação adequada em ferro.\n\nA doença é uma das condições nutricionais mais comuns no mundo, atingindo 30% da população. Em 2023, o Ministério da Saúde gastou R$ 326,4 milhões em internações decorrentes de anemia em hospitais públicos no país.\n\nCom a chegada da ferripolimaltose, quem tem intolerância ao sulfato ferroso – medicamento disponível no SUS para tratar a anemia por deficiência de ferro – poderá fazer o tratamento sem os efeitos indesejados, como dores de estômago e náuseas. Isso vai garantir que mais pessoas possam ter o tratamento adequado.\n\nEssa novidade no SUS é um passo importante para melhorar a qualidade de vida de milhares de brasileiros que convivem com a anemia.\n\nOs principais sinais e sintomas da anemia são:\n\nO Ministério da Saúde reforça que nesses casos, o médico deverá ser procurado, para diagnóstico e conduta para o tratamento."
}