{
    "url": "https://www.gov.br/saude/pt-br/assuntos/noticias/2023/dezembro/profissionais-do-mais-medicos-recebem-qualificacao-para-insercao-do-diu",
    "titulo": "Profissionais do Mais Médicos recebem qualificação para inserção do DIU",
    "descricao": "Mais de 3 mil médicos aprenderam a técnica para inserção do dispositivo que é contraceptivo.  Somente em 2022, cerca de 52 mil DIUs foram colocados na rede pública",
    "subtitulo": "SAÚDE DA MULHER",
    "categoria": "Saúde e Vigilância Sanitária",
    "autora": "Ministério da Saúde",
    "tags": [
        "atenção primária",
        "mais médicos",
        "diu",
        "maav"
    ],
    "data_publi": "04/12/2023",
    "texto": "A partir deste mês, 1.340 municípios de todo o país contarão com um reforço na saúde da mulher. Os 3,4 mil médicos que participaram do Módulo de Acolhimento de Avaliação (Maav) do programa Mais Médicos foram sensibilizados para inserção do Dispositivo Intrauterino (DIU) de cobre nas unidades de saúde da família onde irão atuar. A qualificação ocorreu durante a oficina \"Saúde das mulheres na APS - fortalecendo a qualidade do cuidado\" - concluída na semana passada - e que abordou ainda outros temas como justiça reprodutiva, dignidade menstrual e qualificação do pré-natal.\n\nA inserção do DIU é uma demanda recorrente no SUS, por se tratar de um recurso que previne a gravidez não planejada. Para a ministra da Saúde, Nísia Trindade, os direitos sexuais e reprodutivos merecem total atenção na atual gestão: \"Os direitos reprodutivos são prioridade em uma visão de saúde integral das meninas e mulheres”, diz a ministra.\n\nA qualificação para a inserção do DIU, um método contraceptivo seguro e de longa duração, aconteceu em Salvador, Belo Horizonte e São Paulo. Especialistas de todo o país realizam sensibilização teórica e prática com os médicos do programa. Durante a oficina foram utilizados recursos pedagógicos como modelos anatômicos que simulam a pelve, kits de inserção e o próprio dispositivo.\n\nA consultora técnica da Coordenação da Saúde da Mulher do Ministério da Saúde, Bruna Grasiele Nascimento, observa que a oficina foi integrada ao Maav a fim de que os novos profissionais aprimorem o olhar sobre a saúde integral e possam contribuir com a redução das iniquidades históricas e garantir a saúde das mulheres e pessoas com útero.\n\nPara Bruna, a oficina para a inserção do DIU promoveu um diálogo apurado e coletivo entre trabalhadores do SUS - especialistas e profissionais do Mais Médicos. “Isso assegura que as pessoas que buscam os serviços tenham a possibilidade de ser atendidas por profissionais que as apoiem nas escolhas. E sejam informadas sobre o que é melhor para sua realidade, em relação ao cuidado e à contracepção, especialmente”, pontua.\n\nDesconstruindo mitos\n\nA consultora técnica da Coordenação de Atenção à Saúde da Mulher, Priscila Brito, ressalta, ainda, que o aprendizado é fundamental para desconstruir alguns mitos em relação ao DIU, apontado por parte do público feminino como um contraceptivo pouco eficaz e que traria incômodos a quem usa.\n\n“O Maav nos dá essa oportunidade de enfrentar esses mitos e aproximar os médicos da técnica. A oferta de informações baseadas em evidências sobre como fazer o acompanhamento adequado, orientar as mulheres e organizar as equipes para garantir o acesso”, finaliza a consultora.\n\nMais Médicos\n\nApós um mês de acolhimento nas capitais São Paulo, Belo Horizonte e Salvador, os participantes do Mais Médicos concluíram o módulo de acolhimento na semana passada. Agora, os mais de 3 mil médicos estão aptos para iniciar as atividades em saúde.\n\nCom a meta de 28 mil médicos integrados ao programa até o fim de 2023, a iniciativa já bateu recorde de profissionais em atuação desde a sua criação, há dez anos. A prioridade é garantir assistência e acesso à saúde para a população em municípios de maior vulnerabilidade social, regiões de fronteira e vazios assistenciais, na região da Amazônia Legal e periferias das grandes cidades. A retomada do Mais Médicos garantirá o acesso à saúde para mais de 96 milhões de brasileiros."
}