{
    "url": "https://www.gov.br/saude/pt-br/assuntos/noticias/2023/novembro/ministerio-da-saude-lanca-calendario-digital-de-vacinacao",
    "titulo": "Ministério da Saúde lança calendário digital de vacinação",
    "descricao": "Nova página dentro do site da pasta permite pesquisar as vacinas ofertadas no SUS com informações sobre os imunizantes recomendados para cada idade",
    "subtitulo": "PROTEÇÃO",
    "categoria": "Saúde e Vigilância Sanitária",
    "autora": "Ministério da Saúde",
    "tags": [
        "vigilância em saúde e ambiente",
        "movimento nacional pela vacinação"
    ],
    "data_publi": "01/11/2023",
    "texto": "Usuários do Sistema Único de Saúde (SUS) agora tem mais uma ferramenta para ajudar a manter o cronograma de vacinação em dia: umcalendário digital, disponível para download. Essa é mais uma iniciativa dentro do Movimento Nacional pela Vacinação, lançado em fevereiro pelo governo federal, com o objetivo de recuperar as altas coberturas vacinais no país. O Ministério da Saúde reforça que a prioridade é a atualização da caderneta de crianças e adolescentes menores de 15 anos de idade.\n\nNa nova página, disponível dentro do site da pasta,é possível pesquisar as vacinas ofertadas pelo Programa Nacional de Imunizações (PNI), com informações sobre doenças preveníveis, público-alvo, faixa etária e, dentro de cada público, os imunizantes recomendados. Poliomielite, sarampo, rubéola, tétano e coqueluche são algumas das doenças possíveis de se prevenir com a imunização. No site também é possível encontrar painéis de monitoramento da vacinação contra a Covid-19 e contra a influenza, além de um vacinômetro, com números atualizados da vacinação no país.\n\nAtualmente, 48 imunobiológicos são distribuídos anualmente pelo PNI: 31 vacinas, 13 soros e 4 imunoglobulinas. Entre as vacinas, estão as indicadas no Calendário Nacional de Vacinação - que contempla 20 vacinas que protegem desde recém-nascidos até a vida adulta - e também as indicadas para grupos em condições clínicas especiais, como pessoas com HIV ou indivíduos em tratamento de doenças, aplicadas nos Centros de Referência para Imunobiológicos Especiais (CRIE).\n\nA ministra da Saúde, Nísia Trindade, reforça que toda a população pode atualizar a caderneta gratuitamente nas mais de 38 mil salas de vacinação disponíveis no país. “A ciência voltou, o combate à desinformação voltou e a retomada das altas coberturas vacinais é tema prioritário do nosso governo. Quanto mais pessoas de uma comunidade estão protegidas, menor é a chance de uma doença se propagar”, declara.\n\nInformações para profissionais de saúde\n\nConteúdos para profissionais de saúde também estão disponíveis na página, como publicações técnicas, atividades do microplanejamento e portarias. Dessa forma, as equipes de saúde terão subsídios para planejar ações e traçar estratégias com o objetivo de melhorar a vacinação da população.\n\nO Ministério da Saúde reitera, ainda, o uso do Prontuário Eletrônico do Cidadão (PEC), disponível na Estratégia e-SUS APS, para os gestores de estados e municípios. Por meio do PEC, os profissionais de saúde podem utilizar a funcionalidade “Busca Ativa de Vacinação” para observar vacinas aplicadas, no prazo e atrasadas, sendo possível filtrar a busca por grupo-alvo e faixa etária, otimizando a atualização da caderneta destes grupos."
}