{
    "url": "https://www.gov.br/saude/pt-br/assuntos/noticias/2024/maio/ministerio-da-saude-medico-sem-fronteiras-e-unicef-realizam-acoes-de-socorro-em-aldeias-atingidas-pelas-enchentes",
    "titulo": "Ministério da Saúde, Médico Sem Fronteiras e Unicef realizam ações de socorro em aldeias atingidas pelas enchentes",
    "descricao": "Além do levantamento situacional das aldeias, foram entregues cestas básicas, água mineral, cobertores, colchões e roupas",
    "subtitulo": "RIO GRANDE DO SUL",
    "categoria": "Saúde e Vigilância Sanitária",
    "autora": "Otávio AugustoMinistério da Saúde",
    "tags": [
        "saúde indígena",
        "aldeias",
        "enchentes",
        "rio grande do sul"
    ],
    "data_publi": "16/05/2024",
    "texto": "Uma ação conjunta do Ministério da Saúde, do Médicos Sem Fronteiras (MSF) e do Fundo das Nações Unidas para a Infância (Unicef) socorreu indígenas que foram afetados pelasenchentesno Rio Grande do Sul. As equipes daSecretaria de Saúde Indígena (Sesai)sobrevoaram territórios indígenas no estado. Além do levantamento situacional das aldeias, foram entregues cestas básicas, água mineral, cobertores, colchões e roupas.\n\nO grupo visitou uma cozinha solidária em que 43 indígenas Guarani advindos da aldeia Anhetenguá, localizada em Lomba do Pinheiro, em Porto Alegre. No local, além de comida, os indígenas são assistidos com insumos de primeira necessidade, como roupas.\n\nAlém das ações de socorro, oCentro de Operações de Emergências (COE) Rio Grande do Sulestá definindo o cronograma de missões exploratórias para os próximos dias priorizando aldeias de risco. As ações contam com apoio logístico de um helicóptero do MSF e de três viaturas do Instituto Brasileiro do Meio Ambiente e dos Recursos Naturais Renováveis (Ibama).\n\nA Sesai e o Unicef vistoriaram, nas aldeias Cantagalo e Passo de Areia, o sistema de abastecimento de água. As equipes verificaram o funcionamento das bombas e da rede de distribuição.\n\nNa aldeia Arado, doações e medicamentos foram deixados em uma fazenda próxima a comunidade. A destruição causada pelas enchentes impossibilitou o acesso via terrestre. Os donativos serão levados de barco junto a equipes de saúde indígena do município de Viamão (RS).\n\nNo Pólo Base Passo Fundo, foi iniciado um levantamento  para elencar as aldeias prioritárias para o recebimento de socorro. Na aldeia Tekoa Kurity, em Canela (RS), foram realizados atendimentos médicos com prescrição e entrega de medicamentos. Além disso, houve entrega de água potável e alimentos.\n\nAtuação na emergência\n\nO Ministério da Saúde está investindo recursos para ações de promoção, proteção e recuperação da saúde indígena no Rio Grande do Sul. O orçamento, oriundo de Medida Provisória do governo federal, soma R$ 21,4 milhões e vai impactar diretamente 36 mil indígenas do estado.\n\nDesde 3 de maio, a Sesai executou uma série de ações para proteger essa população. A pasta articulou, por exemplo, apoio com a Defesa Civil dos municípios para evacuação de indígenas residentes nas áreas de risco.\n\nSegundo levantamento da Secretaria, todos os sete Polos Base no estado relataram impactos por conta das chuvas. Ao todo, 80 aldeias estão parcialmente ou totalmente isoladas, o que afeta mais de 15 mil indígenas distribuídos em 40 municípios.\n\nCom relação às aldeias com comunicação parcial ou sem comunicação, são 31 aldeias onde vivem 2.250 indígenas, em 17 municípios."
}