{
    "url": "https://www.gov.br/saude/pt-br/assuntos/noticias/2024/agosto/aberta-especializacao-em-preceptoria-para-residentes-em-medicina-de-familia-e-comunidade",
    "titulo": "Aberta especialização em preceptoria para residentes em medicina de família e comunidade",
    "descricao": "Período de adesão vai até 5 de setembro. Vagas contemplam todos os residentes da área, que podem receber bolsa de R$ 4 mil por até dois anos",
    "subtitulo": "EDUCAÇÃO NA SAÚDE",
    "categoria": "Saúde e Vigilância Sanitária",
    "autora": "O curso, desenvolvido no âmbito doPrograma de Apoio ao Desenvolvimento Institucional do Sistema Único de Saúde (Proadi-SUS), será na modalidade EaD, contemplando os eixos: Competências em MFC; Competências clínicas; e Competências em preceptoria.A iniciativa é resultado daPortaria GM/MS nº 4.934, de 26 de julho de 2024, que busca fortalecer as residências em MFC qualificando profissionais para a Atenção Primária à Saúde (APS). Atualmente, o Brasil conta com mais de 52 mil Equipes de Saúde da Família, principal estratégia de organização da APS no país, e 11.255 especialistas em Medicina de Família e Comunidade. Desses profissionais, 44,8% estão na região Sudeste e 4,9% na região Norte.O objetivo do Ministério da Saúde é mudar esse cenário, formando e provendo profissionais em especialidades e áreas estratégicas para o Sistema Único de Saúde. Entre as ações da Pasta está a formação de preceptores para programas de residências de MFC, o que busca possibilitar a expansão de vagas e permitir que residentes tenham melhor desenvolvimento de competências, a partir da integração ensino-serviço-comunidade.Para mais informações, acesse a live sobre edital, promovida pelo Ministério da Saúde para apresentar o curso:Especialização em Preceptoria e Bolsa-Formação para Residentes de MFCSarah MaximoMinistério da Saúde",
    "tags": [
        "trabalho e educação na saúde",
        "medicina de família ",
        "preceptoria",
        "proadi-sus"
    ],
    "data_publi": "26/08/2024",
    "texto": "Período de adesão vai até 5 de setembro. Vagas contemplam todos os residentes da área, que podem receber bolsa de R$ 4 mil por até dois anosPublicado edital para curso de especialização em preceptoria voltado a residentes matriculados em programas de Medicina de Família e Comunidade (MFC). A oferta educacional é uma parceria entre o Ministério da Saúde, por meio daSecretaria de Gestão do Trabalho e da Educação na Saúde (SGTES)e daSecretaria de Atenção Primária à Saúde (Saps), e a Associação Hospitalar Moinhos de Vento (AHMV). O edital disponibiliza vagas que contemplam todos os residentes de MFC no país, que poderão receber bolsa-formação no valor de R$ 4 mil por até dois anos.A adesão começa nesta terça (27) e vai até 5 de setembro, emeditais, no curso de especialziação de preceptoria."
}