{
    "url": "https://www.gov.br/saude/pt-br/assuntos/noticias/2024/dezembro/atencao-gestores-chegou-a-hora-de-tirar-duvidas-sobre-o-pac",
    "titulo": "Atenção, gestores! Chegou a hora de tirar dúvidas sobre o PAC",
    "descricao": "Ministério da Saúde promoverá uma live para responder principais questionamentos dos gestores estaduais e municipais a fim de agilizar a construção de novas unidades de saúde em todo o país",
    "subtitulo": "NOVO PAC",
    "categoria": "Saúde e Vigilância Sanitária",
    "autora": "Vanessa RodriguesMinistério da Saúde",
    "tags": [
        "secretaria executiva",
        "novo pac saúde",
        "unidades de saúde"
    ],
    "data_publi": "16/12/2024",
    "texto": "Auxiliar os gestores na construção de novas unidades de saúde por meio doNovo Programa de Aceleração do Crescimento (Novo PAC). Esse é o propósito da segundalive,organizada pelo Ministério da Saúde esse ano. Na manhã desta terça-feira (17), gestores da pasta e doFundo Nacional de Saúde (FNS)estarão reunidos para responder os principais questionamentos dos estados e municípios, a fim de agilizar o processo para entregas de novas unidades de saúde em todo o país.“Entendemos as dificuldades que os gestores enfrentam nos processos de documentação, desenvolvimento e conclusão das propostas. Por isso, estaremos promovendo essalive, para ajudar nas estratégias que vão agilizar e tornar mais eficiente o processo de construção de novos equipamentos”, afirma a diretora de Programa daSecretaria Executiva (SE)do Ministério da Saúde, Amanda Rodrigues.\n\nAssista a live\n\nOs gestores também poderão enviar perguntas durante a transmissão, e elas serão respondidas ao longo dalive.\n\nPrazo próximo do fim\n\nVale lembrar que alivetrará orientações sobre os procedimentos necessários para o envio da documentação obrigatória, além dos prazos a serem cumpridos. “Vamos aproveitar e lembrar que o prazo para cadastro da documentação está se encerrando. Contamos com a presença de todos, pois é fundamental garantir que todos os requisitos sejam atendidos dentro do prazo”, alerta Amanda.\n\nServiço:\n\nData:Terça-feira (17)Horário:10 hTransmissão:https://www.youtube.com/live/pMO-a5ONj_AParticipantes:Diretora de Programa da Secretaria Executiva, Amanda Rodrigues;Diretor do FNS, Dárcio Guedes Junior;Assessor da Secretaria Executiva do Ministério da Saúde, Phillipe Silva;"
}