{
    "url": "https://www.gov.br/saude/pt-br/assuntos/noticias/2024/outubro/segunda-edicao-da-caravana-forma-sus-chega-esta-semana-ao-ceara",
    "titulo": "Segunda edição da Caravana Forma SUS chega esta semana ao Ceará",
    "descricao": "Objetivo é promover mobilizações em todo o território nacional para atender às demandas da formação dos futuros profissionais do SUS",
    "subtitulo": "EDUCAÇÃO NA SAÚDE",
    "categoria": "Saúde e Vigilância Sanitária",
    "autora": "Victor AlmeidaMinistério da Saúde",
    "tags": [
        "trabalho e educação na saúde",
        "caravana forma sus",
        "formação profissional",
        "mobilização"
    ],
    "data_publi": "29/10/2024",
    "texto": "Nesta quarta e quinta-feira (30 e 31), o Ministério da Saúde, por meio daSecretaria de Gestão do Trabalho e da Educação na Saúde (SGTES), realiza aCaravana Forma SUSem Fortaleza. A iniciativa irá percorrer todas as regiões do Brasil até março de 2025 e iniciou por Manaus, nos dias 17 e 18 de outubro. O objetivo é promover mobilizações em todo o território nacional para atender às demandas da formação dos futuros profissionais doSistema Único de Saúde (SUS). A ação também busca articular docentes, estudantes, residentes, trabalhadores e gestores do SUS, bem como movimentos sociais em torno da discussão sobre a formação profissional no âmbito da saúde.\n\nEntre as propostas da caravana está a ampliação das discussões acerca do processo formativo de estudantes de diversos cursos de graduação, a pactuação entre instituições de ensino e serviços de saúde, vivências no SUS por diferentes atores, a garantia da permanência estudantil para grupos mais vulneráveis, além do fortalecimento de atividades e programas que integram ensino, pesquisa e extensão com o mundo do trabalho e a sociedade.\n\nPara a secretária da SGTES, Isabela Pinto, a caravana estabelece um diálogo próximo entre a pasta e as entidades participantes sobre as ações desenvolvidas para a formação de profissionais de saúde, além de elencar desafios que são postos para essa qualificação. “Queremos identificar, junto com as pessoas participantes, todas as ações em que devemos trabalhar de forma conjunta e articulada, contribuindo para a permanência de estudantes nos territórios, fortalecendo o vínculo desses futuros profissionais com o SUS”, afirma.\n\nOs encontros proporcionados pela Caravana Forma SUS possibilitam discutir o conceito do SUS como escola; monitorar a execução dos projetosPrograma de Educação pelo Trabalho para a Saúde (PET Saúde– com o tema Equidade); promover o debate acerca das Diretrizes Curriculares Nacionais (DCNs) dos cursos de graduação da saúde; além de debater o Contrato Organizativo de Ação Pública de Ensino-Saúde (Coapes) como instrumento de pactuação e organização dos cenários de prática.\n\nSão sete paradas – em Manaus, Fortaleza, São Paulo, Belém, Recife, Florianópolis e Brasília –, que contemplam todas as regiões, com a previsão de participação de 60 pessoas por estado, que totalizará aproximadamente 1.8 mil envolvidos durante a realização da iniciativa. Cada edição ocorrerá em quatro turnos de trabalho, distribuídos em dois dias de atividades.\n\nServiço\n\nSegunda edição da Caravana Forma SUSData: 30 e 31 de outubro de 2024Local: Universidade Federal do Ceará (UFC)Horário: de 9h às 18h"
}