{
    "url": "https://www.gov.br/saude/pt-br/assuntos/noticias/2024/novembro/ministerio-da-saude-publica-diretrizes-para-elaboracao-dos-planos-estaduais-de-doacao-e-transplantes",
    "titulo": "Ministério da Saúde publica diretrizes para elaboração dos Planos Estaduais de Doação e Transplantes",
    "descricao": "Plano consiste no instrumento básico de planejamento para a implantação ou consolidação da estratégia de desenvolvimento do processo doação ou transplante",
    "subtitulo": "APRIMORAMENTO",
    "categoria": "Saúde e Vigilância Sanitária",
    "autora": "Ministério da Saúde",
    "tags": [
        "atenção especializada à saúde",
        "transplantes",
        "planos estaduais",
        "diretrizes"
    ],
    "data_publi": "22/11/2024",
    "texto": "O Ministério da Saúde publicouportariaque estabelece diretrizes para a elaboração dos Planos Estaduais de Doação e Transplantes (PEDT), reforçando a estruturação e a qualidade do sistema público de transplantes no Brasil.\n\nAs Centrais Estaduais de Transplantes (CET), integrantes do Sistema Nacional de Transplantes (SNT), têm como atribuição monitorar e coordenar as atividades de doação e transplantes em seus respectivos estados. Seguindo orientações de decreto, cada CET deve elaborar e aprovar o PEDT, alinhando-se aos critérios indicados pela Coordenação-Geral do Sistema Nacional do Ministério da Saúde.\n\nO Plano Estadual de Doação e Transplantes é uma ferramenta estratégica que permite o diagnóstico da realidade física, social, assistencial e de capital humano de cada unidade federativa, bem como a identificação das demandas relacionadas à doação e aos transplantes. Este instrumento cobre todas as dimensões do processo, incluindo as etapas de pré e pós-transplante, e visa atender às necessidades da população em consonância com os Planos Diretores de Saúde estaduais.\n\nCom foco na qualificação e no aprimoramento do processo de doação e transplantes, o plano estadual tem como objetivo principal ampliar a cobertura e a eficiência no atendimento, contribuindo para o fortalecimento do sistema público de transplantes no Brasil - reconhecido como o maior do mundo."
}