{
    "url": "https://www.gov.br/saude/pt-br/assuntos/noticias/2024/junho/saude-realiza-seminario-sobre-qualidade-da-agua-em-regioes-de-seca",
    "titulo": "Saúde realiza seminário sobre qualidade da água em regiões de seca",
    "descricao": "Evento ocorre no Pará até sexta-feira (21) e busca fortalecer a atuação da vigilância da qualidade da água para consumo humano e formular uma resposta mais efetiva em situações de estiagem e seca",
    "subtitulo": "POLÍTICAS PÚBLICAS",
    "categoria": "Saúde e Vigilância Sanitária",
    "autora": "Vanessa AlcântaraMinistério da Saúde",
    "tags": [
        "vigilância em saúde e ambiente",
        "qualidade da água",
        "seminário",
        "estiagem"
    ],
    "data_publi": "20/06/2024",
    "texto": "O Ministério da Saúde promove, até amanhã (21), o seminárioÁgua com qualidade para quem precisa: garantia de acesso à água com qualidade para consumo humano em situação de estiagem e seca. O evento é presencial em Belém (PA) e tem como objetivo coletar experiências exitosas para subsidiar políticas públicas que garantam o acesso à água segura para comunidades em situação de vulnerabilidade. Também visa propor soluções capazes de minimizar os impactos à saúde das populações das regiões Norte, Nordeste e Centro-Oeste, decorrentes da oferta de água com qualidade inadequada, especialmente durante eventos de seca e estiagem.\n\nParticipam do Seminário gestores, sociedade civil, academia, movimentos sociais e organizações de cooperação internacional. A ideia é promover a troca de experiências entre esses diversos atores, com o objetivo de construir políticas públicas de saúde mais eficientes a partir de discussões e aprendizados.\n\nDe acordo com a secretária deVigilância em Saúde e Ambiente (SVSA), Ethel Maciel, as secas e estiagens causam impactos na saúde da população. “Com a intensificação dos eventos extremos devido à crise climática, precisamos avançar na estruturação de respostas adequadas da vigilância da qualidade da água para consumo humano para garantir acesso de água com qualidade ”, ressalta.\n\nProgramação\n\nA programação inclui temas como mudanças climáticas, saúde, qualidade da água para consumo humano, inovações tecnológicas e políticas públicas. O evento incluiu várias sessões e discussões temáticas.\n\nQuinta-feira, 20 de junho de 2024\n\n8h30: Mesa 4: Oferta de água segura: experiências da sociedade civil e internacionais\n\n9h50:Debate\n\n10h30: Mesa 5: Garantia de água segura: experiências e programas do governo federal brasileiro\n\n11h50:Debate\n\n12h30: Almoço\n\n14h: Grupos de Trabalho – Parte 1\n\nModeração e relatoria: Programa Nacional de Vigilância da Qualidade da Água para Consumo Humano (Vigiagua)/Coordenação-Geral de Vigilância em Saúde Ambiental (CGVAM) e Fundo das Nações Unidas para a Infância (Unicef).\n\n17h: Chá das cinco – Água e Mudanças Climáticas\n\n18h: Debate e encerramento\n\nSexta-feira, 21 de junho de 2024\n\n8h30: Grupos de Trabalho – Parte 2 - Sistematização de Recomendações e Sugestões dos Grupos de Trabalho – Relatoria final – UNICEF\n\n10h30: Apresentação das recomendações sistematizadas nos seis grupos de trabalho e encaminhamentos futuros.\n\n12h:Encerramento"
}