{
    "url": "https://www.gov.br/saude/pt-br/assuntos/noticias/2024/agosto/plataforma-disponibiliza-novo-relatorio-de-pagamento-para-estados-e-municipios",
    "titulo": "Plataforma disponibiliza novo relatório de pagamento para estados e municípios",
    "descricao": "Adequada ao novo financiamento da atenção primária do SUS e com visualização facilitada, ferramenta conta com filtro por UF e maior detalhamento referente à validação e valores das estratégias financiadas",
    "subtitulo": "E-GESTOR APS",
    "categoria": "Saúde e Vigilância Sanitária",
    "autora": "Laísa QueirozMinistério da Saúde",
    "tags": [
        "atenção primária",
        "sistemas da aps",
        "inovação digital",
        "cofinanciamento federal"
    ],
    "data_publi": "20/08/2024",
    "texto": "Além do leiaute reformulado, o novo e-Gestor APS trouxe mais mudanças para a plataforma utilizada por estados e municípios para gerir a atenção primária doSistema Único de Saúde (SUS). Agora, está disponível o novo relatório de pagamento, com melhorias, como a possibilidade de aplicar filtros por unidade da Federação e o melhor detalhamento da validação de todas as estratégias cofinanciadas pelo Ministério da Saúde, anteriormente disponibilizadas de forma parcial.\n\n“Antes só era possível filtrar por município. Então, essa novidade é especialmente relevante para os estados e o Distrito Federal”, afirma o coordenador-geral de Inovação e Aceleração Digital da Atenção Primária, Rodrigo Gaete. O design da página passa a seguir o padrão do governo federal, permanecendo os mesmos campos, apenas com atualização de nomenclaturas conforme as normativas atuais. Também houve melhora no detalhamento dos ajustes e descontos aplicados em cada parcela e na apresentação das transferências por ação orçamentária, o que facilita o entendimento do somatório final dos valores efetivamente repassados aos estados e municípios.\n\nOutra mudança importante é a adequação dos relatórios, a partir da quinta parcela de 2024 (referente ao mês de maio), de acordo com o novo financiamento da atenção primária à saúde do SUS, instituído pelaPortaria GM/ MS nº 3.493, de 10 de abril de 2024. “A mudança busca garantir a transparência e facilitar a compreensão dos gestores aos valores repassados. O gestor ainda tem uma visão mais detalhada, com um totalizador dos valores de custeio e implantação para cada estratégia, distribuídos por parcela e unidade federativa”, explica o coordenador-geral.\n\nSobre a plataforma\n\nO e-Gestor APS é uma plataforma web que oferta o acesso aos sistemas da APS e apresenta informações das equipes, programas e serviços disponíveis para apoio aos gestores de saúde nos estados e municípios. A ferramenta está passando por reformulação, e uma das novidades é o novo design, além de adequação ao novo financiamento da atenção primária.\n\nAcesse o e-Gestor APS"
}