{
    "url": "https://www.gov.br/saude/pt-br/assuntos/noticias/2024/maio/ministerio-da-saude-inicia-atendimentos-no-4o-hospital-de-campanha-no-rs-neste-sabado-25",
    "titulo": "Ministério da Saúde inicia atendimentos no 4º hospital de campanha no RS neste sábado (25)",
    "descricao": "Serão seis médicos, três enfermeiros e técnicos de enfermagem prestando atendimento 24 horas por dia",
    "subtitulo": "RIO GRANDE DO SUL",
    "categoria": "Saúde e Vigilância Sanitária",
    "autora": "Otávio AugustoMinistério da Saúde",
    "tags": [
        "atenção especializada à saúde",
        "força nacional do sus",
        "hospital de campanha",
        "rio grande do sul"
    ],
    "data_publi": "25/05/2024",
    "texto": "O Ministério da Saúde iniciará os atendimentos no Hospital de Campanha (HCamp) de Novo Hamburgo, município distante 78 quilômetros de Porto Alegre, neste sábado (25), a partir de 19 horas. Integrantes daForça Nacional do Sistema Único de Saúde (SUS)receberão os pacientes. Essa é a quarta unidade operada pela pasta.\n\nSerão seis médicos, três enfermeiros e técnicos de enfermagem prestando atendimento 24 horas por dia. A nova unidade tem capacidade para realizar entre 150 e 200 atendimentos diários.\n\nAlém de Novo Hamburgo, outros três hospitais de campanha já foram instalados em Porto Alegre, Canoas e São Leopoldo.\n\nAtendimentos\n\nDesde o dia 5 de maio, aForça Nacional do (SUS)atendeu 5,8 mil pessoas no Rio Grande do Sul. O HCamp de Canoas lidera os atendimentos, com 2,8 mil pacientes tratados. A unidade de Porto Alegre acumula 970. Por fim, a estrutura de São Leopoldo realizou 221 procedimentos."
}